sampleRateHz,attenuationDb,M,tapCount,feasible,worstStopbandDb,rPeakPercent,settlingSampleSpan,settlingMs,taps
176400,0.03,14,29,1,-94.9991,1.17188,28,0.15873,"0.00110567;0.00153183;-0.00611935;-0.0042222;0.00611935;0.00611935;0.00611935;-0.00609055;-0.00608321;-0.00611935;-0.00611935;-0.00611935;-0.00611935;0.264905;0.522185;0.264905;-0.00611935;-0.00611935;-0.00611935;-0.00611935;-0.00608321;-0.00609055;0.00611935;0.00611935;0.00611935;-0.0042222;-0.00611935;0.00153183;0.00110567"
176400,0.04,14,29,1,-94.9957,1.17188,26,0.147392,"-9.82967e-05;0.00239293;-0.00451595;-0.00550494;0.00611064;0.00611064;0.00611064;-0.00574284;-0.00611064;-0.00611064;-0.00611064;-0.00611064;-0.00611064;0.26497;0.521441;0.26497;-0.00611064;-0.00611064;-0.00611064;-0.00611064;-0.00611064;-0.00574284;0.00611064;0.00611064;0.00611064;-0.00550494;-0.00451595;0.00239293;-9.82967e-05"
176400,0.06,14,29,1,-94.9944,10.9677,4,0.0226757,"0.000405249;-0.000616766;0.000616766;-0.000616766;0.000616766;-0.000616766;0.000616766;-0.000616766;0.000616766;-9.83504e-05;0.000616766;0.000616766;-0.0692688;0.251944;0.631568;0.251944;-0.0692688;0.000616766;0.000616766;-9.83504e-05;0.000616766;-0.000616766;0.000616766;-0.000616766;0.000616766;-0.000616766;0.000616766;-0.000616766;0.000405249"
176400,0.07,14,29,0,0,1e+300,0,0,"0;0;0;0;0;0;0;0;0;0;0;0;0;0;0;0;0;0;0;0;0;0;0;0;0;0;0;0;0"
176400,0.08,9,19,1,-94.9992,1.46484,18,0.102041,"0.00224168;0.00648079;-0.00118803;-0.00378956;-0.00769619;-0.00769619;-0.00769619;-0.00769619;0.264343;0.525393;0.264343;-0.00769619;-0.00769619;-0.00769619;-0.00769619;-0.00378956;-0.00118803;0.00648079;0.00224168"
176400,0.09,9,19,1,-94.999,1.36719,18,0.102041,"0.00309463;0.00699733;-0.00261044;-0.00454496;-0.00716034;-0.00716034;-0.00716034;-0.00716034;0.263841;0.523728;0.263841;-0.00716034;-0.00716034;-0.00716034;-0.00716034;-0.00454496;-0.00261044;0.00699733;0.00309463"
176400,0.11,9,19,1,-94.9963,1.36719,18,0.102041,"0.00613635;0.00565082;-0.00709948;-0.00108548;-0.00709948;-0.00709948;-0.00709948;-0.00709948;0.265158;0.519276;0.265158;-0.00709948;-0.00709948;-0.00709948;-0.00709948;-0.00108548;-0.00709948;0.00565082;0.00613635"
176400,0.12,9,19,1,-94.9974,1.26953,18,0.102041,"0.00582239;0.0065903;-0.0065903;-0.00297064;-0.0065903;-0.0065903;-0.0065903;-0.0065903;0.263953;0.519113;0.263953;-0.0065903;-0.0065903;-0.0065903;-0.0065903;-0.00297064;-0.0065903;0.0065903;0.00582239"
176400,0.13,11,23,1,-94.9992,1.17188,20,0.113379,"-5.20093e-05;0.000976134;0.00310809;0.00612343;-0.00314859;-0.00612343;-0.00612343;-0.00612343;-0.00612343;-0.00612343;0.262344;0.522533;0.262344;-0.00612343;-0.00612343;-0.00612343;-0.00612343;-0.00612343;-0.00314859;0.00612343;0.00310809;0.000976134;-5.20093e-05"
176400,0.14,11,23,1,-94.9999,9.96497,22,0.124717,"0.00144851;0.0017774;-0.0017774;0.0017774;-0.0017774;0.0017774;-0.0017774;0.0017774;-0.0017774;-0.0604559;0.255665;0.606684;0.255665;-0.0604559;-0.0017774;0.0017774;-0.0017774;0.0017774;-0.0017774;0.0017774;-0.0017774;0.0017774;0.00144851"
176400,0.16,11,23,1,-94.9954,1.07422,22,0.124717,"-0.000714835;0.000425291;0.00402408;0.0056028;-0.00487431;-0.0056028;-0.0056028;-0.0056028;-0.0056028;-0.0056028;0.262766;0.52157;0.262766;-0.0056028;-0.0056028;-0.0056028;-0.0056028;-0.0056028;-0.00487431;0.0056028;0.00402408;0.000425291;-0.000714835"
176400,0.17,11,23,1,-94.9982,1.07422,20,0.113379,"0.0002987;0.000993557;0.00324249;0.00559004;-0.00474902;-0.00559004;-0.00559004;-0.00559004;-0.00559004;-0.00559004;0.262383;0.520382;0.262383;-0.00559004;-0.00559004;-0.00559004;-0.00559004;-0.00559004;-0.00474902;0.00559004;0.00324249;0.000993557;0.0002987"
176400,0.18,15,31,1,-94.9972,7.51432,8,0.0453515,"-0.000549508;-0.000549508;-0.000549508;0.000132128;0.000549508;0.000549508;0.000549508;0.000549508;0.000549508;0.000549508;0.000549508;0.00970814;-0.0241488;-0.0422828;0.273045;0.562696;0.273045;-0.0422828;-0.0241488;0.00970814;0.000549508;0.000549508;0.000549508;0.000549508;0.000549508;0.000549508;0.000549508;0.000132128;-0.000549508;-0.000549508;-0.000549508"
176400,0.19,15,31,1,-94.9973,0.78125,28,0.15873,"-3.48809e-05;-0.00374982;-0.00403201;0.00403201;0.00403201;0.00403201;0.00330478;-0.000262061;-0.00403201;-0.00403201;-0.00403201;-0.00403201;-0.00403201;-0.00403201;0.258822;0.516097;0.258822;-0.00403201;-0.00403201;-0.00403201;-0.00403201;-0.00403201;-0.00403201;-0.000262061;0.00330478;0.00403201;0.00403201;0.00403201;-0.00403201;-0.00374982;-3.48809e-05"
176400,0.21,15,31,1,-94.9992,0.78125,30,0.170068,"0.0011204;-0.00402496;-0.00402496;0.00402496;0.00146897;0.00402496;0.00402496;0.000447825;-0.00402496;-0.00402496;-0.00402496;-0.00402496;-0.00402496;-0.00402496;0.25949;0.515195;0.25949;-0.00402496;-0.00402496;-0.00402496;-0.00402496;-0.00402496;-0.00402496;0.000447825;0.00402496;0.00402496;0.00146897;0.00402496;-0.00402496;-0.00402496;0.0011204"
176400,0.22,15,31,1,-94.9956,0.78125,30,0.170068,"0.00159657;-0.00402639;-0.00402639;0.00402639;0.000633439;0.00402639;0.00402639;0.000359443;-0.00402639;-0.00402639;-0.00402639;-0.00402639;-0.00402639;-0.00402639;0.259854;0.515378;0.259854;-0.00402639;-0.00402639;-0.00402639;-0.00402639;-0.00402639;-0.00402639;0.000359443;0.00402639;0.00402639;0.000633439;0.00402639;-0.00402639;-0.00402639;0.00159657"
176400,0.23,20,41,1,-95,0.585938,38,0.21542,"3.64158e-05;0.00302237;0.00132241;-0.00115011;-0.000201391;-0.00302237;-0.00302237;-0.00302237;0.00302237;0.00302237;0.00302237;0.00302237;-0.00302237;-0.00302237;-0.00302237;-0.00302237;-0.00302237;-0.00302237;-0.00302237;0.257196;0.515818;0.257196;-0.00302237;-0.00302237;-0.00302237;-0.00302237;-0.00302237;-0.00302237;-0.00302237;0.00302237;0.00302237;0.00302237;0.00302237;-0.00302237;-0.00302237;-0.00302237;-0.000201391;-0.00115011;0.00132241;0.00302237;3.64158e-05"
176400,0.24,20,41,0,0,1e+300,0,0,"0;0;0;0;0;0;0;0;0;0;0;0;0;0;0;0;0;0;0;0;0;0;0;0;0;0;0;0;0;0;0;0;0;0;0;0;0;0;0;0;0"
176400,0.26,20,41,0,0,1e+300,0,0,"0;0;0;0;0;0;0;0;0;0;0;0;0;0;0;0;0;0;0;0;0;0;0;0;0;0;0;0;0;0;0;0;0;0;0;0;0;0;0;0;0"
176400,0.27,20,41,1,-94.9974,0.585938,40,0.226757,"0.00302215;0.00302215;-0.00302215;-0.00112828;0.00118098;-0.00258968;-0.00302215;-0.00302215;0.00302215;0.00302215;0.00302215;0.00302215;-0.00302215;-0.00302215;-0.00302215;-0.00302215;-0.00302215;-0.00302215;-0.00302215;0.256736;0.51578;0.256736;-0.00302215;-0.00302215;-0.00302215;-0.00302215;-0.00302215;-0.00302215;-0.00302215;0.00302215;0.00302215;0.00302215;0.00302215;-0.00302215;-0.00302215;-0.00258968;0.00118098;-0.00112828;-0.00302215;0.00302215;0.00302215"
176400,0.28,15,31,1,-94.9975,0.683594,28,0.15873,"-1.98428e-05;-0.00350672;-0.00350672;0.00350672;0.00278843;0.00350672;0.00350672;0.000526122;-0.00350672;-0.00350672;-0.00350672;-0.00350672;-0.00350672;-0.00350672;0.257747;0.512984;0.257747;-0.00350672;-0.00350672;-0.00350672;-0.00350672;-0.00350672;-0.00350672;0.000526122;0.00350672;0.00350672;0.00278843;0.00350672;-0.00350672;-0.00350672;-1.98428e-05"
176400,0.29,15,31,1,-94.9953,0.683594,28,0.15873,"-0.000134127;-0.00349221;-0.00349221;0.00341488;0.00349221;0.00349221;0.00349221;0.00163557;-0.00349221;-0.00349221;-0.00349221;-0.00349221;-0.00349221;-0.00349221;0.257115;0.51086;0.257115;-0.00349221;-0.00349221;-0.00349221;-0.00349221;-0.00349221;-0.00349221;0.00163557;0.00349221;0.00349221;0.00349221;0.00341488;-0.00349221;-0.00349221;-0.000134127"
176400,0.31,15,31,0,0,1e+300,0,0,"0;0;0;0;0;0;0;0;0;0;0;0;0;0;0;0;0;0;0;0;0;0;0;0;0;0;0;0;0;0;0"
176400,0.32,15,31,0,0,1e+300,0,0,"0;0;0;0;0;0;0;0;0;0;0;0;0;0;0;0;0;0;0;0;0;0;0;0;0;0;0;0;0;0;0"
176400,0.33,21,43,0,0,1e+300,0,0,"0;0;0;0;0;0;0;0;0;0;0;0;0;0;0;0;0;0;0;0;0;0;0;0;0;0;0;0;0;0;0;0;0;0;0;0;0;0;0;0;0;0;0"
176400,0.34,21,43,0,0,1e+300,0,0,"0;0;0;0;0;0;0;0;0;0;0;0;0;0;0;0;0;0;0;0;0;0;0;0;0;0;0;0;0;0;0;0;0;0;0;0;0;0;0;0;0;0;0"
176400,0.36,21,43,0,0,1e+300,0,0,"0;0;0;0;0;0;0;0;0;0;0;0;0;0;0;0;0;0;0;0;0;0;0;0;0;0;0;0;0;0;0;0;0;0;0;0;0;0;0;0;0;0;0"
176400,0.37,21,43,0,0,1e+300,0,0,"0;0;0;0;0;0;0;0;0;0;0;0;0;0;0;0;0;0;0;0;0;0;0;0;0;0;0;0;0;0;0;0;0;0;0;0;0;0;0;0;0;0;0"
176400,0.38,13,27,1,-94.9926,0.683594,24,0.136054,"-0.000254992;-0.00156876;-0.00179988;0.00351886;0.00351886;0.00123132;-0.00351886;-0.00351886;-0.00351886;-0.00351886;-0.00351886;-0.00351886;0.259088;0.514759;0.259088;-0.00351886;-0.00351886;-0.00351886;-0.00351886;-0.00351886;-0.00351886;0.00123132;0.00351886;0.00351886;-0.00179988;-0.00156876;-0.000254992"
176400,0.39,13,27,1,-94.9925,0.683594,24,0.136054,"0.000278042;-0.00120454;-0.00254399;0.00352527;0.00352527;0.000411135;-0.00352527;-0.00352527;-0.00352527;-0.00352527;-0.00352527;-0.00352527;0.259312;0.515697;0.259312;-0.00352527;-0.00352527;-0.00352527;-0.00352527;-0.00352527;-0.00352527;0.000411135;0.00352527;0.00352527;-0.00254399;-0.00120454;0.000278042"
176400,0.41,13,27,1,-94.9953,0.585938,26,0.147392,"-0.00280684;-0.0021819;0.0017484;0.00299035;0.00299035;0.00299035;-0.00299035;-0.00299035;-0.00299035;-0.00299035;-0.00299035;-0.00299035;0.257035;0.510353;0.257035;-0.00299035;-0.00299035;-0.00299035;-0.00299035;-0.00299035;-0.00299035;0.00299035;0.00299035;0.00299035;0.0017484;-0.0021819;-0.00280684"
176400,0.42,13,27,1,-94.9956,0.585938,26,0.147392,"-0.00232076;-0.00218526;0.00107377;0.00299039;0.00299039;0.00299039;-0.00299039;-0.00299039;-0.00299039;-0.00299039;-0.00299039;-0.00299039;0.257223;0.51036;0.257223;-0.00299039;-0.00299039;-0.00299039;-0.00299039;-0.00299039;-0.00299039;0.00299039;0.00299039;0.00299039;0.00107377;-0.00218526;-0.00232076"
176400,0.43,13,27,1,-95,6.63528,4,0.0226757,"-0.000345883;0.000556722;-0.000556722;0.000556722;-0.000556722;0.000556722;-0.000556722;0.000556722;-0.000556722;0.000556722;-0.000556722;-0.0378266;0.253131;0.570083;0.253131;-0.0378266;-0.000556722;0.000556722;-0.000556722;0.000556722;-0.000556722;0.000556722;-0.000556722;0.000556722;-0.000556722;0.000556722;-0.000345883"
176400,0.44,13,27,1,-94.9982,28.6666,8,0.0453515,"0.000779792;-0.000779792;0.000779792;0.000779792;0.000779792;0.000779792;0.000779792;0.000779792;0.000779792;0.0780957;-0.0263868;-0.228905;0.272484;0.798507;0.272484;-0.228905;-0.0263868;0.0780957;0.000779792;0.000779792;0.000779792;0.000779792;0.000779792;0.000779792;0.000779792;-0.000779792;0.000779792"
176400,0.46,13,27,1,-94.9912,0.585938,24,0.136054,"-0.000217809;-0.000612855;-0.00186356;0.00301394;0.00301394;-0.000544547;-0.00301394;-0.00301394;-0.00301394;-0.00301394;-0.00301394;-0.00301394;0.258105;0.514379;0.258105;-0.00301394;-0.00301394;-0.00301394;-0.00301394;-0.00301394;-0.00301394;-0.000544547;0.00301394;0.00301394;-0.00186356;-0.000612855;-0.000217809"
176400,0.47,13,27,1,-94.9954,6.43775,4,0.0226757,"-0.000408737;0.000554238;-0.000554239;0.000554238;-0.000554238;0.000554238;-0.000554238;0.000554238;-0.000554238;0.000554238;0.000554238;-0.0365368;0.252067;0.56754;0.252067;-0.0365368;0.000554238;0.000554238;-0.000554238;0.000554238;-0.000554238;0.000554238;-0.000554238;0.000554238;-0.000554239;0.000554238;-0.000408737"
176400,0.48,13,27,1,-95.0006,0.585938,26,0.147392,"-0.000884638;-0.00224702;0.00299112;0.00299112;-0.00276897;0.00299112;-0.00299112;-0.00299112;-0.00299112;-0.00299112;-0.00299112;-0.00299112;0.259631;0.510485;0.259631;-0.00299112;-0.00299112;-0.00299112;-0.00299112;-0.00299112;-0.00299112;0.00299112;-0.00276897;0.00299112;0.00299112;-0.00224702;-0.000884638"
176400,0.49,13,27,1,-94.9936,100,12,0.0680272,"0.00027552;-0.00027552;0.00027552;-0.00027552;0.00027552;-0.00027552;0.00027552;0.109765;-0.0448822;-0.282132;0.145694;0.282132;0.148081;0.282132;0.148081;0.282132;0.145694;-0.282132;-0.0448822;0.109765;0.00027552;-0.00027552;0.00027552;-0.00027552;0.00027552;-0.00027552;0.00027552"
176400,0.51,13,27,1,-94.9997,0.488281,26,0.147392,"-0.0016262;0.000415449;0.000105402;0.00251092;0.00251092;-0.00251092;-0.00251092;-0.00251092;-0.00251092;-0.00251092;-0.00251092;-0.00251092;0.256542;0.514237;0.256542;-0.00251092;-0.00251092;-0.00251092;-0.00251092;-0.00251092;-0.00251092;-0.00251092;0.00251092;0.00251092;0.000105402;0.000415449;-0.0016262"
176400,0.52,13,27,1,-94.9928,100,26,0.147392,"0.0493145;-0.0345681;-0.0252708;0.157156;-0.178803;-0.173432;0.178803;0.178803;0.178803;-0.357606;-0.310448;0.300839;0.357606;0.357606;0.357606;0.300839;-0.310448;-0.357606;0.178803;0.178803;0.178803;-0.173432;-0.178803;0.157156;-0.0252708;-0.0345681;0.0493145"
192000,0.03,17,35,0,0,1e+300,0,0,"0;0;0;0;0;0;0;0;0;0;0;0;0;0;0;0;0;0;0;0;0;0;0;0;0;0;0;0;0;0;0;0;0;0;0"
192000,0.04,17,35,0,0,1e+300,0,0,"0;0;0;0;0;0;0;0;0;0;0;0;0;0;0;0;0;0;0;0;0;0;0;0;0;0;0;0;0;0;0;0;0;0;0"
192000,0.06,17,35,1,-94.999,0.78125,34,0.177083,"0.00406824;0.00214093;-0.00406824;-0.00406824;-0.00406824;0.00376038;0.00406824;0.00406824;0.00287381;-0.00406824;-0.00406824;-0.00406824;-0.00406824;-0.00406824;-0.00406824;-0.00406824;0.259335;0.520734;0.259335;-0.00406824;-0.00406824;-0.00406824;-0.00406824;-0.00406824;-0.00406824;-0.00406824;0.00287381;0.00406824;0.00406824;0.00376038;-0.00406824;-0.00406824;-0.00406824;0.00214093;0.00406824"
192000,0.07,17,35,0,0,1e+300,0,0,"0;0;0;0;0;0;0;0;0;0;0;0;0;0;0;0;0;0;0;0;0;0;0;0;0;0;0;0;0;0;0;0;0;0;0"
192000,0.08,13,27,1,-94.9931,0.78125,26,0.135417,"-0.00365495;0.00033043;0.00290622;0.00408063;0.00408063;-0.00332504;-0.00408063;-0.00408063;-0.00408063;-0.00408063;-0.00408063;-0.00408063;0.258906;0.522321;0.258906;-0.00408063;-0.00408063;-0.00408063;-0.00408063;-0.00408063;-0.00408063;-0.00332504;0.00408063;0.00408063;0.00290622;0.00033043;-0.00365495"
192000,0.09,13,27,1,-94.9945,0.78125,26,0.135417,"-0.0031479;0.000286164;0.00220102;0.00407983;0.00407983;-0.0032309;-0.00407983;-0.00407983;-0.00407983;-0.00407983;-0.00407983;-0.00407983;0.259102;0.522218;0.259102;-0.00407983;-0.00407983;-0.00407983;-0.00407983;-0.00407983;-0.00407983;-0.0032309;0.00407983;0.00407983;0.00220102;0.000286164;-0.0031479"
192000,0.11,13,27,1,-94.9999,10.0544,26,0.135417,"0.00119538;0.000733528;-0.00119538;0.00119538;-0.00119538;0.00119538;-0.00119538;0.00119538;-0.00119538;0.00119538;-0.00119538;-0.0615361;0.254786;0.612033;0.254786;-0.0615361;-0.00119538;0.00119538;-0.00119538;0.00119538;-0.00119538;0.00119538;-0.00119538;0.00119538;-0.00119538;0.000733528;0.00119538"
192000,0.12,13,27,1,-94.991,0.78125,26,0.135417,"-0.00179185;5.79672e-05;0.000316625;0.0040755;0.0040755;-0.00273452;-0.0040755;-0.0040755;-0.0040755;-0.0040755;-0.0040755;-0.0040755;0.259622;0.521664;0.259622;-0.0040755;-0.0040755;-0.0040755;-0.0040755;-0.0040755;-0.0040755;-0.00273452;0.0040755;0.0040755;0.000316625;5.79672e-05;-0.00179185"
192000,0.13,13,27,1,-94.9949,0.78125,26,0.135417,"-0.00138741;-4.56321e-05;-0.000244751;0.00407351;0.00407351;-0.00250753;-0.00407351;-0.00407351;-0.00407351;-0.00407351;-0.00407351;-0.00407351;0.259775;0.521409;0.259775;-0.00407351;-0.00407351;-0.00407351;-0.00407351;-0.00407351;-0.00407351;-0.00250753;0.00407351;0.00407351;-0.000244751;-4.56321e-05;-0.00138741"
192000,0.14,13,27,1,-94.9981,9.7049,26,0.135417,"0.00118522;0.000740575;-0.00118522;0.00118522;-0.00118522;0.00118522;-0.00118522;0.00118522;-0.00118522;0.00118522;-0.00118522;-0.0588923;0.254736;0.606831;0.254736;-0.0588923;-0.00118522;0.00118522;-0.00118522;0.00118522;-0.00118522;0.00118522;-0.00118522;0.00118522;-0.00118522;0.000740575;0.00118522"
192000,0.16,13,27,1,-94.9943,0.683594,26,0.135417,"-0.00336392;0.000593136;0.00249927;0.00355576;0.00355576;-0.00355576;-0.00355576;-0.00355576;-0.00355576;-0.00355576;-0.00355576;-0.00355576;0.257972;0.520157;0.257972;-0.00355576;-0.00355576;-0.00355576;-0.00355576;-0.00355576;-0.00355576;-0.00355576;0.00355576;0.00355576;0.00249927;0.000593136;-0.00336392"
192000,0.17,13,27,1,-94.9953,0.683594,26,0.135417,"-0.00277995;0.000574961;0.00170547;0.00355602;0.00355602;-0.00355602;-0.00355602;-0.00355602;-0.00355602;-0.00355602;-0.00355602;-0.00355602;0.258182;0.520195;0.258182;-0.00355602;-0.00355602;-0.00355602;-0.00355602;-0.00355602;-0.00355602;-0.00355602;0.00355602;0.00355602;0.00170547;0.000574961;-0.00277995"
192000,0.18,15,31,1,-94.9961,0.585938,30,0.15625,"-0.00237007;-0.00184788;-0.000578033;0.0030222;0.0030222;0.0030222;0.0030222;-0.0030222;-0.0030222;-0.0030222;-0.0030222;-0.0030222;-0.0030222;-0.0030222;0.255968;0.515789;0.255968;-0.0030222;-0.0030222;-0.0030222;-0.0030222;-0.0030222;-0.0030222;-0.0030222;0.0030222;0.0030222;0.0030222;0.0030222;-0.000578033;-0.00184788;-0.00237007"
192000,0.19,15,31,1,-94.9965,0.585938,30,0.15625,"-0.00302248;-0.00187397;0.00223944;0.00302248;0.00302248;0.00302248;-0.000995352;-0.00302248;-0.00302248;-0.00302248;-0.00302248;-0.00302248;-0.00302248;-0.00302248;0.257824;0.515836;0.257824;-0.00302248;-0.00302248;-0.00302248;-0.00302248;-0.00302248;-0.00302248;-0.00302248;-0.000995352;0.00302248;0.00302248;0.00302248;0.00223944;-0.00187397;-0.00302248"
192000,0.21,15,31,1,-95,0.585938,30,0.15625,"-0.00300882;-0.00245898;0.00300882;0.00300882;0.00300882;0.00300882;-0.00256564;-0.00128884;-0.00300882;-0.00300882;-0.00300882;-0.00300882;-0.00300882;-0.00300882;0.258587;0.513505;0.258587;-0.00300882;-0.00300882;-0.00300882;-0.00300882;-0.00300882;-0.00300882;-0.00128884;-0.00256564;0.00300882;0.00300882;0.00300882;0.00300882;-0.00245898;-0.00300882"
192000,0.22,15,31,1,-94.9958,0.585938,28,0.145833,"0.000269897;-0.00186196;-0.0030224;0.0030224;0.0030224;0.0030224;0.000819654;-0.0030224;-0.0030224;-0.0030224;-0.0030224;-0.0030224;-0.0030224;-0.0030224;0.257973;0.515822;0.257973;-0.0030224;-0.0030224;-0.0030224;-0.0030224;-0.0030224;-0.0030224;-0.0030224;0.000819654;0.0030224;0.0030224;0.0030224;-0.0030224;-0.00186196;0.000269897"
192000,0.23,13,27,1,-94.9934,0.683594,22,0.114583,"-0.000237899;5.45771e-05;-0.00184276;0.0035469;0.0035469;-0.0023864;-0.0035469;-0.0035469;-0.0035469;-0.0035469;-0.0035469;-0.0035469;0.25917;0.51886;0.25917;-0.0035469;-0.0035469;-0.0035469;-0.0035469;-0.0035469;-0.0035469;-0.0023864;0.0035469;0.0035469;-0.00184276;5.45771e-05;-0.000237899"
192000,0.24,13,27,1,-94.9959,0.683594,22,0.114583,"5.31496e-05;-0.000111699;-0.00224277;0.00354401;0.00354401;-0.00201475;-0.00354401;-0.00354401;-0.00354401;-0.00354401;-0.00354401;-0.00354401;0.259273;0.518438;0.259273;-0.00354401;-0.00354401;-0.00354401;-0.00354401;-0.00354401;-0.00354401;-0.00201475;0.00354401;0.00354401;-0.00224277;-0.000111699;5.31496e-05"
192000,0.26,13,27,1,-94.9941,0.585938,26,0.135417,"-0.0030425;0.00290857;0.0030425;-0.000361001;0.00157991;-0.0030425;-0.0030425;-0.0030425;-0.0030425;-0.0030425;-0.0030425;-0.0030425;0.257543;0.519254;0.257543;-0.0030425;-0.0030425;-0.0030425;-0.0030425;-0.0030425;-0.0030425;-0.0030425;0.00157991;-0.000361001;0.0030425;0.00290857;-0.0030425"
192000,0.27,13,27,1,-94.9948,0.585938,26,0.135417,"-0.00193352;0.000511109;0.000509963;0.00303028;0.00303028;-0.00303028;-0.00303028;-0.00303028;-0.00303028;-0.00303028;-0.00303028;-0.00303028;0.25748;0.517168;0.25748;-0.00303028;-0.00303028;-0.00303028;-0.00303028;-0.00303028;-0.00303028;-0.00303028;0.00303028;0.00303028;0.000509963;0.000511109;-0.00193352"
192000,0.28,13,27,1,-94.9983,0.585938,26,0.135417,"-0.000737812;0.0013916;0.00301949;0.00301949;-0.00140005;-0.00301949;-0.00301949;-0.00301949;-0.00301949;-0.00301949;-0.00301949;-0.00301949;0.258181;0.515326;0.258181;-0.00301949;-0.00301949;-0.00301949;-0.00301949;-0.00301949;-0.00301949;-0.00301949;-0.00140005;0.00301949;0.00301949;0.0013916;-0.000737812"
192000,0.29,13,27,1,-94.9976,0.585938,24,0.125,"-0.000318082;0.00181736;0.00301442;0.00301442;-0.00160102;-0.00301442;-0.00301442;-0.00301442;-0.00301442;-0.00301442;-0.00301442;-0.00301442;0.257943;0.514461;0.257943;-0.00301442;-0.00301442;-0.00301442;-0.00301442;-0.00301442;-0.00301442;-0.00301442;-0.00160102;0.00301442;0.00301442;0.00181736;-0.000318082"
192000,0.31,13,27,1,-94.9971,0.585938,24,0.125,"-6.18827e-05;0.00300005;0.00300005;0.00300005;-2.9752e-05;-0.00300005;-0.00300005;-0.00300005;-0.00300005;-0.00300005;-0.00300005;-0.00300005;0.256087;0.512009;0.256087;-0.00300005;-0.00300005;-0.00300005;-0.00300005;-0.00300005;-0.00300005;-0.00300005;-2.9752e-05;0.00300005;0.00300005;0.00300005;-6.18827e-05"
192000,0.32,13,27,1,-94.9998,0.585938,26,0.135417,"0.00094671;0.00299995;0.00299995;0.00299995;-0.00197535;-0.00299995;-0.00299995;-0.00299995;-0.00299995;-0.00299995;-0.00299995;-0.00299995;0.257033;0.511991;0.257033;-0.00299995;-0.00299995;-0.00299995;-0.00299995;-0.00299995;-0.00299995;-0.00299995;-0.00197535;0.00299995;0.00299995;0.00299995;0.00094671"
192000,0.33,13,27,1,-95,0.585938,26,0.135417,"0.0014539;0.00278515;0.00160545;0.00300256;-0.0013212;-0.00300256;-0.00300256;-0.00300256;-0.00300256;-0.00300256;-0.00300256;-0.00300256;0.257274;0.512436;0.257274;-0.00300256;-0.00300256;-0.00300256;-0.00300256;-0.00300256;-0.00300256;-0.00300256;-0.0013212;0.00300256;0.00160545;0.00278515;0.0014539"
192000,0.34,13,27,1,-94.9952,0.488281,26,0.135417,"-0.00222805;0.000433028;0.00251078;0.00251078;0.000138523;-0.00251078;-0.00251078;-0.00251078;-0.00251078;-0.00251078;-0.00251078;-0.00251078;0.257107;0.514208;0.257107;-0.00251078;-0.00251078;-0.00251078;-0.00251078;-0.00251078;-0.00251078;-0.00251078;0.000138523;0.00251078;0.00251078;0.000433028;-0.00222805"
192000,0.36,13,27,1,-94.9979,0.488281,26,0.135417,"-0.000596182;0.000660179;0.0023804;0.00250849;-0.00250849;-0.00250849;-0.00250849;-0.00250849;-0.00250849;-0.00250849;-0.00250849;-0.00250849;0.258245;0.513739;0.258245;-0.00250849;-0.00250849;-0.00250849;-0.00250849;-0.00250849;-0.00250849;-0.00250849;-0.00250849;0.00250849;0.0023804;0.000660179;-0.000596182"
192000,0.37,13,27,1,-94.9981,0.488281,24,0.125,"-0.000110344;0.000835974;0.00191911;0.00250673;-0.00250673;-0.00250673;-0.00250673;-0.00250673;-0.00250673;-0.00250673;-0.00250673;-0.00250673;0.258214;0.513377;0.258214;-0.00250673;-0.00250673;-0.00250673;-0.00250673;-0.00250673;-0.00250673;-0.00250673;-0.00250673;0.00250673;0.00191911;0.000835974;-0.000110344"
192000,0.38,10,21,1,-94.9985,0.585938,20,0.104167,"0.00297801;0.00292559;0.0018285;-0.00297801;-0.00297801;-0.00297801;-0.00297801;-0.00297801;-0.00297801;0.256013;0.508246;0.256013;-0.00297801;-0.00297801;-0.00297801;-0.00297801;-0.00297801;-0.00297801;0.0018285;0.00292559;0.00297801"
192000,0.39,10,21,1,-94.997,0.488281,20,0.104167,"0.00250511;-0.000564036;-0.00150859;-0.00250511;-0.00250511;-0.00250511;-0.00250511;-0.00250511;-0.00250511;0.258075;0.513047;0.258075;-0.00250511;-0.00250511;-0.00250511;-0.00250511;-0.00250511;-0.00250511;-0.00150859;-0.000564036;0.00250511"
192000,0.41,10,21,1,-94.9971,0.488281,20,0.104167,"0.0024949;0.000245773;-0.000483274;-0.0024949;-0.0024949;-0.0024949;-0.0024949;-0.0024949;-0.0024949;0.257234;0.510955;0.257234;-0.0024949;-0.0024949;-0.0024949;-0.0024949;-0.0024949;-0.0024949;-0.000483274;0.000245773;0.0024949"
192000,0.42,10,21,1,-95,0.488281,20,0.104167,"0.00248988;0.000743068;1.13438e-05;-0.00248988;-0.00248988;-0.00248988;-0.00248988;-0.00248988;-0.00248988;0.256731;0.509928;0.256731;-0.00248988;-0.00248988;-0.00248988;-0.00248988;-0.00248988;-0.00248988;1.13438e-05;0.000743068;0.00248988"
192000,0.43,15,31,1,-94.9963,50,30,0.15625,"0.0987545;-0.0551773;-0.152264;0.152264;-0.0899777;0.0353876;0.152264;-0.152264;0.135941;-0.152264;-0.152264;0.11753;0.105278;0.152264;0.152264;0.304528;0.152264;0.152264;0.105278;0.11753;-0.152264;-0.152264;0.135941;-0.152264;0.152264;0.0353876;-0.0899777;0.152264;-0.152264;-0.0551773;0.0987545"
192000,0.44,15,31,1,-94.9951,23.1659,28,0.145833,"6.81374e-05;-0.000935179;0.000935179;-0.000935179;0.000935179;0.000935179;0.000935179;-0.000935179;0.000935179;-0.000687532;0.000935179;-0.000935179;-0.0739475;0.0938847;0.319208;0.319208;0.319208;0.0938847;-0.0739475;-0.000935179;0.000935179;-0.000687532;0.000935179;-0.000935179;0.000935179;0.000935179;0.000935179;-0.000935179;0.000935179;-0.000935179;6.81374e-05"
192000,0.46,15,31,1,-94.9993,0.390625,30,0.15625,"-0.00104522;-0.00198252;0.00198252;0.00198252;-0.00198252;0.00198252;0.000614379;0.00019777;-0.00198252;-0.00198252;-0.00198252;-0.00198252;-0.00198252;-0.00198252;0.256383;0.507526;0.256383;-0.00198252;-0.00198252;-0.00198252;-0.00198252;-0.00198252;-0.00198252;0.00019777;0.000614379;0.00198252;-0.00198252;0.00198252;0.00198252;-0.00198252;-0.00104522"
192000,0.47,15,31,1,-94.998,5.87489,6,0.03125,"0.000452239;-0.00045224;0.00045224;0.000452239;-0.000452239;0.000452239;-0.000366293;-0.000452239;-0.000452239;0.000452239;-0.000452239;-0.000452239;-0.0272062;0.0184492;0.278029;0.463093;0.278029;0.0184492;-0.0272062;-0.000452239;-0.000452239;0.000452239;-0.000452239;-0.000452239;-0.000366293;0.000452239;-0.000452239;0.000452239;0.00045224;-0.00045224;0.000452239"
192000,0.48,11,23,1,-94.9982,0.390625,22,0.114583,"0.000984408;0.00198795;-0.00198795;-0.000477747;-0.00198795;-0.00198795;-0.00198795;-0.00198795;-0.00198795;-0.00198795;0.256963;0.508916;0.256963;-0.00198795;-0.00198795;-0.00198795;-0.00198795;-0.00198795;-0.00198795;-0.000477747;-0.00198795;0.00198795;0.000984408"
192000,0.49,11,23,1,-94.9984,0.390625,22,0.114583,"0.00131275;0.00198305;-0.00198305;0.000140693;-0.00198305;-0.00198305;-0.00198305;-0.00198305;-0.00198305;-0.00198305;0.256615;0.50766;0.256615;-0.00198305;-0.00198305;-0.00198305;-0.00198305;-0.00198305;-0.00198305;0.000140693;-0.00198305;0.00198305;0.00131275"
192000,0.51,11,23,1,-94.9995,0.390625,22,0.114583,"0.00197339;0.00194467;-0.00197339;0.00137659;-0.00197339;-0.00197339;-0.00197339;-0.00197339;-0.00197339;-0.00197339;0.255925;0.505189;0.255925;-0.00197339;-0.00197339;-0.00197339;-0.00197339;-0.00197339;-0.00197339;0.00137659;-0.00197339;0.00194467;0.00197339"
192000,0.52,11,23,1,-94.9987,0.390625,22,0.114583,"0.00197207;0.00150133;-0.00197207;0.00197207;-0.00197207;-0.00195889;-0.00197207;-0.00197207;-0.00197207;-0.00197207;0.255921;0.50485;0.255921;-0.00197207;-0.00197207;-0.00197207;-0.00197207;-0.00195889;-0.00197207;0.00197207;-0.00197207;0.00150133;0.00197207"
384000,0.03,19,39,0,0,1e+300,0,0,"0;0;0;0;0;0;0;0;0;0;0;0;0;0;0;0;0;0;0;0;0;0;0;0;0;0;0;0;0;0;0;0;0;0;0;0;0;0;0"
384000,0.04,19,39,1,-94.9999,0.195313,38,0.0989583,"0.0009843;0.0009843;0.000494021;-0.0009843;-0.0009843;-0.000799366;-0.0009843;0.0009843;-0.0009843;0.0009843;-0.0009843;-0.000201465;-0.0009843;-0.0009843;-0.0009843;-0.0009843;-0.0009843;-0.0009843;0.255416;0.503961;0.255416;-0.0009843;-0.0009843;-0.0009843;-0.0009843;-0.0009843;-0.0009843;-0.000201465;-0.0009843;0.0009843;-0.0009843;0.0009843;-0.0009843;-0.000799366;-0.0009843;-0.0009843;0.000494021;0.0009843;0.0009843"
384000,0.06,19,39,0,0,1e+300,0,0,"0;0;0;0;0;0;0;0;0;0;0;0;0;0;0;0;0;0;0;0;0;0;0;0;0;0;0;0;0;0;0;0;0;0;0;0;0;0;0"
384000,0.07,19,39,1,-94.9999,0.0976563,2,0.00520833,"0.00049229;-7.87812e-05;-0.00028385;0.00049229;-0.00049229;0.00049229;-0.00049229;-0.00049229;-0.00049229;-0.00049229;-0.00049229;-0.00049229;-0.00049229;-0.00049229;-0.00049229;-0.00049229;-0.00049229;-0.00049229;0.253233;0.504105;0.253233;-0.00049229;-0.00049229;-0.00049229;-0.00049229;-0.00049229;-0.00049229;-0.00049229;-0.00049229;-0.00049229;-0.00049229;-0.00049229;-0.00049229;0.00049229;-0.00049229;0.00049229;-0.00028385;-7.87812e-05;0.00049229"
384000,0.08,9,19,1,-94.9988,0.292969,18,0.046875,"-0.00148002;0.00148002;-0.00148002;-0.00110501;-0.00148002;-0.00148002;-0.00148002;-0.00148002;0.255916;0.505179;0.255916;-0.00148002;-0.00148002;-0.00148002;-0.00148002;-0.00110501;-0.00148002;0.00148002;-0.00148002"
384000,0.09,9,19,1,-94.9972,0.292969,18,0.046875,"-0.00147736;0.00147736;-0.00147736;-0.000654218;-0.00147736;-0.00147736;-0.00147736;-0.00147736;0.255905;0.504272;0.255905;-0.00147736;-0.00147736;-0.00147736;-0.00147736;-0.000654218;-0.00147736;0.00147736;-0.00147736"
384000,0.11,9,19,1,-94.9965,0.292969,18,0.046875,"-0.00128877;0.00147367;-0.00147367;-2.74262e-05;-0.00147367;-0.00147367;-0.00147367;-0.00147367;0.255705;0.503011;0.255705;-0.00147367;-0.00147367;-0.00147367;-0.00147367;-2.74262e-05;-0.00147367;0.00147367;-0.00128877"
384000,0.12,9,19,1,-94.9965,0.292969,18,0.046875,"-0.00116791;0.00147206;-0.00147206;0.000245583;-0.00147206;-0.00147206;-0.00147206;-0.00147206;0.25558;0.502462;0.25558;-0.00147206;-0.00147206;-0.00147206;-0.00147206;0.000245583;-0.00147206;0.00147206;-0.00116791"
384000,0.13,9,19,1,-94.9965,0.292969,18,0.046875,"-0.00104719;0.00147045;-0.00147045;0.000518278;-0.00147045;-0.00147045;-0.00147045;-0.00147045;0.255454;0.501913;0.255454;-0.00147045;-0.00147045;-0.00147045;-0.00147045;0.000518278;-0.00147045;0.00147045;-0.00104719"
384000,0.14,9,19,1,-94.9965,0.292969,18,0.046875,"-0.000926606;0.00146884;-0.00146884;0.000790659;-0.00146884;-0.00146884;-0.00146884;-0.00146884;0.255329;0.501365;0.255329;-0.00146884;-0.00146884;-0.00146884;-0.00146884;0.000790659;-0.00146884;0.00146884;-0.000926606"
384000,0.16,9,19,1,-95,0.195313,18,0.046875,"-0.000975884;0.000975884;-0.000975884;0.000975884;-0.000975884;-0.000801588;-0.000975884;-0.000975884;0.253903;0.499653;0.253903;-0.000975884;-0.000975884;-0.000801588;-0.000975884;0.000975884;-0.000975884;0.000975884;-0.000975884"
384000,0.17,9,19,1,-95,0.195313,18,0.046875,"-0.000972539;0.000972539;-0.000972539;0.000972539;-0.000972539;6.151e-05;-0.000972539;-0.000972539;0.253886;0.49794;0.253886;-0.000972539;-0.000972539;6.151e-05;-0.000972539;0.000972539;-0.000972539;0.000972539;-0.000972539"
384000,0.18,13,27,1,-94.9999,0.0976563,2,0.00520833,"7.84494e-05;0.000487972;-0.000487972;0.000487972;-0.000487972;0.000487972;-0.000487972;-0.000324947;-0.000487972;-0.000487972;-0.000487972;-0.000487972;0.252357;0.499683;0.252357;-0.000487972;-0.000487972;-0.000487972;-0.000487972;-0.000324947;-0.000487972;0.000487972;-0.000487972;0.000487972;-0.000487972;0.000487972;7.84494e-05"
384000,0.19,13,27,1,-94.9985,0.0976563,2,0.00520833,"0.000309508;0.000487672;-0.000487672;0.000487672;-0.000487672;0.000487672;-0.000487672;-0.000180132;-0.000487672;-0.000487672;-0.000487672;-0.000487672;0.252133;0.499376;0.252133;-0.000487672;-0.000487672;-0.000487672;-0.000487672;-0.000180132;-0.000487672;0.000487672;-0.000487672;0.000487672;-0.000487672;0.000487672;0.000309508"
384000,0.21,13,27,1,-94.9985,0.0976563,2,0.00520833,"0.000456641;0.00048622;-0.00048622;0.00048622;-0.00048622;0.00048622;-0.00048622;0.00048622;-0.00048622;-0.000407942;-0.00048622;-0.00048622;0.251979;0.49789;0.251979;-0.00048622;-0.00048622;-0.000407942;-0.00048622;0.00048622;-0.00048622;0.00048622;-0.00048622;0.00048622;-0.00048622;0.00048622;0.000456641"
384000,0.22,13,27,0,0,1e+300,0,0,"0;0;0;0;0;0;0;0;0;0;0;0;0;0;0;0;0;0;0;0;0;0;0;0;0;0;0"
384000,0.23,10,21,1,-95,0.195313,20,0.0520833,"-0.000872776;-0.00087606;0.00087606;-0.00087606;0.00087606;-0.00087606;0.00087606;-0.00087606;0.0239777;0.2535;0.448543;0.2535;0.0239777;-0.00087606;0.00087606;-0.00087606;0.00087606;-0.00087606;0.00087606;-0.00087606;-0.000872776"
384000,0.24,10,21,1,-95,1.17188,20,0.0520833,"-0.00303736;-8.06202e-05;-0.00303736;-0.00303736;0.000912134;-0.00303736;-0.00303736;-0.00303736;0.12861;0.259188;0.259188;0.259188;0.12861;-0.00303736;-0.00303736;-0.00303736;0.000912134;-0.00303736;-0.00303736;-8.06202e-05;-0.00303736"
384000,0.26,10,21,0,-36.175,100,20,0.0520833,"0.000884276;0.0102777;-0.00062951;-0.00062951;-0.00062951;-0.000757639;-0.00062951;0.0691258;0.256148;0.168242;-0.00280445;0.168242;0.256148;0.0691258;-0.00062951;-0.000757639;-0.00062951;-0.00062951;-0.00062951;0.0102777;0.000884276"
384000,0.27,10,21,1,-94.9986,89.9414,20,0.0520833,"0.0595109;0.0155631;-0.120936;-0.120936;-0.0247225;0.134461;0.134461;0.134461;0.134461;0.0864468;0.134461;0.0864468;0.134461;0.134461;0.134461;0.134461;-0.0247225;-0.120936;-0.120936;0.0155631;0.0595109"
384000,0.28,9,19,1,-94.9967,0.0976563,4,0.0104167,"-0.00032942;0.000434014;-0.000434014;0.000434014;-0.000434014;0.000434014;-0.000434014;0.0264784;0.251636;0.44443;0.251636;0.0264784;-0.000434014;0.000434014;-0.000434014;0.000434014;-0.000434014;0.000434014;-0.00032942"
384000,0.29,9,19,1,-94.9967,0.0976563,4,0.0104167,"-0.00023218;0.000429871;-0.000429871;0.000429871;-0.000429871;0.000429871;-0.000429871;0.028612;0.251526;0.440188;0.251526;0.028612;-0.000429871;0.000429871;-0.000429871;0.000429871;-0.000429871;0.000429871;-0.00023218"
384000,0.31,9,19,1,-94.9967,0.0976563,4,0.0104167,"-3.80354e-05;0.0004216;-0.0004216;0.0004216;-0.0004216;0.0004216;-0.0004216;0.0328717;0.251307;0.431718;0.251307;0.0328717;-0.0004216;0.0004216;-0.0004216;0.0004216;-0.0004216;0.0004216;-3.80354e-05"
384000,0.32,9,19,1,-94.9967,0.0976563,4,0.0104167,"5.88696e-05;0.000417471;-0.000417471;0.000417471;-0.000417471;0.000417471;-0.000417471;0.034998;0.251198;0.42749;0.251198;0.034998;-0.000417471;0.000417471;-0.000417471;0.000417471;-0.000417471;0.000417471;5.88696e-05"
384000,0.33,9,19,1,-94.9967,0.0976563,4,0.0104167,"0.000155663;0.000413347;-0.000413347;0.000413347;-0.000413347;0.000413347;-0.000413347;0.0371217;0.251089;0.423268;0.251089;0.0371217;-0.000413347;0.000413347;-0.000413347;0.000413347;-0.000413347;0.000413347;0.000155663"
384000,0.34,9,19,1,-94.9967,0.0976563,4,0.0104167,"0.000252345;0.000409228;-0.000409228;0.000409228;-0.000409228;0.000409228;-0.000409228;0.039243;0.25098;0.41905;0.25098;0.039243;-0.000409228;0.000409228;-0.000409228;0.000409228;-0.000409228;0.000409228;0.000252345"
384000,0.36,9,19,1,-94.9967,0.0976563,4,0.0104167,"0.000396305;0.000184066;-0.000396305;0.000396305;-0.000396305;0.000396305;-0.000396305;0.0461109;0.250797;0.405816;0.250797;0.0461109;-0.000396305;0.000396305;-0.000396305;0.000396305;-0.000396305;0.000184066;0.000396305"
384000,0.37,9,19,1,-94.9966,0.0976563,4,0.0104167,"0.00038156;-0.000311172;-0.00038156;0.00038156;-0.00038156;0.00038156;-0.00038156;0.0541847;0.250768;0.390718;0.250768;0.0541847;-0.00038156;0.00038156;-0.00038156;0.00038156;-0.00038156;-0.000311172;0.00038156"
384000,0.38,13,27,1,-94.999,0.0976563,2,0.00520833,"0.000482617;0.000482617;-0.000482617;0.000482617;-0.000482617;0.000482617;-0.000482617;0.000482617;-0.000482617;0.000482617;-0.000482617;0.000482617;0.251935;0.4942;0.251935;0.000482617;-0.000482617;0.000482617;-0.000482617;0.000482617;-0.000482617;0.000482617;-0.000482617;0.000482617;-0.000482617;0.000482617;0.000482617"
384000,0.39,13,27,0,0,1e+300,0,0,"0;0;0;0;0;0;0;0;0;0;0;0;0;0;0;0;0;0;0;0;0;0;0;0;0;0;0"
384000,0.41,13,27,1,-95.1662,4.68874,6,0.015625,"0.000308645;-0.000308941;0.000308736;-0.000308663;0.000308706;-0.000308667;0.000308701;-0.000308671;0.000308701;-0.000308671;-0.0148209;0.0934999;0.263274;0.316095;0.263274;0.0934999;-0.0148209;-0.000308671;0.000308701;-0.000308671;0.000308701;-0.000308667;0.000308706;-0.000308663;0.000308736;-0.000308941;0.000308645"
384000,0.42,13,27,1,-95.1826,4.43415,6,0.015625,"0.000306018;-0.000306184;0.000306119;-0.000306055;0.000306082;-0.000306054;0.000306073;-0.000306063;0.000306073;-0.000306063;-0.0138972;0.0948275;0.262363;0.313413;0.262363;0.0948275;-0.0138972;-0.000306063;0.000306073;-0.000306063;0.000306073;-0.000306054;0.000306082;-0.000306055;0.000306119;-0.000306184;0.000306018"
384000,0.43,9,19,1,-95,0.0976562,4,0.0104167,"0.000333329;-0.000333329;-0.000333329;-0.000333329;-0.000333329;-0.000333329;-0.000333329;0.08034;0.250662;0.341329;0.250662;0.08034;-0.000333329;-0.000333329;-0.000333329;-0.000333329;-0.000333329;-0.000333329;0.000333329"
384000,0.44,9,19,1,-94.9967,0.0976562,4,0.0104167,"0.000333171;-0.000333171;-0.000333171;-0.000333171;-0.000333171;-0.000333171;-0.000333171;0.0804206;0.250662;0.341167;0.250662;0.0804206;-0.000333171;-0.000333171;-0.000333171;-0.000333171;-0.000333171;-0.000333171;0.000333171"
384000,0.46,9,19,1,-94.9967,0.0976562,4,0.0104167,"0.000333171;-0.000333171;-0.000333171;-0.000333171;-0.000333171;-0.000333171;-0.000333171;0.0804206;0.250662;0.341167;0.250662;0.0804206;-0.000333171;-0.000333171;-0.000333171;-0.000333171;-0.000333171;-0.000333171;0.000333171"
384000,0.47,9,19,1,-94.9967,0.0976562,4,0.0104167,"0.000333171;-0.000333171;-0.000333171;-0.000333171;-0.000333171;-0.000333171;-0.000333171;0.0804206;0.250662;0.341167;0.250662;0.0804206;-0.000333171;-0.000333171;-0.000333171;-0.000333171;-0.000333171;-0.000333171;0.000333171"
384000,0.48,9,19,1,-94.9967,0.0976563,4,0.0104167,"0.000333171;-0.000333171;-0.000333171;-0.000333171;-0.000333171;-0.000333171;-0.000333171;0.0804206;0.250662;0.341167;0.250662;0.0804206;-0.000333171;-0.000333171;-0.000333171;-0.000333171;-0.000333171;-0.000333171;0.000333171"
384000,0.49,9,19,1,-94.9967,0.0976562,4,0.0104167,"0.000333171;-0.000333171;-0.000333171;-0.000333171;-0.000333171;-0.000333171;-0.000333171;0.0804206;0.250662;0.341167;0.250662;0.0804206;-0.000333171;-0.000333171;-0.000333171;-0.000333171;-0.000333171;-0.000333171;0.000333171"
384000,0.51,9,19,1,-94.9967,0.0976562,4,0.0104167,"0.000333171;-0.000333171;-0.000333171;-0.000333171;-0.000333171;-0.000333171;-0.000333171;0.0804206;0.250662;0.341167;0.250662;0.0804206;-0.000333171;-0.000333171;-0.000333171;-0.000333171;-0.000333171;-0.000333171;0.000333171"
384000,0.52,9,19,1,-94.9967,0.0976562,4,0.0104167,"0.000333171;-0.000333171;-0.000333171;-0.000333171;-0.000333171;-0.000333171;-0.000333171;0.0804206;0.250662;0.341167;0.250662;0.0804206;-0.000333171;-0.000333171;-0.000333171;-0.000333171;-0.000333171;-0.000333171;0.000333171"
44100,0.01,29,59,0,0,1e+300,0,0,"0;0;0;0;0;0;0;0;0;0;0;0;0;0;0;0;0;0;0;0;0;0;0;0;0;0;0;0;0;0;0;0;0;0;0;0;0;0;0;0;0;0;0;0;0;0;0;0;0;0;0;0;0;0;0;0;0;0;0"
44100,0.02,29,59,0,0,1e+300,0,0,"0;0;0;0;0;0;0;0;0;0;0;0;0;0;0;0;0;0;0;0;0;0;0;0;0;0;0;0;0;0;0;0;0;0;0;0;0;0;0;0;0;0;0;0;0;0;0;0;0;0;0;0;0;0;0;0;0;0;0"
44100,0.03,29,59,1,-94.998,9.90168,56,1.26984,"-0.000746235;0.00103247;-0.000284934;0.000565303;7.28303e-05;-0.000245591;0.000736436;-0.000954747;0.00113462;-0.000657807;-7.34708e-05;0.00141853;-0.0030424;0.00503536;-0.0068909;0.00809345;-0.00845506;0.00718799;-0.00409125;-0.00136821;0.00902435;-0.0188168;0.0305796;-0.0434684;0.0567581;-0.0693564;0.0805271;-0.0892761;0.0947496;0.901625;0.0947496;-0.0892761;0.0805271;-0.0693564;0.0567581;-0.0434684;0.0305796;-0.0188168;0.00902435;-0.00136821;-0.00409125;0.00718799;-0.00845506;0.00809345;-0.0068909;0.00503536;-0.0030424;0.00141853;-7.34708e-05;-0.000657807;0.00113462;-0.000954747;0.000736436;-0.000245591;7.28303e-05;0.000565303;-0.000284934;0.00103247;-0.000746235"
44100,0.04,29,59,0,-94.499,11.4464,50,1.13379,"0.000145625;-0.000173939;0.000664228;-0.00069282;0.00172895;-0.0020641;0.00346852;-0.00364163;0.0036014;-0.00255841;0.000489169;0.00157581;-0.00482452;0.00847388;-0.0120751;0.0154814;-0.016958;0.01656;-0.0140631;0.00814764;0.000794763;-0.0127144;0.0274541;-0.0433193;0.0598722;-0.0766164;0.0908482;-0.101403;0.108854;0.88589;0.108854;-0.101403;0.0908482;-0.0766164;0.0598722;-0.0433193;0.0274541;-0.0127144;0.000794763;0.00814764;-0.0140631;0.01656;-0.016958;0.0154814;-0.0120751;0.00847388;-0.00482452;0.00157581;0.000489169;-0.00255841;0.0036014;-0.00364163;0.00346852;-0.0020641;0.00172895;-0.00069282;0.000664228;-0.000173939;0.000145625"
44100,0.06,29,59,0,-94.676,12.2357,58,1.31519,"-0.00165374;0.00175662;-0.000346455;0.000305064;0.00082972;-0.00212109;0.0036356;-0.00467939;0.00598321;-0.00553049;0.00507487;-0.00242511;-0.000749363;0.00535376;-0.0102431;0.0150846;-0.0185874;0.020479;-0.0190248;0.0145634;-0.00605687;-0.00634173;0.0217361;-0.0401263;0.0587956;-0.0778631;0.0944043;-0.107423;0.116198;0.877944;0.116198;-0.107423;0.0944043;-0.0778631;0.0587956;-0.0401263;0.0217361;-0.00634173;-0.00605687;0.0145634;-0.0190248;0.020479;-0.0185874;0.0150846;-0.0102431;0.00535376;-0.000749363;-0.00242511;0.00507487;-0.00553049;0.00598321;-0.00467939;0.0036356;-0.00212109;0.00082972;0.000305064;-0.000346455;0.00175662;-0.00165374"
44100,0.06,26,53,0,0,1e+300,0,0,"0;0;0;0;0;0;0;0;0;0;0;0;0;0;0;0;0;0;0;0;0;0;0;0;0;0;0;0;0;0;0;0;0;0;0;0;0;0;0;0;0;0;0;0;0;0;0;0;0;0;0;0;0"
44100,0.07,29,59,1,-94.9998,12.1052,58,1.31519,"-0.002374;0.00132109;-0.00041697;0.000638987;0.000776648;-0.00140441;0.00325783;-0.00425766;0.00568795;-0.00570269;0.00528137;-0.00296586;-0.000103503;0.00470878;-0.00939867;0.0142466;-0.0176581;0.0194405;-0.018095;0.013855;-0.00537583;-0.00665026;0.0219092;-0.039436;0.058313;-0.0766182;0.0933135;-0.10632;0.114879;0.878295;0.114879;-0.10632;0.0933135;-0.0766182;0.058313;-0.039436;0.0219092;-0.00665026;-0.00537583;0.013855;-0.018095;0.0194405;-0.0176581;0.0142466;-0.00939867;0.00470878;-0.000103503;-0.00296586;0.00528137;-0.00570269;0.00568795;-0.00425766;0.00325783;-0.00140441;0.000776648;0.000638987;-0.00041697;0.00132109;-0.002374"
44100,0.07,26,53,0,19.3691,100,52,1.17914,"0.148149;0.149094;0.144383;0.150724;0.14255;-4.08432;0.142328;0.150291;0.146237;0.144388;0.154169;0.135189;0.163181;0.127574;0.167756;0.128145;0.160934;0.141975;0.139403;0.170096;0.105989;0.207106;0.0685528;0.241788;0.0392103;0.263106;1.70401;0.263106;0.0392103;0.241788;0.0685528;0.207106;0.105989;0.170096;0.139403;0.141975;0.160934;0.128145;0.167756;0.127574;0.163181;0.135189;0.154169;0.144388;0.146237;0.150291;0.142328;-4.08432;0.14255;0.150724;0.144383;0.149094;0.148149"
44100,0.08,29,59,0,-94.4214,11.2466,58,1.31519,"0.00174956;-0.0015373;0.000266323;-0.00095975;0.0021563;-0.0017321;0.00304221;-0.00243367;0.00236419;-0.00114727;-0.000572048;0.00315651;-0.00595435;0.00961903;-0.0122697;0.0151548;-0.0159436;0.0154173;-0.0122143;0.00598674;0.00252957;-0.0148047;0.0281063;-0.0445339;0.0601168;-0.0758544;0.0894487;-0.0997351;0.107179;0.886799;0.107179;-0.0997351;0.0894487;-0.0758544;0.0601168;-0.0445339;0.0281063;-0.0148047;0.00252957;0.00598674;-0.0122143;0.0154173;-0.0159436;0.0151548;-0.0122697;0.00961903;-0.00595435;0.00315651;-0.000572048;-0.00114727;0.00236419;-0.00243367;0.00304221;-0.0017321;0.0021563;-0.00095975;0.000266323;-0.0015373;0.00174956"
44100,0.08,26,53,0,-79.0855,12.5812,52,1.17914,"0.000927646;0.00124736;-0.00320568;0.00418787;-0.00438134;0.00585044;-0.00515368;0.00375279;-0.00157364;-0.00237571;0.00706829;-0.0118655;0.0169172;-0.0203991;0.0222014;-0.0205423;0.0162249;-0.00638071;-0.0055066;0.0221826;-0.0407282;0.0595695;-0.0798999;0.0960841;-0.109974;0.118717;0.874111;0.118717;-0.109974;0.0960841;-0.0798999;0.0595695;-0.0407282;0.0221826;-0.0055066;-0.00638071;0.0162249;-0.0205423;0.0222014;-0.0203991;0.0169172;-0.0118655;0.00706829;-0.00237571;-0.00157364;0.00375279;-0.00515368;0.00585044;-0.00438134;0.00418787;-0.00320568;0.00124736;0.000927646"
44100,0.09,29,59,1,-94.9975,13.5207,58,1.31519,"-0.00143561;0.00119155;-0.00138033;0.00137237;0.00176597;-0.00363935;0.00443334;-0.00623705;0.00806283;-0.00876145;0.00742138;-0.00416269;0.00107355;0.0057491;-0.011124;0.0186069;-0.0236102;0.0271173;-0.0268894;0.0229001;-0.0141212;0.00035957;0.0168494;-0.038058;0.059911;-0.0817309;0.10179;-0.116858;0.127258;0.864292;0.127258;-0.116858;0.10179;-0.0817309;0.059911;-0.038058;0.0168494;0.00035957;-0.0141212;0.0229001;-0.0268894;0.0271173;-0.0236102;0.0186069;-0.011124;0.0057491;0.00107355;-0.00416269;0.00742138;-0.00876145;0.00806283;-0.00623705;0.00443334;-0.00363935;0.00176597;0.00137237;-0.00138033;0.00119155;-0.00143561"
44100,0.09,26,53,0,-87.3551,12.6132,48,1.08844,"0.000469688;0.000741879;-0.00334293;0.0042215;-0.00439916;0.00488498;-0.00567843;0.00376433;-0.00150382;-0.0018085;0.00696943;-0.0120813;0.0167817;-0.0205749;0.0224237;-0.0202856;0.0160806;-0.00654135;-0.00588113;0.0220836;-0.039889;0.0605799;-0.0782505;0.0968485;-0.110053;0.118178;0.872524;0.118178;-0.110053;0.0968485;-0.0782505;0.0605799;-0.039889;0.0220836;-0.00588113;-0.00654135;0.0160806;-0.0202856;0.0224237;-0.0205749;0.0167817;-0.0120813;0.00696943;-0.0018085;-0.00150382;0.00376433;-0.00567843;0.00488498;-0.00439916;0.0042215;-0.00334293;0.000741879;0.000469688"
44100,0.11,26,53,1,-94.9969,11.8653,50,1.13379,"-0.000777571;0.00440672;-0.00254683;0.00264166;-0.00404484;0.00316453;-0.00342066;0.00132909;0.000649786;-0.0043589;0.00817631;-0.0125265;0.0162773;-0.0185996;0.0191756;-0.0165067;0.0111933;-0.00175536;-0.0101866;0.0257502;-0.0423374;0.0607458;-0.0774815;0.0930131;-0.104331;0.1127;0.879301;0.1127;-0.104331;0.0930131;-0.0774815;0.0607458;-0.0423374;0.0257502;-0.0101866;-0.00175536;0.0111933;-0.0165067;0.0191756;-0.0185996;0.0162773;-0.0125265;0.00817631;-0.0043589;0.000649786;0.00132909;-0.00342066;0.00316453;-0.00404484;0.00264166;-0.00254683;0.00440672;-0.000777571"
44100,0.12,26,53,1,-94.9995,12.8643,52,1.17914,"0.00226651;0.000214435;-0.00317613;0.00332059;-0.00541216;0.00587151;-0.00684778;0.00510212;-0.00296856;-0.000214653;0.00580632;-0.0107382;0.0163591;-0.0211526;0.0232898;-0.0226153;0.0187849;-0.0098657;-0.00260788;0.0193295;-0.0387786;0.0597461;-0.0792002;0.0988101;-0.111712;0.122195;0.868387;0.122195;-0.111712;0.0988101;-0.0792002;0.0597461;-0.0387786;0.0193295;-0.00260788;-0.0098657;0.0187849;-0.0226153;0.0232898;-0.0211526;0.0163591;-0.0107382;0.00580632;-0.000214653;-0.00296856;0.00510212;-0.00684778;0.00587151;-0.00541216;0.00332059;-0.00317613;0.000214435;0.00226651"
44100,0.13,26,53,0,-94.3685,12.8616,48,1.08844,"0.000457484;-0.000510202;-0.00130901;0.00445826;-0.00618363;0.00550013;-0.00561243;0.00627473;-0.00281459;-0.00130183;0.00483037;-0.0115224;0.0168604;-0.0205714;0.0241451;-0.0227056;0.0184355;-0.0104881;-0.0031909;0.0189758;-0.0388544;0.0595104;-0.079428;0.0990503;-0.111742;0.123334;0.868804;0.123334;-0.111742;0.0990503;-0.079428;0.0595104;-0.0388544;0.0189758;-0.0031909;-0.0104881;0.0184355;-0.0227056;0.0241451;-0.0205714;0.0168604;-0.0115224;0.00483037;-0.00130183;-0.00281459;0.00627473;-0.00561243;0.00550013;-0.00618363;0.00445826;-0.00130901;-0.000510202;0.000457484"
44100,0.14,26,53,1,-95,11.7742,52,1.17914,"0.00366077;-0.00111491;-0.00161243;0.00134867;-0.00339856;0.00385556;-0.00493863;0.0040247;-0.00311107;0.000107031;0.0031901;-0.00763514;0.0116638;-0.0148801;0.0169951;-0.015316;0.0121916;-0.00386245;-0.00677167;0.022145;-0.0386742;0.0571884;-0.074668;0.0915319;-0.103332;0.112603;0.87762;0.112603;-0.103332;0.0915319;-0.074668;0.0571884;-0.0386742;0.022145;-0.00677167;-0.00386245;0.0121916;-0.015316;0.0169951;-0.0148801;0.0116638;-0.00763514;0.0031901;0.000107031;-0.00311107;0.0040247;-0.00493863;0.00385556;-0.00339856;0.00134867;-0.00161243;-0.00111491;0.00366077"
44100,0.16,26,53,0,-37.5279,11.8674,52,1.17914,"-0.0014172;0.00401259;-0.00337934;0.000777544;-0.00318505;0.00931727;-0.00248237;0.00161665;9.01308e-05;-0.00466772;0.00706247;-0.0123097;0.0154332;-0.0181112;0.0182695;-0.0164153;0.0103091;-0.00175836;-0.0105173;0.0261713;-0.04116;0.0611738;-0.0759398;0.0925542;-0.103819;0.110962;0.874826;0.110962;-0.103819;0.0925542;-0.0759398;0.0611738;-0.04116;0.0261713;-0.0105173;-0.00175836;0.0103091;-0.0164153;0.0182695;-0.0181112;0.0154332;-0.0123097;0.00706247;-0.00466772;9.01308e-05;0.00161665;-0.00248237;0.00931727;-0.00318505;0.000777544;-0.00337934;0.00401259;-0.0014172"
44100,0.16,16,33,1,-95,10.3501,32,0.725624,"0.0053397;-0.00826981;0.00770333;-0.00889571;0.00896311;-0.0047815;0.00185256;0.00711594;-0.0155987;0.0293338;-0.041677;0.0566619;-0.0695843;0.0818677;-0.0921452;0.0969706;0.890287;0.0969706;-0.0921452;0.0818677;-0.0695843;0.0566619;-0.041677;0.0293338;-0.0155987;0.00711594;0.00185256;-0.0047815;0.00896311;-0.00889571;0.00770333;-0.00826981;0.0053397"
44100,0.17,26,53,1,-95,11.9528,52,1.17914,"0.00159443;-0.00247229;0.000708014;0.00297129;-0.00354547;0.00311273;-0.00423682;0.0050788;-0.00200195;0.000549537;0.0029381;-0.00692432;0.0120351;-0.0141295;0.0164529;-0.0160395;0.0115149;-0.00322779;-0.00558141;0.0233356;-0.037431;0.0567955;-0.0755772;0.0897149;-0.104656;0.11123;0.875582;0.11123;-0.104656;0.0897149;-0.0755772;0.0567955;-0.037431;0.0233356;-0.00558141;-0.00322779;0.0115149;-0.0160395;0.0164529;-0.0141295;0.0120351;-0.00692432;0.0029381;0.000549537;-0.00200195;0.0050788;-0.00423682;0.00311273;-0.00354547;0.00297129;0.000708014;-0.00247229;0.00159443"
44100,0.17,16,33,1,-94.9979,10.3107,32,0.725624,"0.00457434;-0.00832583;0.00878315;-0.00751126;0.0103769;-0.00468047;0.00172082;0.00633844;-0.0165205;0.0278164;-0.0422571;0.0559606;-0.0700824;0.0823456;-0.0918105;0.098052;0.89044;0.098052;-0.0918105;0.0823456;-0.0700824;0.0559606;-0.0422571;0.0278164;-0.0165205;0.00633844;0.00172082;-0.00468047;0.0103769;-0.00751126;0.00878315;-0.00832583;0.00457434"
44100,0.18,26,53,0,-91.7396,13.4416,52,1.17914,"0.00469045;-8.77626e-05;-0.00248301;0.00252093;-0.0057647;0.00671996;-0.0085098;0.00740698;-0.00569897;0.00153416;0.00317236;-0.00928751;0.0156314;-0.0212655;0.0255047;-0.0257433;0.0225891;-0.0138351;0.00148324;0.0161431;-0.0353245;0.0584244;-0.080018;0.100915;-0.115717;0.126555;0.860888;0.126555;-0.115717;0.100915;-0.080018;0.0584244;-0.0353245;0.0161431;0.00148324;-0.0138351;0.0225891;-0.0257433;0.0255047;-0.0212655;0.0156314;-0.00928751;0.00317236;0.00153416;-0.00569897;0.00740698;-0.0085098;0.00671996;-0.0057647;0.00252093;-0.00248301;-8.77626e-05;0.00469045"
44100,0.18,16,33,1,-94.9979,10.2695,32,0.725624,"0.00630448;-0.00509135;0.00937454;-0.00984814;0.00783389;-0.00623121;0.00216269;0.00691179;-0.017801;0.0282698;-0.040493;0.0555741;-0.0708044;0.082855;-0.0913537;0.0975555;0.889562;0.0975555;-0.0913537;0.082855;-0.0708044;0.0555741;-0.040493;0.0282698;-0.017801;0.00691179;0.00216269;-0.00623121;0.00783389;-0.00984814;0.00937454;-0.00509135;0.00630448"
44100,0.19,26,53,1,-94.9998,13.6475,52,1.17914,"0.00364474;-0.00158797;-0.00263332;0.00383641;-0.00639324;0.0062966;-0.00924997;0.00807548;-0.00549602;0.00263511;0.00326584;-0.00989181;0.0168583;-0.0224725;0.0266575;-0.0273694;0.0246068;-0.0152606;0.00372223;0.0146083;-0.0362695;0.0585946;-0.0802248;0.103277;-0.116946;0.129262;0.856907;0.129262;-0.116946;0.103277;-0.0802248;0.0585946;-0.0362695;0.0146083;0.00372223;-0.0152606;0.0246068;-0.0273694;0.0266575;-0.0224725;0.0168583;-0.00989181;0.00326584;0.00263511;-0.00549602;0.00807548;-0.00924997;0.0062966;-0.00639324;0.00383641;-0.00263332;-0.00158797;0.00364474"
44100,0.19,16,33,1,-94.9971,10.3919,32,0.725624,"0.00348699;-0.00733682;0.0112316;-0.00662662;0.0100643;-0.00636612;0.000947101;0.00547302;-0.0159146;0.0278743;-0.0415841;0.0560172;-0.0701625;0.0824431;-0.0923362;0.0985175;0.888544;0.0985175;-0.0923362;0.0824431;-0.0701625;0.0560172;-0.0415841;0.0278743;-0.0159146;0.00547302;0.000947101;-0.00636612;0.0100643;-0.00662662;0.0112316;-0.00733682;0.00348699"
44100,0.21,16,33,1,-94.9989,10.0505,32,0.725624,"0.00603238;-0.00508502;0.00862098;-0.0104307;0.00767144;-0.00642469;0.00124737;0.00604107;-0.0158382;0.0281118;-0.0411919;0.0566372;-0.0703724;0.0822097;-0.0890154;0.0989438;0.885685;0.0989438;-0.0890154;0.0822097;-0.0703724;0.0566372;-0.0411919;0.0281118;-0.0158382;0.00604107;0.00124737;-0.00642469;0.00767144;-0.0104307;0.00862098;-0.00508502;0.00603238"
44100,0.21,18,37,0,0,1e+300,0,0,"0;0;0;0;0;0;0;0;0;0;0;0;0;0;0;0;0;0;0;0;0;0;0;0;0;0;0;0;0;0;0;0;0;0;0;0;0"
44100,0.22,16,33,0,0,1e+300,0,0,"0;0;0;0;0;0;0;0;0;0;0;0;0;0;0;0;0;0;0;0;0;0;0;0;0;0;0;0;0;0;0;0;0"
44100,0.22,18,37,1,-94.9986,10.4998,36,0.816327,"-0.00437214;-0.00191091;0.00617368;-0.00547952;0.009494;-0.00883969;0.0104881;-0.00662018;0.00347484;0.00508513;-0.014319;0.0275332;-0.040614;0.0560735;-0.070136;0.0838038;-0.0929866;0.10035;0.885603;0.10035;-0.0929866;0.0838038;-0.070136;0.0560735;-0.040614;0.0275332;-0.014319;0.00508513;0.00347484;-0.00662018;0.0104881;-0.00883969;0.009494;-0.00547952;0.00617368;-0.00191091;-0.00437214"
44100,0.23,16,33,1,-94.9986,10.1563,32,0.725624,"0.00422694;-0.00898358;0.0105764;-0.00807803;0.00868507;-0.00519833;0.000796648;0.00799895;-0.0168192;0.030474;-0.0415003;0.0576382;-0.0686323;0.0826863;-0.0898947;0.0934654;0.885118;0.0934654;-0.0898947;0.0826863;-0.0686323;0.0576382;-0.0415003;0.030474;-0.0168192;0.00799895;0.000796648;-0.00519833;0.00868507;-0.00807803;0.0105764;-0.00898358;0.00422694"
44100,0.23,18,37,0,0,1e+300,0,0,"0;0;0;0;0;0;0;0;0;0;0;0;0;0;0;0;0;0;0;0;0;0;0;0;0;0;0;0;0;0;0;0;0;0;0;0;0"
44100,0.24,16,33,1,-94.9981,10.5586,32,0.725624,"0.000994391;-0.00811055;0.0109532;-0.00759128;0.0098478;-0.00697788;0.00220605;0.00538748;-0.0140894;0.0286433;-0.0394195;0.0571561;-0.0690521;0.0830618;-0.0933119;0.0984266;0.883752;0.0984266;-0.0933119;0.0830618;-0.0690521;0.0571561;-0.0394195;0.0286433;-0.0140894;0.00538748;0.00220605;-0.00697788;0.0098478;-0.00759128;0.0109532;-0.00811055;0.000994391"
44100,0.24,18,37,1,-94.9987,10.5819,36,0.816327,"-0.00490332;-0.00145002;0.00629905;-0.00533906;0.00956292;-0.00898281;0.0107995;-0.00706002;0.00404101;0.0045284;-0.0136776;0.0272724;-0.0402218;0.055948;-0.0702286;0.0842168;-0.0935107;0.100862;0.883688;0.100862;-0.0935107;0.0842168;-0.0702286;0.055948;-0.0402218;0.0272724;-0.0136776;0.0045284;0.00404101;-0.00706002;0.0107995;-0.00898281;0.00956292;-0.00533906;0.00629905;-0.00145002;-0.00490332"
44100,0.26,18,37,1,-94.999,10.6834,36,0.816327,"-0.00510646;-0.000628259;0.00639041;-0.00535625;0.00972822;-0.00866865;0.0113349;-0.00733437;0.00438004;0.00371342;-0.0134351;0.0269835;-0.0397249;0.0558512;-0.0704904;0.0840614;-0.0942677;0.101382;0.882374;0.101382;-0.0942677;0.0840614;-0.0704904;0.0558512;-0.0397249;0.0269835;-0.0134351;0.00371342;0.00438004;-0.00733437;0.0113349;-0.00866865;0.00972822;-0.00535625;0.00639041;-0.000628259;-0.00510646"
44100,0.27,18,37,1,-94.9952,8.49609,36,0.816327,"0.00624122;-0.00731714;0.00936512;-0.00911251;0.00687949;-0.00527529;0.00318182;0.0025136;-0.0078704;0.0174643;-0.0267279;0.0348943;-0.0468224;0.0552224;-0.0669548;0.0762959;-0.0762959;0.0853123;0.898012;0.0853123;-0.0762959;0.0762959;-0.0669548;0.0552224;-0.0468224;0.0348943;-0.0267279;0.0174643;-0.0078704;0.0025136;0.00318182;-0.00527529;0.00687949;-0.00911251;0.00936512;-0.00731714;0.00624122"
44100,0.28,18,37,1,-94.998,10.7479,36,0.816327,"-0.00612721;-0.000855675;0.00630447;-0.00515046;0.00982348;-0.00917964;0.0115917;-0.00788274;0.00533903;0.00340102;-0.0125058;0.0265089;-0.0395132;0.0558152;-0.0704052;0.0850608;-0.094603;0.102278;0.880201;0.102278;-0.094603;0.0850608;-0.0704052;0.0558152;-0.0395132;0.0265089;-0.0125058;0.00340102;0.00533903;-0.00788274;0.0115917;-0.00917964;0.00982348;-0.00515046;0.00630447;-0.000855675;-0.00612721"
44100,0.29,18,37,1,-94.9983,9.375,34,0.770975,"0.000480759;-0.00166535;0.00381895;-0.00656966;0.00853489;-0.00991376;0.00889699;-0.00542987;0.000948834;0.00772073;-0.0172215;0.0283831;-0.0441387;0.0555123;-0.0696326;0.0826885;-0.0826885;0.0992695;0.882011;0.0992695;-0.0826885;0.0826885;-0.0696326;0.0555123;-0.0441387;0.0283831;-0.0172215;0.00772073;0.000948834;-0.00542987;0.00889699;-0.00991376;0.00853489;-0.00656966;0.00381895;-0.00166535;0.000480759"
44100,0.31,18,37,1,-94.9998,10.851,36,0.816327,"-0.00703931;-0.000326559;0.00637144;-0.00477541;0.0100493;-0.00923907;0.0119996;-0.00848094;0.00614252;0.00267361;-0.0116083;0.0259775;-0.039026;0.0555747;-0.0705272;0.0854751;-0.0952453;0.103125;0.877758;0.103125;-0.0952453;0.0854751;-0.0705272;0.0555747;-0.039026;0.0259775;-0.0116083;0.00267361;0.00614252;-0.00848094;0.0119996;-0.00923907;0.0100493;-0.00477541;0.00637144;-0.000326559;-0.00703931"
44100,0.32,18,37,0,0,1e+300,0,0,"0;0;0;0;0;0;0;0;0;0;0;0;0;0;0;0;0;0;0;0;0;0;0;0;0;0;0;0;0;0;0;0;0;0;0;0;0"
44100,0.33,18,37,1,-94.9389,10.9542,36,0.816327,"-0.00761092;-0.000243939;0.00603611;-0.00487079;0.0103872;-0.00920838;0.0123893;-0.0090961;0.00679421;0.00228463;-0.0109039;0.0254404;-0.0387535;0.0557966;-0.0704981;0.0857912;-0.0959938;0.104102;0.876316;0.104102;-0.0959938;0.0857912;-0.0704981;0.0557966;-0.0387535;0.0254404;-0.0109039;0.00228463;0.00679421;-0.0090961;0.0123893;-0.00920838;0.0103872;-0.00487079;0.00603611;-0.000243939;-0.00761092"
44100,0.34,18,37,1,-94.9999,8.20312,36,0.816327,"0.00680595;-0.00838798;0.00750777;-0.0107103;0.00785179;-0.0046602;0.00288973;0.00419989;-0.0101666;0.0162947;-0.0266925;0.0365801;-0.0467372;0.0567948;-0.066456;0.0735981;-0.0735981;0.0862883;0.897196;0.0862883;-0.0735981;0.0735981;-0.066456;0.0567948;-0.0467372;0.0365801;-0.0266925;0.0162947;-0.0101666;0.00419989;0.00288973;-0.0046602;0.00785179;-0.0107103;0.00750777;-0.00838798;0.00680595"
44100,0.36,18,37,1,-94.997,8.10547,36,0.816327,"0.00575757;-0.00772157;0.00884546;-0.0106486;0.00835733;-0.00500905;0.00235791;0.00330772;-0.0106089;0.0164056;-0.0252503;0.0373166;-0.0461888;0.056037;-0.0685531;0.0726081;-0.0726081;0.0876998;0.895791;0.0876998;-0.0726081;0.0726081;-0.0685531;0.056037;-0.0461888;0.0373166;-0.0252503;0.0164056;-0.0106089;0.00330772;0.00235791;-0.00500905;0.00835733;-0.0106486;0.00884546;-0.00772157;0.00575757"
44100,0.36,16,33,1,-94.9983,9.17969,32,0.725624,"0.00568307;-0.00847639;0.00942947;-0.0120683;0.00846013;-0.00334154;-0.00106642;0.00986154;-0.0186659;0.0293393;-0.0439069;0.0564056;-0.0707959;0.0811503;-0.0811503;0.097132;0.88402;0.097132;-0.0811503;0.0811503;-0.0707959;0.0564056;-0.0439069;0.0293393;-0.0186659;0.00986154;-0.00106642;-0.00334154;0.00846013;-0.0120683;0.00942947;-0.00847639;0.00568307"
44100,0.37,18,37,1,-94.9969,8.10547,36,0.816327,"0.00537967;-0.00789409;0.00855758;-0.0104927;0.00919447;-0.00478859;0.00198609;0.00265128;-0.010293;0.0166369;-0.02495;0.0370094;-0.0464782;0.0559673;-0.0685549;0.0725839;-0.0725839;0.0883222;0.895493;0.0883222;-0.0725839;0.0725839;-0.0685549;0.0559673;-0.0464782;0.0370094;-0.02495;0.0166369;-0.010293;0.00265128;0.00198609;-0.00478859;0.00919447;-0.0104927;0.00855758;-0.00789409;0.00537967"
44100,0.37,16,33,1,-94.998,9.375,32,0.725624,"0.00335291;-0.00645702;0.00904839;-0.0111748;0.00947968;-0.00658738;0.00160719;0.00702442;-0.0156812;0.028513;-0.0433054;0.0548099;-0.0713994;0.082362;-0.082362;0.101505;0.878528;0.101505;-0.082362;0.082362;-0.0713994;0.0548099;-0.0433054;0.028513;-0.0156812;0.00702442;0.00160719;-0.00658738;0.00947968;-0.0111748;0.00904839;-0.00645702;0.00335291"
44100,0.38,18,37,1,-95,10.816,36,0.816327,"-0.00588721;0.00416092;0.00709372;-0.00552621;0.00834038;-0.0122817;0.00984755;-0.0115958;0.00556053;-8.73226e-05;-0.0105071;0.0247326;-0.0379831;0.0565276;-0.0691182;0.0874419;-0.0945819;0.106632;0.874462;0.106632;-0.0945819;0.0874419;-0.0691182;0.0565276;-0.0379831;0.0247326;-0.0105071;-8.73226e-05;0.00556053;-0.0115958;0.00984755;-0.0122817;0.00834038;-0.00552621;0.00709372;0.00416092;-0.00588721"
44100,0.38,16,33,0,0,1e+300,0,0,"0;0;0;0;0;0;0;0;0;0;0;0;0;0;0;0;0;0;0;0;0;0;0;0;0;0;0;0;0;0;0;0;0"
44100,0.39,18,37,1,-94.9966,8.54742,36,0.816327,"0.0134849;-0.00495812;0.00692388;-0.00902735;0.009179;-0.00638605;0.00132889;0.00566251;-0.0131649;0.0211436;-0.0286927;0.0368668;-0.0468209;0.0560837;-0.0642553;0.0711286;-0.07671;0.0794819;0.897463;0.0794819;-0.07671;0.0711286;-0.0642553;0.0560837;-0.0468209;0.0368668;-0.0286927;0.0211436;-0.0131649;0.00566251;0.00132889;-0.00638605;0.009179;-0.00902735;0.00692388;-0.00495812;0.0134849"
44100,0.39,16,33,1,-94.9984,10.4443,32,0.725624,"-0.00115908;-0.0047352;0.0116571;-0.0103561;0.00818328;-0.00918456;0.00518415;0.0048805;-0.0102264;0.0265647;-0.0421669;0.0534772;-0.0694294;0.083699;-0.0918756;0.10565;0.879675;0.10565;-0.0918756;0.083699;-0.0694294;0.0534772;-0.0421669;0.0265647;-0.0102264;0.0048805;0.00518415;-0.00918456;0.00818328;-0.0103561;0.0116571;-0.0047352;-0.00115908"
44100,0.41,16,33,0,0,1e+300,0,0,"0;0;0;0;0;0;0;0;0;0;0;0;0;0;0;0;0;0;0;0;0;0;0;0;0;0;0;0;0;0;0;0;0"
44100,0.41,18,37,1,-94.999,10.308,36,0.816327,"-0.00185818;0.00349358;0.000898996;-0.006962;0.0102105;-0.0110311;0.00960639;-0.0101676;0.00683919;0.00332572;-0.0110994;0.0235914;-0.0403882;0.0513585;-0.0714251;0.0901082;-0.0898594;0.106279;0.874159;0.106279;-0.0898594;0.0901082;-0.0714251;0.0513585;-0.0403882;0.0235914;-0.0110994;0.00332572;0.00683919;-0.0101676;0.00960639;-0.0110311;0.0102105;-0.006962;0.000898996;0.00349358;-0.00185818"
44100,0.42,16,33,0,33.7797,100,32,0.725624,"-1.5222;-1.54011;-1.5175;-1.53029;26.3722;-1.53093;-1.5291;-1.5218;-1.54489;-1.50034;-1.56753;-1.4712;-1.59253;-1.44414;-1.61375;-1.42709;-6.03762;-1.42709;-1.61375;-1.44414;-1.59253;-1.4712;-1.56753;-1.50034;-1.54489;-1.5218;-1.5291;-1.53093;26.3722;-1.53029;-1.5175;-1.54011;-1.5222"
44100,0.42,18,37,1,-94.9998,11.275,36,0.816327,"-0.00987871;0.0016065;0.00623737;-0.00415239;0.0107424;-0.00974608;0.0139981;-0.0103741;0.0093541;-0.000185614;-0.00852319;0.0236933;-0.037288;0.0554613;-0.0708059;0.0872901;-0.097875;0.106411;0.868069;0.106411;-0.097875;0.0872901;-0.0708059;0.0554613;-0.037288;0.0236933;-0.00852319;-0.000185614;0.0093541;-0.0103741;0.0139981;-0.00974608;0.0107424;-0.00415239;0.00623737;0.0016065;-0.00987871"
44100,0.43,16,33,0,0,1e+300,0,0,"0;0;0;0;0;0;0;0;0;0;0;0;0;0;0;0;0;0;0;0;0;0;0;0;0;0;0;0;0;0;0;0;0"
44100,0.43,18,37,1,-94.9983,11.4069,36,0.816327,"-0.0044546;0.00569288;0.00690923;-0.00197481;0.0121914;-0.0117574;0.0111462;-0.00949241;0.00695544;-0.00105678;-0.00945141;0.0234596;-0.0402343;0.0544984;-0.0692982;0.0857178;-0.0993815;0.104908;0.871244;0.104908;-0.0993815;0.0857178;-0.0692982;0.0544984;-0.0402343;0.0234596;-0.00945141;-0.00105678;0.00695544;-0.00949241;0.0111462;-0.0117574;0.0121914;-0.00197481;0.00690923;0.00569288;-0.0044546"
44100,0.44,16,33,1,-94.996,10.8939,32,0.725624,"-0.00448192;-0.0050599;0.0139537;-0.00945694;0.00952774;-0.0097537;0.00465421;0.00283129;-0.00949572;0.0275597;-0.0357661;0.058027;-0.0681651;0.0848685;-0.0946514;0.100983;0.868851;0.100983;-0.0946514;0.0848685;-0.0681651;0.058027;-0.0357661;0.0275597;-0.00949572;0.00283129;0.00465421;-0.0097537;0.00952774;-0.00945694;0.0139537;-0.0050599;-0.00448192"
44100,0.44,18,37,1,-94.9986,11.3573,36,0.816327,"-0.010504;0.00196773;0.0066654;-0.00350051;0.0114283;-0.00955567;0.0146916;-0.0107993;0.00986855;-0.00104234;-0.00808684;0.0230845;-0.0373432;0.0548358;-0.0715555;0.0875039;-0.0984116;0.107501;0.866503;0.107501;-0.0984116;0.0875039;-0.0715555;0.0548358;-0.0373432;0.0230845;-0.00808684;-0.00104234;0.00986855;-0.0107993;0.0146916;-0.00955567;0.0114283;-0.00350051;0.0066654;0.00196773;-0.010504"
44100,0.46,18,37,1,-94.8246,7.71484,36,0.816327,"0.009154;-0.00975166;0.00953041;-0.00982713;0.00844467;-0.00225993;0.000228173;0.00380025;-0.0129593;0.0209761;-0.0282106;0.0386053;-0.0476052;0.0558668;-0.0677015;0.0691704;-0.0691704;0.0834154;0.896588;0.0834154;-0.0691704;0.0691704;-0.0677015;0.0558668;-0.0476052;0.0386053;-0.0282106;0.0209761;-0.0129593;0.00380025;0.000228173;-0.00225993;0.00844467;-0.00982713;0.00953041;-0.00975166;0.009154"
44100,0.46,17,35,0,0,1e+300,0,0,"0;0;0;0;0;0;0;0;0;0;0;0;0;0;0;0;0;0;0;0;0;0;0;0;0;0;0;0;0;0;0;0;0;0;0"
44100,0.47,18,37,0,0,1e+300,0,0,"0;0;0;0;0;0;0;0;0;0;0;0;0;0;0;0;0;0;0;0;0;0;0;0;0;0;0;0;0;0;0;0;0;0;0;0;0"
44100,0.47,17,35,0,0,1e+300,0,0,"0;0;0;0;0;0;0;0;0;0;0;0;0;0;0;0;0;0;0;0;0;0;0;0;0;0;0;0;0;0;0;0;0;0;0"
44100,0.48,18,37,0,0,1e+300,0,0,"0;0;0;0;0;0;0;0;0;0;0;0;0;0;0;0;0;0;0;0;0;0;0;0;0;0;0;0;0;0;0;0;0;0;0;0;0"
44100,0.48,17,35,0,0,1e+300,0,0,"0;0;0;0;0;0;0;0;0;0;0;0;0;0;0;0;0;0;0;0;0;0;0;0;0;0;0;0;0;0;0;0;0;0;0"
44100,0.49,18,37,0,0,1e+300,0,0,"0;0;0;0;0;0;0;0;0;0;0;0;0;0;0;0;0;0;0;0;0;0;0;0;0;0;0;0;0;0;0;0;0;0;0;0;0"
44100,0.49,17,35,0,0,1e+300,0,0,"0;0;0;0;0;0;0;0;0;0;0;0;0;0;0;0;0;0;0;0;0;0;0;0;0;0;0;0;0;0;0;0;0;0;0"
44100,0.51,17,35,0,0,1e+300,0,0,"0;0;0;0;0;0;0;0;0;0;0;0;0;0;0;0;0;0;0;0;0;0;0;0;0;0;0;0;0;0;0;0;0;0;0"
44100,0.52,17,35,0,0,1e+300,0,0,"0;0;0;0;0;0;0;0;0;0;0;0;0;0;0;0;0;0;0;0;0;0;0;0;0;0;0;0;0;0;0;0;0;0;0"
44100,0.53,17,35,0,0,1e+300,0,0,"0;0;0;0;0;0;0;0;0;0;0;0;0;0;0;0;0;0;0;0;0;0;0;0;0;0;0;0;0;0;0;0;0;0;0"
44100,0.54,17,35,0,0,1e+300,0,0,"0;0;0;0;0;0;0;0;0;0;0;0;0;0;0;0;0;0;0;0;0;0;0;0;0;0;0;0;0;0;0;0;0;0;0"
48000,0.01,26,53,0,0,1e+300,0,0,"0;0;0;0;0;0;0;0;0;0;0;0;0;0;0;0;0;0;0;0;0;0;0;0;0;0;0;0;0;0;0;0;0;0;0;0;0;0;0;0;0;0;0;0;0;0;0;0;0;0;0;0;0"
48000,0.02,26,53,1,-95,51.5625,52,1.08333,"0.00172685;-0.00465282;0.00878453;-0.0131445;0.016443;-0.0157727;0.00939232;0.00469611;-0.0254863;0.0500549;-0.0732941;0.0871711;-0.0850307;0.061723;-0.0162041;-0.0459485;0.114305;-0.173556;0.208067;-0.204312;0.15577;-0.0653563;-0.0553011;0.185784;-0.302506;0.38331;0.586679;0.38331;-0.302506;0.185784;-0.0553011;-0.0653563;0.15577;-0.204312;0.208067;-0.173556;0.114305;-0.0459485;-0.0162041;0.061723;-0.0850307;0.0871711;-0.0732941;0.0500549;-0.0254863;0.00469611;0.00939232;-0.0157727;0.016443;-0.0131445;0.00878453;-0.00465282;0.00172685"
48000,0.03,26,53,1,-94.9998,77.9242,52,1.08333,"0.00269608;-0.00688851;0.012339;-0.0189002;0.0230206;-0.0222338;0.0125434;0.00703992;-0.036262;0.0705435;-0.102251;0.121621;-0.118574;0.0863977;-0.024059;-0.0611906;0.155147;-0.237116;0.286293;-0.284635;0.223722;-0.106439;-0.0504778;0.221451;-0.374306;0.480346;0.480346;0.480346;-0.374306;0.221451;-0.0504778;-0.106439;0.223722;-0.284635;0.286293;-0.237116;0.155147;-0.0611906;-0.024059;0.0863977;-0.118574;0.121621;-0.102251;0.0705435;-0.036262;0.00703992;0.0125434;-0.0222338;0.0230206;-0.0189002;0.012339;-0.00688851;0.00269608"
48000,0.04,26,53,1,-94.9984,50,50,1.04167,"0.000420969;-0.00401258;0.00919969;-0.0146104;0.0208578;-0.0228433;0.0192931;-0.00645597;-0.0151011;0.0437513;-0.0731934;0.0957714;-0.102301;0.0860428;-0.044329;-0.0188288;0.0928036;-0.161485;0.206932;-0.213418;0.172296;-0.0848316;-0.0368744;0.171743;-0.293992;0.379173;0.587985;0.379173;-0.293992;0.171743;-0.0368744;-0.0848316;0.172296;-0.213418;0.206932;-0.161485;0.0928036;-0.0188288;-0.044329;0.0860428;-0.102301;0.0957714;-0.0731934;0.0437513;-0.0151011;-0.00645597;0.0192931;-0.0228433;0.0208578;-0.0146104;0.00919969;-0.00401258;0.000420969"
48000,0.06,26,53,1,-95,78.6933,52,1.08333,"0.00390058;-0.00945091;0.015592;-0.0213357;0.0247069;-0.0205107;0.00775256;0.0155564;-0.0471962;0.0816751;-0.110997;0.124844;-0.11477;0.0756003;-0.00748939;-0.0792533;0.172235;-0.248679;0.290758;-0.281908;0.214646;-0.0952404;-0.0614342;0.228773;-0.377676;0.479933;0.479933;0.479933;-0.377676;0.228773;-0.0614342;-0.0952404;0.214646;-0.281908;0.290758;-0.248679;0.172235;-0.0792533;-0.00748939;0.0756003;-0.11477;0.124844;-0.110997;0.0816751;-0.0471962;0.0155564;0.00775256;-0.0205107;0.0247069;-0.0213357;0.015592;-0.00945091;0.00390058"
48000,0.06,16,33,1,-94.9999,13.8316,32,0.666667,"-0.00114761;0.00167186;-0.000234508;-0.000954738;0.00565734;-0.00884345;0.0125558;-0.0135907;0.00930615;0.00143236;-0.0178596;0.0404815;-0.0680142;0.0954559;-0.118448;0.134352;0.85636;0.134352;-0.118448;0.0954559;-0.0680142;0.0404815;-0.0178596;0.00143236;0.00930615;-0.0135907;0.0125558;-0.00884345;0.00565734;-0.000954738;-0.000234508;0.00167186;-0.00114761"
48000,0.07,26,53,0,-93.7348,46.875,50,1.04167,"0.000252442;-0.00101484;0.0061027;-0.0107179;0.0162927;-0.0197422;0.0191467;-0.0089503;-0.00922945;0.0337526;-0.0612323;0.0829939;-0.0919112;0.0804701;-0.0438837;-0.0129497;0.0815475;-0.146574;0.189773;-0.198051;0.160682;-0.0787449;-0.0363747;0.165577;-0.282467;0.363954;0.602596;0.363954;-0.282467;0.165577;-0.0363747;-0.0787449;0.160682;-0.198051;0.189773;-0.146574;0.0815475;-0.0129497;-0.0438837;0.0804701;-0.0919112;0.0829939;-0.0612323;0.0337526;-0.00922945;-0.0089503;0.0191467;-0.0197422;0.0162927;-0.0107179;0.0061027;-0.00101484;0.000252442"
48000,0.07,16,33,1,-94.9987,14.0899,30,0.625,"-0.000831147;0.00273007;-0.000772209;-0.000499797;0.00520057;-0.00923412;0.0126599;-0.0147064;0.0113241;-0.000820641;-0.016115;0.0393588;-0.0676269;0.0961726;-0.120129;0.136995;0.852588;0.136995;-0.120129;0.0961726;-0.0676269;0.0393588;-0.016115;-0.000820641;0.0113241;-0.0147064;0.0126599;-0.00923412;0.00520057;-0.000499797;-0.000772209;0.00273007;-0.000831147"
48000,0.08,26,53,1,-94.9973,41.3531,52,1.08333,"0.00393393;-0.00813939;0.0109173;-0.0126852;0.0109245;-0.00435342;-0.00863461;0.0255683;-0.0439868;0.0607158;-0.0683898;0.0641497;-0.0450195;0.00932465;0.036578;-0.0873944;0.133077;-0.16231;0.167339;-0.142129;0.0864531;-0.005312;-0.0894657;0.187186;-0.26911;0.325382;0.650763;0.325382;-0.26911;0.187186;-0.0894657;-0.005312;0.0864531;-0.142129;0.167339;-0.16231;0.133077;-0.0873944;0.036578;0.00932465;-0.0450195;0.0641497;-0.0683898;0.0607158;-0.0439868;0.0255683;-0.00863461;-0.00435342;0.0109245;-0.0126852;0.0109173;-0.00813939;0.00393393"
48000,0.08,16,33,0,0,1e+300,0,0,"0;0;0;0;0;0;0;0;0;0;0;0;0;0;0;0;0;0;0;0;0;0;0;0;0;0;0;0;0;0;0;0;0"
48000,0.09,26,53,1,-94.9984,80.2401,52,1.08333,"0.00530491;-0.01122;0.0163977;-0.0206356;0.0209438;-0.0127804;-0.0037792;0.0297424;-0.060953;0.0916775;-0.112938;0.116959;-0.0952832;0.0469896;0.0258259;-0.112469;0.197817;-0.262867;0.291285;-0.268786;0.193726;-0.0702492;-0.0832237;0.243728;-0.385086;0.479917;0.479917;0.479917;-0.385086;0.243728;-0.0832237;-0.0702492;0.193726;-0.268786;0.291285;-0.262867;0.197817;-0.112469;0.0258259;0.0469896;-0.0952832;0.116959;-0.112938;0.0916775;-0.060953;0.0297424;-0.0037792;-0.0127804;0.0209438;-0.0206356;0.0163977;-0.01122;0.00530491"
48000,0.09,16,33,1,-95,14.9334,32,0.666667,"-0.00320241;0.00387905;-0.00200584;0.00126028;0.0039449;-0.00903697;0.015686;-0.0186233;0.0170836;-0.0071629;-0.0105527;0.0362738;-0.0665459;0.0982349;-0.125878;0.14518;0.842932;0.14518;-0.125878;0.0982349;-0.0665459;0.0362738;-0.0105527;-0.0071629;0.0170836;-0.0186233;0.015686;-0.00903697;0.0039449;0.00126028;-0.00200584;0.00387905;-0.00320241"
48000,0.11,16,33,0,0,1e+300,0,0,"0;0;0;0;0;0;0;0;0;0;0;0;0;0;0;0;0;0;0;0;0;0;0;0;0;0;0;0;0;0;0;0;0"
48000,0.11,24,49,1,-109.349,76.4046,48,1,"0.00759857;-0.0121072;0.0190641;-0.0243787;0.0229586;-0.010973;-0.0131473;0.0467734;-0.0831139;0.112461;-0.123483;0.106565;-0.0567612;-0.0226206;0.11865;-0.210553;0.273858;-0.287322;0.238462;-0.12818;-0.02826;0.203812;-0.364086;0.476524;0.476522;0.476524;-0.364086;0.203812;-0.02826;-0.12818;0.238462;-0.287322;0.273858;-0.210553;0.11865;-0.0226206;-0.0567612;0.106565;-0.123483;0.112461;-0.0831139;0.0467734;-0.0131473;-0.010973;0.0229586;-0.0243787;0.0190641;-0.0121072;0.00759857"
48000,0.12,16,33,1,-94.9989,14.9471,32,0.666667,"-0.00255775;0.00266267;-0.00309274;0.000738117;0.00411565;-0.00739432;0.0154272;-0.0181112;0.0167191;-0.00718872;-0.0106918;0.0371192;-0.0652856;0.0970668;-0.125951;0.145103;0.842642;0.145103;-0.125951;0.0970668;-0.0652856;0.0371192;-0.0106918;-0.00718872;0.0167191;-0.0181112;0.0154272;-0.00739432;0.00411565;0.000738117;-0.00309274;0.00266267;-0.00255775"
48000,0.12,24,49,0,-11.0547,47.6019,48,1,"0.0438899;0.0266557;-0.454054;0.0225158;0.0473816;0.0333118;0.0272134;0.0604204;-0.00187987;0.0840289;-0.011886;0.0740097;0.0206987;0.0219523;0.0833657;-0.037694;0.12442;-0.0460273;0.0910504;0.0300413;-0.019875;-0.309537;-0.145324;0.258393;0.953858;0.258393;-0.145324;-0.309537;-0.019875;0.0300413;0.0910504;-0.0460273;0.12442;-0.037694;0.0833657;0.0219523;0.0206987;0.0740097;-0.011886;0.0840289;-0.00187987;0.0604204;0.0272134;0.0333118;0.0473816;0.0225158;-0.454054;0.0266557;0.0438899"
48000,0.13,16,33,1,-94.9995,16.7707,32,0.666667,"-0.00493192;0.00745514;-0.00720137;0.00435684;0.00156812;-0.00884624;0.0210524;-0.0261841;0.0285155;-0.0210246;0.0015864;0.0279794;-0.0636864;0.104418;-0.137829;0.16185;0.821843;0.16185;-0.137829;0.104418;-0.0636864;0.0279794;0.0015864;-0.0210246;0.0285155;-0.0261841;0.0210524;-0.00884624;0.00156812;0.00435684;-0.00720137;0.00745514;-0.00493192"
48000,0.13,24,49,1,-94.9986,64.0625,48,1,"0.00533028;-0.011727;0.0206842;-0.0267286;0.0276409;-0.0182225;-0.00393969;0.0363528;-0.071658;0.107776;-0.123616;0.113969;-0.0723642;-0.000440704;0.0901671;-0.179196;0.243714;-0.265009;0.224987;-0.126297;-0.0182816;0.181674;-0.331001;0.437844;0.516684;0.437844;-0.331001;0.181674;-0.0182816;-0.126297;0.224987;-0.265009;0.243714;-0.179196;0.0901671;-0.000440704;-0.0723642;0.113969;-0.123616;0.107776;-0.071658;0.0363528;-0.00393969;-0.0182225;0.0276409;-0.0267286;0.0206842;-0.011727;0.00533028"
48000,0.14,16,33,1,-94.9997,16.1107,32,0.666667,"-0.00408107;0.00556898;-0.00387177;0.00502611;0.00172822;-0.00932326;0.0188486;-0.0230789;0.0235327;-0.0148471;-0.00240057;0.0296761;-0.064909;0.101775;-0.133655;0.155207;0.829608;0.155207;-0.133655;0.101775;-0.064909;0.0296761;-0.00240057;-0.0148471;0.0235327;-0.0230789;0.0188486;-0.00932326;0.00172822;0.00502611;-0.00387177;0.00556898;-0.00408107"
48000,0.14,24,49,1,-94.9999,77.1716,48,1,"0.00717443;-0.0162892;0.0218774;-0.0263192;0.0235897;-0.00778672;-0.0173628;0.053736;-0.0902773;0.118767;-0.126707;0.105069;-0.0502758;-0.0316832;0.129348;-0.218135;0.27946;-0.287544;0.236238;-0.122874;-0.0338933;0.207661;-0.366876;0.475403;0.475403;0.475403;-0.366876;0.207661;-0.0338933;-0.122874;0.236238;-0.287544;0.27946;-0.218135;0.129348;-0.0316832;-0.0502758;0.105069;-0.126707;0.118767;-0.0902773;0.053736;-0.0173628;-0.00778672;0.0235897;-0.0263192;0.0218774;-0.0162892;0.00717443"
48000,0.16,24,49,1,-94.9981,6.25,48,1,"-0.00574463;0.00609144;-0.00326207;0.000684185;0.00570442;-0.0123202;0.0213541;-0.0250223;0.0277212;-0.0227791;0.0133472;0.000745069;-0.0166222;0.03332;-0.0452208;0.0549609;-0.0587501;0.0587501;-0.0570893;0.0539718;-0.0512332;0.0508987;-0.050201;0.0506948;0.940002;0.0506948;-0.050201;0.0508987;-0.0512332;0.0539718;-0.0570893;0.0587501;-0.0587501;0.0549609;-0.0452208;0.03332;-0.0166222;0.000745069;0.0133472;-0.0227791;0.0277212;-0.0250223;0.0213541;-0.0123202;0.00570442;0.000684185;-0.00326207;0.00609144;-0.00574463"
48000,0.17,24,49,1,-95,27.7344,48,1,"0.00754159;-0.010751;0.00980198;-0.0102936;0.00307595;0.00596734;-0.0201131;0.0333558;-0.0440793;0.0472696;-0.0397136;0.0212746;0.00806687;-0.0415085;0.0749784;-0.0974358;0.105274;-0.0897905;0.0537475;0.00377949;-0.0714604;0.142974;-0.20288;0.245163;0.731511;0.245163;-0.20288;0.142974;-0.0714604;0.00377949;0.0537475;-0.0897905;0.105274;-0.0974358;0.0749784;-0.0415085;0.00806687;0.0212746;-0.0397136;0.0472696;-0.0440793;0.0333558;-0.0201131;0.00596734;0.00307595;-0.0102936;0.00980198;-0.010751;0.00754159"
48000,0.17,26,53,1,-94.9984,5.46875,52,1.08333,"-0.00267287;0.00566764;-0.00553834;0.00450887;-0.000812941;-0.00472185;0.0121072;-0.02121;0.0258878;-0.0259586;0.0235552;-0.0163291;0.00421976;0.0112625;-0.0257051;0.0384384;-0.0481692;0.0511506;-0.0511506;0.0511506;-0.0498618;0.0476128;-0.0483668;0.0511506;-0.0511506;0.0572731;0.935326;0.0572731;-0.0511506;0.0511506;-0.0483668;0.0476128;-0.0498618;0.0511506;-0.0511506;0.0511506;-0.0481692;0.0384384;-0.0257051;0.0112625;0.00421976;-0.0163291;0.0235552;-0.0259586;0.0258878;-0.02121;0.0121072;-0.00472185;-0.000812941;0.00450887;-0.00553834;0.00566764;-0.00267287"
48000,0.18,24,49,1,-94.9998,77.0139,48,1,"0.00676538;-0.0165263;0.0224296;-0.0253606;0.0212001;-0.00703178;-0.0198529;0.0543956;-0.0900375;0.115972;-0.12387;0.100874;-0.046004;-0.0339604;0.129911;-0.21855;0.276766;-0.284449;0.23508;-0.118992;-0.0340808;0.208652;-0.365802;0.474982;0.474982;0.474982;-0.365802;0.208652;-0.0340808;-0.118992;0.23508;-0.284449;0.276766;-0.21855;0.129911;-0.0339604;-0.046004;0.100874;-0.12387;0.115972;-0.0900375;0.0543956;-0.0198529;-0.00703178;0.0212001;-0.0253606;0.0224296;-0.0165263;0.00676538"
48000,0.18,26,53,0,0,1e+300,0,0,"0;0;0;0;0;0;0;0;0;0;0;0;0;0;0;0;0;0;0;0;0;0;0;0;0;0;0;0;0;0;0;0;0;0;0;0;0;0;0;0;0;0;0;0;0;0;0;0;0;0;0;0;0"
48000,0.19,24,49,1,-94.9962,78.229,48,1,"0.00612179;-0.0151911;0.0192307;-0.0210998;0.0161077;0.00349434;-0.0266046;0.0611248;-0.0908358;0.112636;-0.110513;0.0807001;-0.0224215;-0.0596748;0.150051;-0.230127;0.278924;-0.277301;0.216236;-0.10169;-0.0518748;0.220935;-0.372525;0.476198;0.476198;0.476198;-0.372525;0.220935;-0.0518748;-0.10169;0.216236;-0.277301;0.278924;-0.230127;0.150051;-0.0596748;-0.0224215;0.0807001;-0.110513;0.112636;-0.0908358;0.0611248;-0.0266046;0.00349434;0.0161077;-0.0210998;0.0192307;-0.0151911;0.00612179"
48000,0.19,26,53,1,-95,40.5173,52,1.08333,"0.00329012;-0.00406436;0.00492982;-0.011805;0.0164274;-0.0120866;0.00693788;0.00860705;-0.025956;0.0462586;-0.0634593;0.0710863;-0.0647856;0.0412159;-0.000359423;-0.0497193;0.103254;-0.144152;0.165748;-0.153584;0.108946;-0.032028;-0.0659995;0.168464;-0.260772;0.321803;0.643607;0.321803;-0.260772;0.168464;-0.0659995;-0.032028;0.108946;-0.153584;0.165748;-0.144152;0.103254;-0.0497193;-0.000359423;0.0412159;-0.0647856;0.0710863;-0.0634593;0.0462586;-0.025956;0.00860705;0.00693788;-0.0120866;0.0164274;-0.011805;0.00492982;-0.00406436;0.00329012"
48000,0.21,26,53,1,-94.9919,82.8164,52,1.08333,"0.00942454;-0.0198231;0.0254612;-0.0282047;0.0250073;-0.00771257;-0.0193991;0.0559009;-0.0934243;0.124897;-0.137169;0.125783;-0.0833739;0.0145628;0.0743743;-0.166277;0.247692;-0.296722;0.304043;-0.259456;0.167943;-0.0357361;-0.114096;0.265934;-0.394917;0.476858;0.476858;0.476858;-0.394917;0.265934;-0.114096;-0.0357361;0.167943;-0.259456;0.304043;-0.296722;0.247692;-0.166277;0.0743743;0.0145628;-0.0833739;0.125783;-0.137169;0.124897;-0.0934243;0.0559009;-0.0193991;-0.00771257;0.0250073;-0.0282047;0.0254612;-0.0198231;0.00942454"
48000,0.22,26,53,0,-50.1014,73.8165,52,1.08333,"-0.00957509;0.00865056;-0.00372376;-0.00348533;0.0184643;-0.0309907;0.0448704;-0.0436316;0.0280603;0.00750664;-0.0542055;0.104993;-0.140806;0.149456;-0.116972;0.0451682;0.0577845;-0.167282;0.256941;-0.296605;0.269118;-0.169014;0.011716;0.174337;-0.348177;0.471679;0.47145;0.471679;-0.348177;0.174337;0.011716;-0.169014;0.269118;-0.296605;0.256941;-0.167282;0.0577845;0.0451682;-0.116972;0.149456;-0.140806;0.104993;-0.0542055;0.00750664;0.0280603;-0.0436316;0.0448704;-0.0309907;0.0184643;-0.00348533;-0.00372376;0.00865056;-0.00957509"
48000,0.23,15,31,1,-94.998,12.5,30,0.625,"-0.00350002;-0.000554221;-0.00155868;0.00967195;-0.00959754;0.0117944;-0.00685867;0.00124305;0.0118631;-0.0267116;0.0481234;-0.0691987;0.091137;-0.10792;0.120387;0.863359;0.120387;-0.10792;0.091137;-0.0691987;0.0481234;-0.0267116;0.0118631;0.00124305;-0.00685867;0.0117944;-0.00959754;0.00967195;-0.00155868;-0.000554221;-0.00350002"
48000,0.24,15,31,1,-95,9.375,30,0.625,"-0.00404313;0.0101057;-0.0125723;0.0140394;-0.0116714;0.0043906;0.00477001;-0.0177311;0.0337826;-0.0485832;0.0619505;-0.0759381;0.0839336;-0.0839336;0.0938544;0.895292;0.0938544;-0.0839336;0.0839336;-0.0759381;0.0619505;-0.0485832;0.0337826;-0.0177311;0.00477001;0.0043906;-0.0116714;0.0140394;-0.0125723;0.0101057;-0.00404313"
48000,0.26,15,31,1,-95,15.6067,30,0.625,"0.00217069;-0.00725749;0.00495114;0.00295266;-0.00764751;0.0132891;-0.020675;0.0206079;-0.0109619;-0.00226837;0.0333876;-0.0617214;0.0993963;-0.129049;0.149383;0.826885;0.149383;-0.129049;0.0993963;-0.0617214;0.0333876;-0.00226837;-0.0109619;0.0206079;-0.020675;0.0132891;-0.00764751;0.00295266;0.00495114;-0.00725749;0.00217069"
48000,0.27,15,31,1,-95,15.047,30,0.625,"0.00234889;-0.00577221;0.00336132;0.00148764;-0.00563601;0.0129464;-0.0191503;0.0216693;-0.0136849;-0.00775796;0.0301575;-0.0616944;0.100088;-0.124466;0.152511;0.827184;0.152511;-0.124466;0.100088;-0.0616944;0.0301575;-0.00775796;-0.0136849;0.0216693;-0.0191503;0.0129464;-0.00563601;0.00148764;0.00336132;-0.00577221;0.00234889"
48000,0.28,15,31,0,0,1e+300,0,0,"0;0;0;0;0;0;0;0;0;0;0;0;0;0;0;0;0;0;0;0;0;0;0;0;0;0;0;0;0;0;0"
48000,0.29,15,31,1,-94.9943,8.43542,30,0.625,"-0.0118709;0.0152959;-0.0141239;0.0172441;-0.00939498;0.00190415;0.0148058;-0.0299092;0.0483783;-0.0608365;0.0715929;-0.0750187;0.0768962;-0.0744687;0.0737121;0.911587;0.0737121;-0.0744687;0.0768962;-0.0750187;0.0715929;-0.0608365;0.0483783;-0.0299092;0.0148058;0.00190415;-0.00939498;0.0172441;-0.0141239;0.0152959;-0.0118709"
48000,0.31,15,31,0,0,1e+300,0,0,"0;0;0;0;0;0;0;0;0;0;0;0;0;0;0;0;0;0;0;0;0;0;0;0;0;0;0;0;0;0;0"
48000,0.32,15,31,1,-94.9979,8.35619,30,0.625,"-0.0128314;0.0175127;-0.0168988;0.0193323;-0.00933689;0.000590816;0.0187356;-0.035915;0.0550451;-0.067266;0.0769928;-0.0765748;0.0742194;-0.0683764;0.0640772;0.921387;0.0640772;-0.0683764;0.0742194;-0.0765748;0.0769928;-0.067266;0.0550451;-0.035915;0.0187356;0.000590816;-0.00933689;0.0193323;-0.0168988;0.0175127;-0.0128314"
48000,0.33,16,33,1,-94.9995,23.848,32,0.666667,"-0.0109643;0.0201198;-0.0185469;0.0197684;-0.00622681;-0.00875011;0.0354183;-0.0536741;0.0676201;-0.0659094;0.0423751;-0.000892103;-0.0552572;0.121465;-0.178353;0.217869;0.747875;0.217869;-0.178353;0.121465;-0.0552572;-0.000892103;0.0423751;-0.0659094;0.0676201;-0.0536741;0.0354183;-0.00875011;-0.00622681;0.0197684;-0.0185469;0.0201198;-0.0109643"
48000,0.34,16,33,1,-94.999,7.61719,32,0.666667,"0.0110546;-0.0129482;0.0184765;-0.0181458;0.0134117;-0.00329385;-0.00858549;0.0250988;-0.0410807;0.0570577;-0.0698692;0.0703604;-0.0703604;0.0703604;-0.0649017;0.0615122;0.923706;0.0615122;-0.0649017;0.0703604;-0.0703604;0.0703604;-0.0698692;0.0570577;-0.0410807;0.0250988;-0.00858549;-0.00329385;0.0134117;-0.0181458;0.0184765;-0.0129482;0.0110546"
48000,0.36,16,33,1,-94.9969,7.8125,32,0.666667,"0.0134211;-0.0169715;0.0196895;-0.0176785;0.0140387;-0.00149153;-0.0125666;0.0296639;-0.046498;0.0626914;-0.0727722;0.0727722;-0.0727722;0.0659251;-0.0582831;0.0550897;0.931484;0.0550897;-0.0582831;0.0659251;-0.0727722;0.0727722;-0.0727722;0.0626914;-0.046498;0.0296639;-0.0125666;-0.00149153;0.0140387;-0.0176785;0.0196895;-0.0169715;0.0134211"
48000,0.37,16,33,1,-94.9995,20.585,32,0.666667,"-0.00870861;0.0137847;-0.010426;0.0124757;-0.00373056;-0.00836438;0.0259612;-0.0395693;0.0493047;-0.0436192;0.0289467;0.0138725;-0.0598958;0.112012;-0.159945;0.189404;0.776995;0.189404;-0.159945;0.112012;-0.0598958;0.0138725;0.0289467;-0.0436192;0.0493047;-0.0395693;0.0259612;-0.00836438;-0.00373056;0.0124757;-0.010426;0.0137847;-0.00870861"
48000,0.38,18,37,1,-94.9975,28.3757,36,0.75,"0.00306269;0.00666883;-0.0138117;0.0280256;-0.0256347;0.0259241;-0.0116058;-0.0147148;0.0418966;-0.0725577;0.0894349;-0.0905915;0.0683027;-0.0132603;-0.0555874;0.128252;-0.202;0.252258;0.711876;0.252258;-0.202;0.128252;-0.0555874;-0.0132603;0.0683027;-0.0905915;0.0894349;-0.0725577;0.0418966;-0.0147148;-0.0116058;0.0259241;-0.0256347;0.0280256;-0.0138117;0.00666883;0.00306269"
48000,0.39,18,37,1,-94.9981,22.6789,36,0.75,"0.0105116;0.0026359;-0.00954063;0.0155333;-0.0210416;0.0205864;-0.0128402;-0.00372882;0.0251998;-0.0473775;0.0620897;-0.0617168;0.0425455;-0.00242042;-0.0525045;0.114991;-0.170646;0.211501;0.752444;0.211501;-0.170646;0.114991;-0.0525045;-0.00242042;0.0425455;-0.0617168;0.0620897;-0.0473775;0.0251998;-0.00372882;-0.0128402;0.0205864;-0.0210416;0.0155333;-0.00954063;0.0026359;0.0105116"
48000,0.41,18,37,1,-94.9958,29.0318,36,0.75,"0.0067672;0.00696598;-0.0149571;0.028503;-0.0282509;0.0260796;-0.0167755;-0.0119306;0.0434161;-0.0710492;0.0949716;-0.0962132;0.0689113;-0.0205312;-0.0510049;0.133077;-0.203417;0.255103;0.700669;0.255103;-0.203417;0.133077;-0.0510049;-0.0205312;0.0689113;-0.0962132;0.0949716;-0.0710492;0.0434161;-0.0119306;-0.0167755;0.0260796;-0.0282509;0.028503;-0.0149571;0.00696598;0.0067672"
48000,0.42,18,37,1,-94.9967,6.83594,36,0.75,"0.00672269;-0.0124783;0.0172884;-0.0196949;0.0153291;-0.0123652;-0.0015502;0.0124398;-0.0227835;0.0434338;-0.050198;0.0632551;-0.0632551;0.0632551;-0.0632551;0.0632551;-0.0509597;0.0488951;0.925332;0.0488951;-0.0509597;0.0632551;-0.0632551;0.0632551;-0.0632551;0.0632551;-0.050198;0.0434338;-0.0227835;0.0124398;-0.0015502;-0.0123652;0.0153291;-0.0196949;0.0172884;-0.0124783;0.00672269"
48000,0.43,16,33,1,-95,18.9597,32,0.666667,"0.00270064;0.0108639;-0.0135474;0.0133103;-0.00148061;-0.0021051;0.0194031;-0.0337201;0.036645;-0.0381457;0.0182868;0.0150532;-0.0554093;0.107046;-0.148672;0.177699;0.784144;0.177699;-0.148672;0.107046;-0.0554093;0.0150532;0.0182868;-0.0381457;0.036645;-0.0337201;0.0194031;-0.0021051;-0.00148061;0.0133103;-0.0135474;0.0108639;0.00270064"
48000,0.44,16,33,1,-94.9962,31.3299,32,0.666667,"-0.0203627;0.0301725;-0.0302039;0.0322108;-0.0125093;-0.0110511;0.0490213;-0.0801356;0.105349;-0.104978;0.0808994;-0.024804;-0.0501119;0.13722;-0.214649;0.27137;0.685124;0.27137;-0.214649;0.13722;-0.0501119;-0.024804;0.0808994;-0.104978;0.105349;-0.0801356;0.0490213;-0.0110511;-0.0125093;0.0322108;-0.0302039;0.0301725;-0.0203627"
48000,0.46,16,33,1,-94.9957,33.1777,32,0.666667,"-0.0224228;0.032857;-0.0326092;0.0346361;-0.0139463;-0.0118134;0.0523405;-0.0856541;0.113624;-0.11374;0.0891806;-0.0305632;-0.0490844;0.14168;-0.222695;0.282601;0.671217;0.282601;-0.222695;0.14168;-0.0490844;-0.0305632;0.0891806;-0.11374;0.113624;-0.0856541;0.0523405;-0.0118134;-0.0139463;0.0346361;-0.0326092;0.032857;-0.0224228"
48000,0.47,16,33,0,0,1e+300,0,0,"0;0;0;0;0;0;0;0;0;0;0;0;0;0;0;0;0;0;0;0;0;0;0;0;0;0;0;0;0;0;0;0;0"
48000,0.48,15,31,0,0,1e+300,0,0,"0;0;0;0;0;0;0;0;0;0;0;0;0;0;0;0;0;0;0;0;0;0;0;0;0;0;0;0;0;0;0"
48000,0.49,15,31,1,-95,20.7384,30,0.625,"0.00911902;-0.0169582;0.0160877;-0.00496582;-0.00415235;0.022849;-0.0342746;0.0462824;-0.0447577;0.0285051;0.0152268;-0.0507797;0.107549;-0.159508;0.185206;0.769141;0.185206;-0.159508;0.107549;-0.0507797;0.0152268;0.0285051;-0.0447577;0.0462824;-0.0342746;0.022849;-0.00415235;-0.00496582;0.0160877;-0.0169582;0.00911902"
48000,0.51,15,31,0,0,1e+300,0,0,"0;0;0;0;0;0;0;0;0;0;0;0;0;0;0;0;0;0;0;0;0;0;0;0;0;0;0;0;0;0;0"
48000,0.52,15,31,0,0,1e+300,0,0,"0;0;0;0;0;0;0;0;0;0;0;0;0;0;0;0;0;0;0;0;0;0;0;0;0;0;0;0;0;0;0"
88200,0.03,19,39,1,-94.9983,6.25,38,0.430839,"0.00673643;-0.0149532;0.00491986;0.0263609;-0.0378002;0.000278675;0.0378002;-0.0126102;-0.0378002;0.0229032;0.0378002;-0.0378002;-0.018619;0.0195341;0.0378002;-0.0286636;-0.0378002;-0.0274556;0.256967;0.604803;0.256967;-0.0274556;-0.0378002;-0.0286636;0.0378002;0.0195341;-0.018619;-0.0378002;0.0378002;0.0229032;-0.0378002;-0.0126102;0.0378002;0.000278675;-0.0378002;0.0263609;0.00491986;-0.0149532;0.00673643"
88200,0.04,19,39,0,0,1e+300,0,0,"0;0;0;0;0;0;0;0;0;0;0;0;0;0;0;0;0;0;0;0;0;0;0;0;0;0;0;0;0;0;0;0;0;0;0;0;0;0;0"
88200,0.06,19,39,0,0,1e+300,0,0,"0;0;0;0;0;0;0;0;0;0;0;0;0;0;0;0;0;0;0;0;0;0;0;0;0;0;0;0;0;0;0;0;0;0;0;0;0;0;0"
88200,0.07,19,39,0,0,1e+300,0,0,"0;0;0;0;0;0;0;0;0;0;0;0;0;0;0;0;0;0;0;0;0;0;0;0;0;0;0;0;0;0;0;0;0;0;0;0;0;0;0"
88200,0.08,17,35,1,-94.9965,4.88281,34,0.385488,"0.00860816;-0.00696356;-0.0109956;0.0216021;-0.00707881;-0.00422897;-0.00657281;0.00239073;0.0296658;-0.0296658;-0.0163144;0.0224239;0.0296658;-0.0296658;-0.0296658;-0.0296658;0.252683;0.607555;0.252683;-0.0296658;-0.0296658;-0.0296658;0.0296658;0.0224239;-0.0163144;-0.0296658;0.0296658;0.00239073;-0.00657281;-0.00422897;-0.00707881;0.0216021;-0.0109956;-0.00696356;0.00860816"
88200,0.09,17,35,1,-94.9963,4.88281,34,0.385488,"0.01044;-0.00969301;-0.0123422;0.0296394;-0.0149642;-0.00621459;0.00438528;-0.00649029;0.0296394;-0.0247119;-0.0197836;0.0232458;0.0296394;-0.0296394;-0.0296394;-0.0296394;0.252621;0.607016;0.252621;-0.0296394;-0.0296394;-0.0296394;0.0296394;0.0232458;-0.0197836;-0.0247119;0.0296394;-0.00649029;0.00438528;-0.00621459;-0.0149642;0.0296394;-0.0123422;-0.00969301;0.01044"
88200,0.11,17,35,1,-94.996,12.5,34,0.385488,"0.00290907;0.0150131;-0.0326516;0.00212792;0.0611196;-0.0611196;-0.0206246;0.0611196;0.00500029;-0.0589736;0.00595878;0.0611196;-0.0543035;0.0473588;-0.0611196;-0.0611196;0.343707;0.488956;0.343707;-0.0611196;-0.0611196;0.0473588;-0.0543035;0.0611196;0.00595878;-0.0589736;0.00500029;0.0611196;-0.0206246;-0.0611196;0.0611196;0.00212792;-0.0326516;0.0150131;0.00290907"
88200,0.12,17,35,1,-94.9933,25,34,0.385488,"-0.00251485;0.0143671;-0.0395621;0.032817;0.0343557;-0.103433;0.103433;-0.0397052;-0.0211188;0.0675198;-0.103433;0.103433;-0.0715112;0.071573;-0.0633844;-0.103433;0.413731;0.413731;0.413731;-0.103433;-0.0633844;0.071573;-0.0715112;0.103433;-0.103433;0.0675198;-0.0211188;-0.0397052;0.103433;-0.103433;0.0343557;0.032817;-0.0395621;0.0143671;-0.00251485"
88200,0.13,17,35,1,-94.9958,25,34,0.385488,"-0.0105634;0.0427031;-0.0418158;-0.0239522;0.103387;-0.103387;0.0326731;0.0161396;-0.0222539;0.0510229;-0.103387;0.103387;-0.0599588;0.0607042;-0.061633;-0.103387;0.413547;0.413547;0.413547;-0.103387;-0.061633;0.0607042;-0.0599588;0.103387;-0.103387;0.0510229;-0.0222539;0.0161396;0.0326731;-0.103387;0.103387;-0.0239522;-0.0418158;0.0427031;-0.0105634"
88200,0.14,17,35,1,-94.9972,100,34,0.385488,"-0.0275816;0.116893;-0.132579;-0.0979408;0.431303;-0.424698;-0.0235006;0.431303;-0.431303;0.25106;-0.132172;-0.102527;0.431303;-0.355388;-0.153009;0.287535;0.287535;0.287535;0.287535;0.287535;-0.153009;-0.355388;0.431303;-0.102527;-0.132172;0.25106;-0.431303;0.431303;-0.0235006;-0.424698;0.431303;-0.0979408;-0.132579;0.116893;-0.0275816"
88200,0.16,17,35,1,-94.9999,4.58984,34,0.385488,"0.00825454;-0.011799;-0.00808946;0.0277836;-0.0181373;-0.00323852;0.00288773;-0.00282799;0.0277836;-0.0277836;-0.0150527;0.0207689;0.0277836;-0.0277836;-0.0277836;-0.0277836;0.252353;0.605329;0.252353;-0.0277836;-0.0277836;-0.0277836;0.0277836;0.0207689;-0.0150527;-0.0277836;0.0277836;-0.00282799;0.00288773;-0.00323852;-0.0181373;0.0277836;-0.00808946;-0.011799;0.00825454"
88200,0.17,17,35,1,-94.9947,4.49219,34,0.385488,"0.00797568;-0.00719657;-0.016004;0.0271276;0.0005289;-0.0271276;0.00363158;0.0238733;0.00255275;-0.0271276;-0.000749021;0.0127686;0.0271276;-0.0271276;-0.0271276;-0.0271276;0.25206;0.603884;0.25206;-0.0271276;-0.0271276;-0.0271276;0.0271276;0.0127686;-0.000749021;-0.0271276;0.00255275;0.0238733;0.00363158;-0.0271276;0.0005289;0.0271276;-0.016004;-0.00719657;0.00797568"
88200,0.18,17,35,1,-94.9987,50,34,0.385488,"0.00246272;0.029123;-0.083444;0.0677681;0.0735514;-0.220364;0.220364;-0.0715601;-0.0816338;0.170806;-0.220364;0.220364;-0.154256;0.053867;0.0525874;-0.220364;0.440728;0.440728;0.440728;-0.220364;0.0525874;0.053867;-0.154256;0.220364;-0.220364;0.170806;-0.0816338;-0.0715601;0.220364;-0.220364;0.0735514;0.0677681;-0.083444;0.029123;0.00246272"
88200,0.19,17,35,1,-95,4.49219,34,0.385488,"0.00819193;-0.00872748;-0.0148012;0.0269716;-0.000471386;-0.0269716;0.00282906;0.0269716;7.91129e-05;-0.0269716;0.000880479;0.0124621;0.0269716;-0.0269716;-0.0269716;-0.0269716;0.253295;0.600412;0.253295;-0.0269716;-0.0269716;-0.0269716;0.0269716;0.0124621;0.000880479;-0.0269716;7.91129e-05;0.0269716;0.00282906;-0.0269716;-0.000471386;0.0269716;-0.0148012;-0.00872748;0.00819193"
88200,0.21,17,35,1,-94.9952,4.49219,34,0.385488,"0.00710327;-0.0116863;-0.00623049;0.0270532;-0.0193801;-0.00260765;0.00458306;-0.0035625;0.0270532;-0.0270532;-0.0161712;0.020853;0.0270532;-0.0270532;-0.0270532;-0.0270532;0.253038;0.602229;0.253038;-0.0270532;-0.0270532;-0.0270532;0.0270532;0.020853;-0.0161712;-0.0270532;0.0270532;-0.0035625;0.00458306;-0.00260765;-0.0193801;0.0270532;-0.00623049;-0.0116863;0.00710327"
88200,0.22,17,35,1,-94.9999,50,34,0.385488,"-0.0133757;0.0541413;-0.074844;-0.031007;0.206502;-0.206502;-0.0350104;0.206502;-0.071057;-0.101741;0.00649989;0.206502;-0.206502;0.0593713;0.0247881;-0.143772;0.413004;0.413004;0.413004;-0.143772;0.0247881;0.0593713;-0.206502;0.206502;0.00649989;-0.101741;-0.071057;0.206502;-0.0350104;-0.206502;0.206502;-0.031007;-0.074844;0.0541413;-0.0133757"
88200,0.23,17,35,1,-94.9965,50,34,0.385488,"0.0137596;0.00849726;-0.0867037;0.108373;0.0370866;-0.219555;0.219555;-0.0478749;-0.0694887;0.0801761;-0.128261;0.219555;-0.219555;0.100833;0.0444925;-0.219555;0.43911;0.43911;0.43911;-0.219555;0.0444925;0.100833;-0.219555;0.219555;-0.128261;0.0801761;-0.0694887;-0.0478749;0.219555;-0.219555;0.0370866;0.108373;-0.0867037;0.00849726;0.0137596"
88200,0.24,17,35,1,-94.9931,4.39453,34,0.385488,"0.00468355;-0.00572574;-0.0121392;0.0223467;0.00325029;-0.0262588;0.00230593;0.0262588;-0.000223505;-0.0262588;-0.00244406;0.013393;0.0262588;-0.0262588;-0.0262588;-0.0262588;0.254563;0.597534;0.254563;-0.0262588;-0.0262588;-0.0262588;0.0262588;0.013393;-0.00244406;-0.0262588;-0.000223505;0.0262588;0.00230593;-0.0262588;0.00325029;0.0223467;-0.0121392;-0.00572574;0.00468355"
88200,0.26,17,35,1,-94.9963,4.39453,34,0.385488,"0.00651474;-0.0107197;-0.00640777;0.0263887;-0.0186944;-0.00377979;0.00598015;-0.00360372;0.0263887;-0.0263887;-0.0166379;0.0206403;0.0263887;-0.0263887;-0.0263887;-0.0263887;0.252852;0.600489;0.252852;-0.0263887;-0.0263887;-0.0263887;0.0263887;0.0206403;-0.0166379;-0.0263887;0.0263887;-0.00360372;0.00598015;-0.00377979;-0.0186944;0.0263887;-0.00640777;-0.0107197;0.00651474"
88200,0.27,17,35,1,-94.9992,50,34,0.385488,"0.0207333;-0.0599279;0.0472842;0.0743852;-0.202334;0.171018;0.0341669;-0.202334;0.202334;-0.0919989;0.0220241;-0.00283871;-0.0765381;0.202334;-0.202334;-0.0429764;0.404668;0.404668;0.404668;-0.0429764;-0.202334;0.202334;-0.0765381;-0.00283871;0.0220241;-0.0919989;0.202334;-0.202334;0.0341669;0.171018;-0.202334;0.0743852;0.0472842;-0.0599279;0.0207333"
88200,0.28,17,35,0,0,1e+300,0,0,"0;0;0;0;0;0;0;0;0;0;0;0;0;0;0;0;0;0;0;0;0;0;0;0;0;0;0;0;0;0;0;0;0;0;0"
88200,0.29,17,35,1,-94.9942,5.07813,34,0.385488,"0.00274385;-0.0139782;0.0110861;0.0158537;-0.0318309;0.0258681;-0.0130363;-0.00627674;0.0318309;-0.0318309;0.00656773;-0.00528275;0.0318309;-0.0159297;-0.0318309;-0.0318309;0.242634;0.626824;0.242634;-0.0318309;-0.0318309;-0.0159297;0.0318309;-0.00528275;0.00656773;-0.0318309;0.0318309;-0.00627674;-0.0130363;0.0258681;-0.0318309;0.0158537;0.0110861;-0.0139782;0.00274385"
88200,0.31,17,35,0,0,1e+300,0,0,"0;0;0;0;0;0;0;0;0;0;0;0;0;0;0;0;0;0;0;0;0;0;0;0;0;0;0;0;0;0;0;0;0;0;0"
88200,0.32,17,35,1,-94.9978,100,34,0.385488,"-0.0154353;0.116551;-0.168763;-0.0603613;0.438451;-0.438451;-0.0740107;0.438451;-0.173521;-0.202777;0.0149605;0.438451;-0.438451;0.0375649;0.228314;-0.29865;0.438451;0.438451;0.438451;-0.29865;0.228314;0.0375649;-0.438451;0.438451;0.0149605;-0.202777;-0.173521;0.438451;-0.0740107;-0.438451;0.438451;-0.0603613;-0.168763;0.116551;-0.0154353"
88200,0.33,16,33,1,-94.9946,100,32,0.362812,"0.0721026;-0.219482;0.195471;0.186883;-0.63132;0.63132;-0.148431;-0.298089;0.450195;-0.518834;0.63132;-0.516767;0.0461674;0.453326;-0.63132;0.531638;0.531638;0.531638;-0.63132;0.453326;0.0461674;-0.516767;0.63132;-0.518834;0.450195;-0.298089;-0.148431;0.63132;-0.63132;0.186883;0.195471;-0.219482;0.0721026"
88200,0.34,16,33,1,-94.9969,4.6875,32,0.362812,"0.004638;-0.0103783;-0.00480226;0.0270547;-0.0113597;-0.0270547;0.0270547;0.0179175;-0.0270547;-0.0230687;0.0270547;0.0270547;-0.0270547;-0.0270547;-0.0270547;0.265525;0.577166;0.265525;-0.0270547;-0.0270547;-0.0270547;0.0270547;0.0270547;-0.0230687;-0.0270547;0.0179175;0.0270547;-0.0270547;-0.0113597;0.0270547;-0.00480226;-0.0103783;0.004638"
88200,0.36,16,33,1,-94.9969,4.78516,32,0.362812,"0.00419815;-0.0133792;0.00301996;0.0271645;-0.0271645;-0.00992749;0.0271645;0.00282065;-0.0138905;-0.0271645;0.0271645;0.0271645;-0.0271645;-0.0271645;-0.0271645;0.270482;0.567683;0.270482;-0.0271645;-0.0271645;-0.0271645;0.0271645;0.0271645;-0.0271645;-0.0138905;0.00282065;0.0271645;-0.00992749;-0.0271645;0.0271645;0.00301996;-0.0133792;0.00419815"
88200,0.37,16,33,1,-94.9954,50,32,0.362812,"-0.0431289;0.073453;0.00733615;-0.153037;0.202279;-0.0507519;-0.145301;0.202279;-0.119804;0.0474464;-0.0114803;-0.0716638;0.202279;-0.202279;-0.0444634;0.404558;0.404558;0.404558;-0.0444634;-0.202279;0.202279;-0.0716638;-0.0114803;0.0474464;-0.119804;0.202279;-0.145301;-0.0507519;0.202279;-0.153037;0.00733615;0.073453;-0.0431289"
88200,0.38,14,29,1,-94.9944,4.58984,28,0.31746,"0.00101413;0.000308633;0.00260806;-0.0172725;0.0103324;0.0273364;-0.0273364;-0.0179266;0.020267;0.0273364;-0.0273364;-0.0273364;-0.0273364;0.25755;0.595584;0.25755;-0.0273364;-0.0273364;-0.0273364;0.0273364;0.020267;-0.0179266;-0.0273364;0.0273364;0.0103324;-0.0172725;0.00260806;0.000308633;0.00101413"
88200,0.39,14,29,1,-94.9992,4.58984,28,0.31746,"-0.00191267;0.00563218;0.0036723;-0.0253595;0.0148503;0.0272463;-0.0272463;-0.016207;0.0183162;0.0272463;-0.0272463;-0.0272463;-0.0272463;0.25869;0.593621;0.25869;-0.0272463;-0.0272463;-0.0272463;0.0272463;0.0183162;-0.016207;-0.0272463;0.0272463;0.0148503;-0.0253595;0.0036723;0.00563218;-0.00191267"
88200,0.41,14,29,1,-94.995,50,28,0.31746,"0.0385926;-0.0354236;-0.0566719;0.158348;-0.0789719;-0.148789;0.213937;0.00490412;-0.193581;0.0570283;0.213937;-0.213937;-0.101183;0.427874;0.427874;0.427874;-0.101183;-0.213937;0.213937;0.0570283;-0.193581;0.00490412;0.213937;-0.148789;-0.0789719;0.158348;-0.0566719;-0.0354236;0.0385926"
88200,0.42,14,29,1,-94.9996,6.25,28,0.31746,"0.0122245;0.00198445;-0.0230473;0.016393;0.00389797;-0.0107394;0.0150057;-0.0348866;0.0161024;0.0348866;-0.0183853;-0.0348866;-0.0348866;0.277244;0.558186;0.277244;-0.0348866;-0.0348866;-0.0183853;0.0348866;0.0161024;-0.0348866;0.0150057;-0.0107394;0.00389797;0.016393;-0.0230473;0.00198445;0.0122245"
88200,0.43,20,41,1,-95,6.25,40,0.453515,"0.0168799;-0.0152035;-0.00760395;0.0356813;-0.0356813;0.013596;0.0134579;-0.0202248;0.0356813;-0.0356813;0.000135973;0.0356813;-0.0138312;-0.0356813;0.017865;0.0356813;-0.0266771;-0.0356813;-0.0356813;0.271837;0.570901;0.271837;-0.0356813;-0.0356813;-0.0266771;0.0356813;0.017865;-0.0356813;-0.0138312;0.0356813;0.000135973;-0.0356813;0.0356813;-0.0202248;0.0134579;0.013596;-0.0356813;0.0356813;-0.00760395;-0.0152035;0.0168799"
88200,0.44,20,41,1,-94.9998,100,40,0.453515,"0.0705646;-0.134707;0.0849538;0.0986485;-0.26868;0.26903;-0.111821;-0.0355268;0.0454462;-0.00446244;0.0950204;-0.26903;0.26903;-0.0894751;0.0654816;-0.26903;0.26903;0.146497;-0.53806;0.53806;0.53806;0.53806;-0.53806;0.146497;0.26903;-0.26903;0.0654816;-0.0894751;0.26903;-0.26903;0.0950204;-0.00446244;0.0454462;-0.0355268;-0.111821;0.26903;-0.26868;0.0986485;0.0849538;-0.134707;0.0705646"
88200,0.46,20,41,1,-94.9974,50,40,0.453515,"0.0133745;-0.0823269;0.106972;0.0215073;-0.185212;0.185212;-0.064793;0.0444191;-0.0695731;-0.0293069;0.185212;-0.185212;0.126471;-0.185212;0.185212;0.0360041;-0.185212;0.0744872;-0.0476584;0.370424;0.370424;0.370424;-0.0476584;0.0744872;-0.185212;0.0360041;0.185212;-0.185212;0.126471;-0.185212;0.185212;-0.0293069;-0.0695731;0.0444191;-0.064793;0.185212;-0.185212;0.0215073;0.106972;-0.0823269;0.0133745"
88200,0.47,20,41,1,-94.9999,25,40,0.453515,"-0.0105287;0.0350712;-0.0281856;-0.028662;0.101184;-0.101184;0.0306357;0.0578244;-0.101184;0.101184;-0.101184;0.0572916;0.0337322;-0.101184;0.101184;-0.0738925;0.101184;-0.101184;-0.0792059;0.404736;0.404736;0.404736;-0.0792059;-0.101184;0.101184;-0.0738925;0.101184;-0.101184;0.0337322;0.0572916;-0.101184;0.101184;-0.101184;0.0578244;0.0306357;-0.101184;0.101184;-0.028662;-0.0281856;0.0350712;-0.0105287"
88200,0.48,20,41,1,-94.9952,3.61328,40,0.453515,"-0.0114784;0.0125857;0.0126561;-0.0218878;0.00526969;0.00301744;0.0156902;-0.0143475;-0.0218878;0.0218878;0.00973621;-0.00234893;-0.0218878;0.00937119;0.00280199;0.0218878;-0.0218878;-0.0218878;-0.0218878;0.241718;0.60576;0.241718;-0.0218878;-0.0218878;-0.0218878;0.0218878;0.00280199;0.00937119;-0.0218878;-0.00234893;0.00973621;0.0218878;-0.0218878;-0.0143475;0.0156902;0.00301744;0.00526969;-0.0218878;0.0126561;0.0125857;-0.0114784"
88200,0.49,20,41,1,-94.9957,100,40,0.453515,"0.0587594;-0.0913003;0.0520942;0.0198558;-0.0724276;0.151867;-0.25971;0.25971;-0.0896325;-0.104086;0.195049;-0.230832;0.25971;-0.25971;0.25971;-0.25971;0.106162;0.24478;-0.519421;0.519421;0.519421;0.519421;-0.519421;0.24478;0.106162;-0.25971;0.25971;-0.25971;0.25971;-0.230832;0.195049;-0.104086;-0.0896325;0.25971;-0.25971;0.151867;-0.0724276;0.0198558;0.0520942;-0.0913003;0.0587594"
88200,0.51,20,41,1,-94.9975,3.51563,40,0.453515,"-0.0110892;0.0084752;0.0199304;-0.0211413;-0.00830554;0.0171167;0.0149508;-0.0211413;-0.0211413;0.0211413;0.0211413;-0.0165982;-0.0211413;0.0194877;-0.00273458;0.0211413;-0.0211413;-0.0211413;-0.0211413;0.242655;0.601353;0.242655;-0.0211413;-0.0211413;-0.0211413;0.0211413;-0.00273458;0.0194877;-0.0211413;-0.0165982;0.0211413;0.0211413;-0.0211413;-0.0211413;0.0149508;0.0171167;-0.00830554;-0.0211413;0.0199304;0.0084752;-0.0110892"
88200,0.52,20,41,1,-94.9975,25,40,0.453515,"-0.0125073;0.0381468;-0.02916;-0.0311997;0.101236;-0.101236;0.0347292;0.0523179;-0.101236;0.101236;-0.101236;0.0590557;0.0320529;-0.101236;0.101236;-0.0707873;0.101236;-0.101236;-0.0788257;0.404942;0.404942;0.404942;-0.0788257;-0.101236;0.101236;-0.0707873;0.101236;-0.101236;0.0320529;0.0590557;-0.101236;0.101236;-0.101236;0.0523179;0.0347292;-0.101236;0.101236;-0.0311997;-0.02916;0.0381468;-0.0125073"
96000,0.03,18,37,0,0,1e+300,0,0,"0;0;0;0;0;0;0;0;0;0;0;0;0;0;0;0;0;0;0;0;0;0;0;0;0;0;0;0;0;0;0;0;0;0;0;0;0"
96000,0.04,18,37,0,0,1e+300,0,0,"0;0;0;0;0;0;0;0;0;0;0;0;0;0;0;0;0;0;0;0;0;0;0;0;0;0;0;0;0;0;0;0;0;0;0;0;0"
96000,0.06,18,37,0,0,1e+300,0,0,"0;0;0;0;0;0;0;0;0;0;0;0;0;0;0;0;0;0;0;0;0;0;0;0;0;0;0;0;0;0;0;0;0;0;0;0;0"
96000,0.07,18,37,0,0,1e+300,0,0,"0;0;0;0;0;0;0;0;0;0;0;0;0;0;0;0;0;0;0;0;0;0;0;0;0;0;0;0;0;0;0;0;0;0;0;0;0"
96000,0.08,15,31,0,0,1e+300,0,0,"0;0;0;0;0;0;0;0;0;0;0;0;0;0;0;0;0;0;0;0;0;0;0;0;0;0;0;0;0;0;0"
96000,0.09,15,31,1,-94.9947,37.5,30,0.3125,"-0.0157013;0.0557258;-0.0511406;-0.046362;0.161169;-0.161169;0.0436657;0.0829165;-0.149799;0.161169;-0.139372;0.104001;-0.0286103;-0.161169;0.429784;0.429784;0.429784;-0.161169;-0.0286103;0.104001;-0.139372;0.161169;-0.149799;0.0829165;0.0436657;-0.161169;0.161169;-0.046362;-0.0511406;0.0557258;-0.0157013"
96000,0.11,15,31,1,-94.9929,6.25,30,0.3125,"-0.0110938;0.0178976;0.00325904;-0.034476;0.034476;-0.00135487;-0.0116615;0.0131708;-0.034476;0.034476;0.0161452;-0.0210412;-0.034476;-0.034476;0.287823;0.551616;0.287823;-0.034476;-0.034476;-0.0210412;0.0161452;0.034476;-0.034476;0.0131708;-0.0116615;-0.00135487;0.034476;-0.034476;0.00325904;0.0178976;-0.0110938"
96000,0.12,15,31,1,-94.9961,50,30,0.3125,"-0.0225265;0.073525;-0.0649226;-0.0652317;0.222469;-0.222469;0.0510539;0.135698;-0.222469;0.222469;-0.180911;0.106013;0.022364;-0.222469;0.444937;0.444937;0.444937;-0.222469;0.022364;0.106013;-0.180911;0.222469;-0.222469;0.135698;0.0510539;-0.222469;0.222469;-0.0652317;-0.0649226;0.073525;-0.0225265"
96000,0.13,20,41,0,0,1e+300,0,0,"0;0;0;0;0;0;0;0;0;0;0;0;0;0;0;0;0;0;0;0;0;0;0;0;0;0;0;0;0;0;0;0;0;0;0;0;0;0;0;0;0"
96000,0.14,20,41,0,0,1e+300,0,0,"0;0;0;0;0;0;0;0;0;0;0;0;0;0;0;0;0;0;0;0;0;0;0;0;0;0;0;0;0;0;0;0;0;0;0;0;0;0;0;0;0"
96000,0.16,20,41,1,-94.9989,25,40,0.416667,"-0.0226731;0.0517395;-0.00209703;-0.0951081;0.0951081;0.0047458;-0.0357811;-0.0161762;-0.00666905;0.0951081;-0.0951081;0.039094;-0.0181572;-0.0196149;0.0951081;-0.0951081;0.0660233;-0.0951081;-0.0159748;0.380432;0.380432;0.380432;-0.0159748;-0.0951081;0.0660233;-0.0951081;0.0951081;-0.0196149;-0.0181572;0.039094;-0.0951081;0.0951081;-0.00666905;-0.0161762;-0.0357811;0.0047458;0.0951081;-0.0951081;-0.00209703;0.0517395;-0.0226731"
96000,0.17,20,41,1,-94.9963,6.34766,40,0.416667,"-0.00583102;0.0288427;-0.0367965;-0.00378568;0.0541367;-0.0541367;0.0309093;-0.0319665;0.0370838;-0.000105227;-0.0393906;0.0541367;-0.0541367;0.0541367;-0.0541367;0.0541367;-0.0541367;0.0450744;-0.0541367;0.103671;0.852861;0.103671;-0.0541367;0.0450744;-0.0541367;0.0541367;-0.0541367;0.0541367;-0.0541367;0.0541367;-0.0393906;-0.000105227;0.0370838;-0.0319665;0.0309093;-0.0541367;0.0541367;-0.00378568;-0.0367965;0.0288427;-0.00583102"
96000,0.18,20,41,1,-95,3.51563,40,0.416667,"-0.00421665;0.013718;-0.00603048;-0.0217727;0.0217727;0.00918991;-0.00976365;-0.0217727;0.0217727;0.00835852;-0.0105438;0.00369171;-0.0217727;0.0217727;-0.0073246;0.0217727;-0.0217727;-0.0217727;-0.0217727;0.23681;0.619312;0.23681;-0.0217727;-0.0217727;-0.0217727;0.0217727;-0.0073246;0.0217727;-0.0217727;0.00369171;-0.0105438;0.00835852;0.0217727;-0.0217727;-0.00976365;0.00918991;0.0217727;-0.0217727;-0.00603048;0.013718;-0.00421665"
96000,0.19,20,41,1,-94.9975,3.41797,40,0.416667,"-0.00353508;0.0125752;-0.00872406;-0.014874;0.0213355;-0.00461375;0.00639362;-0.0213355;0.00620785;0.0213355;-0.0131936;0.00224695;-0.0213355;0.0213355;-0.00658117;0.0213355;-0.0213355;-0.0213355;-0.0213355;0.233326;0.624216;0.233326;-0.0213355;-0.0213355;-0.0213355;0.0213355;-0.00658117;0.0213355;-0.0213355;0.00224695;-0.0131936;0.0213355;0.00620785;-0.0213355;0.00639362;-0.00461375;0.0213355;-0.014874;-0.00872406;0.0125752;-0.00353508"
96000,0.21,20,41,1,-94.9959,50,40,0.416667,"0.0156534;-0.0822896;0.108071;0.0198028;-0.188189;0.188189;-0.0621808;0.04142;-0.08012;-0.0234624;0.188189;-0.188189;0.129015;-0.188189;0.188189;0.0354881;-0.188189;0.070848;-0.0486231;0.376377;0.376377;0.376377;-0.0486231;0.070848;-0.188189;0.0354881;0.188189;-0.188189;0.129015;-0.188189;0.188189;-0.0234624;-0.08012;0.04142;-0.0621808;0.188189;-0.188189;0.0198028;0.108071;-0.0822896;0.0156534"
96000,0.22,20,41,1,-94.9997,12.5,40,0.416667,"0.0308703;-0.043511;-0.00156398;0.062637;-0.062637;0.026252;-0.0257265;0.0354943;0.00702056;-0.062637;0.062637;-0.0441303;0.062637;-0.062637;-0.00989448;0.062637;-0.00125836;-0.062637;-0.062637;0.338536;0.501096;0.338536;-0.062637;-0.062637;-0.00125836;0.062637;-0.00989448;-0.062637;0.062637;-0.0441303;0.062637;-0.062637;0.00702056;0.0354943;-0.0257265;0.026252;-0.062637;0.062637;-0.00156398;-0.043511;0.0308703"
96000,0.23,15,31,1,-94.9966,50,30,0.3125,"-0.0173036;0.0952687;-0.112189;-0.0747484;0.340952;-0.340952;0.0118063;0.299742;-0.340952;0.239233;-0.157133;0.0314619;0.183863;-0.340952;0.340952;0.681904;0.340952;-0.340952;0.183863;0.0314619;-0.157133;0.239233;-0.340952;0.299742;0.0118063;-0.340952;0.340952;-0.0747484;-0.112189;0.0952687;-0.0173036"
96000,0.24,15,31,1,-94.9955,100,30,0.3125,"-0.0653627;0.150461;-0.0341628;-0.290488;0.462468;-0.211166;-0.237663;0.548508;-0.548508;0.149938;0.423669;-0.508629;-0.024699;0.274254;0.274254;0.274254;0.274254;0.274254;-0.024699;-0.508629;0.423669;0.149938;-0.548508;0.548508;-0.237663;-0.211166;0.462468;-0.290488;-0.0341628;0.150461;-0.0653627"
96000,0.26,15,31,1,-94.9954,50,30,0.3125,"-0.0230178;0.0750976;-0.062775;-0.0658285;0.221923;-0.221923;0.0498056;0.134412;-0.221923;0.221923;-0.177253;0.106324;0.0193902;-0.221923;0.443845;0.443845;0.443845;-0.221923;0.0193902;0.106324;-0.177253;0.221923;-0.221923;0.134412;0.0498056;-0.221923;0.221923;-0.0658285;-0.062775;0.0750976;-0.0230178"
96000,0.27,15,31,1,-94.9995,50,30,0.3125,"-0.0191988;0.0724736;-0.067098;-0.0595005;0.220296;-0.220296;0.0531689;0.13012;-0.220296;0.220296;-0.179197;0.106908;0.0217315;-0.220296;0.440592;0.440592;0.440592;-0.220296;0.0217315;0.106908;-0.179197;0.220296;-0.220296;0.13012;0.0531689;-0.220296;0.220296;-0.0595005;-0.067098;0.0724736;-0.0191988"
96000,0.28,11,23,1,-94.9854,4.19922,22,0.229167,"-0.00741837;0.0165561;0.00210487;-0.0227552;0.00106005;0.00892123;0.0249604;-0.0249604;-0.0249604;-0.0249604;0.254249;0.594406;0.254249;-0.0249604;-0.0249604;-0.0249604;0.0249604;0.00892123;0.00106005;-0.0227552;0.00210487;0.0165561;-0.00741837"
96000,0.29,11,23,1,-94.9854,4.19922,22,0.229167,"-0.0073272;0.01646;0.00180495;-0.0224099;0.00132896;0.00857938;0.0249698;-0.0249698;-0.0249698;-0.0249698;0.254189;0.594629;0.254189;-0.0249698;-0.0249698;-0.0249698;0.0249698;0.00857938;0.00132896;-0.0224099;0.00180495;0.01646;-0.0073272"
96000,0.31,11,23,1,-94.9951,4.19922,22,0.229167,"-0.00634786;0.0148572;0.0037228;-0.0245484;-0.00190316;0.0164917;0.0203592;-0.0245484;-0.0245484;-0.0245484;0.258716;0.584595;0.258716;-0.0245484;-0.0245484;-0.0245484;0.0203592;0.0164917;-0.00190316;-0.0245484;0.0037228;0.0148572;-0.00634786"
96000,0.32,11,23,1,-94.991,4.10156,22,0.229167,"-0.0058258;0.0178194;-0.00175141;-0.0243028;0.0051226;0.00883089;0.0230597;-0.0243028;-0.0243028;-0.0243028;0.253693;0.592525;0.253693;-0.0243028;-0.0243028;-0.0243028;0.0230597;0.00883089;0.0051226;-0.0243028;-0.00175141;0.0178194;-0.0058258"
96000,0.33,11,23,1,-94.991,4.10156,22,0.229167,"-0.00517667;0.0185262;-0.00256043;-0.0242932;0.00615184;0.0082124;0.0225001;-0.0242932;-0.0242932;-0.0242932;0.253374;0.592291;0.253374;-0.0242932;-0.0242932;-0.0242932;0.0225001;0.0082124;0.00615184;-0.0242932;-0.00256043;0.0185262;-0.00517667"
96000,0.34,11,23,1,-94.991,4.10156,22,0.229167,"-0.0045645;0.0190951;-0.0034265;-0.0242786;0.00716883;0.00777768;0.0220594;-0.0242786;-0.0242786;-0.0242786;0.253037;0.591935;0.253037;-0.0242786;-0.0242786;-0.0242786;0.0220594;0.00777768;0.00716883;-0.0242786;-0.0034265;0.0190951;-0.0045645"
96000,0.36,11,23,1,-94.9843,4.10156,22,0.229167,"-0.00344704;0.0202003;-0.00504254;-0.0242491;0.00917061;0.00694354;0.0213044;-0.0242491;-0.0242491;-0.0242491;0.252259;0.591216;0.252259;-0.0242491;-0.0242491;-0.0242491;0.0213044;0.00694354;0.00917061;-0.0242491;-0.00504254;0.0202003;-0.00344704"
96000,0.37,11,23,1,-94.9913,4.00391,22,0.229167,"-0.00634498;0.0166503;3.23041e-05;-0.0235933;0.00255815;0.00950547;0.0232936;-0.0235933;-0.0235933;-0.0235933;0.25405;0.589257;0.25405;-0.0235933;-0.0235933;-0.0235933;0.0232936;0.00950547;0.00255815;-0.0235933;3.23041e-05;0.0166503;-0.00634498"
96000,0.38,20,41,1,-94.9963,3.125,40,0.416667,"-0.0020071;0.00971197;-0.0087166;-0.012432;0.0189509;-0.00122182;0.00205405;-0.0189509;0.00800153;0.0189509;-0.010009;-0.00267899;-0.0189509;0.0189509;-0.00463205;0.0189509;-0.0189509;-0.0189509;-0.0189509;0.237666;0.60643;0.237666;-0.0189509;-0.0189509;-0.0189509;0.0189509;-0.00463205;0.0189509;-0.0189509;-0.00267899;-0.010009;0.0189509;0.00800153;-0.0189509;0.00205405;-0.00122182;0.0189509;-0.012432;-0.0087166;0.00971197;-0.0020071"
96000,0.39,20,41,1,-94.9974,3.125,38,0.395833,"-4.77781e-05;0.00877771;-0.0123409;-0.00820024;0.0189988;-0.00559574;0.00414899;-0.0189988;0.00888817;0.0189988;-0.0108642;-0.00111862;-0.0189988;0.0189988;-0.00576364;0.0189988;-0.0189988;-0.0189988;-0.0189988;0.237134;0.607963;0.237134;-0.0189988;-0.0189988;-0.0189988;0.0189988;-0.00576364;0.0189988;-0.0189988;-0.00111862;-0.0108642;0.0189988;0.00888817;-0.0189988;0.00414899;-0.00559574;0.0189988;-0.00820024;-0.0123409;0.00877771;-4.77781e-05"
96000,0.41,20,41,1,-94.9957,3.125,40,0.416667,"0.00252477;0.00668539;-0.0173185;-0.000831811;0.0189643;-0.0116291;0.00785129;-0.0189643;0.00898321;0.0189643;-0.0119227;-0.000602167;-0.0189643;0.0189643;-0.00561612;0.0189643;-0.0189643;-0.0189643;-0.0189643;0.237411;0.606857;0.237411;-0.0189643;-0.0189643;-0.0189643;0.0189643;-0.00561612;0.0189643;-0.0189643;-0.000602167;-0.0119227;0.0189643;0.00898321;-0.0189643;0.00785129;-0.0116291;0.0189643;-0.000831811;-0.0173185;0.00668539;0.00252477"
96000,0.42,20,41,1,-94.9996,3.125,40,0.416667,"0.00356134;0.00578728;-0.0189353;0.0023702;0.0189353;-0.0138971;0.00810032;-0.0189353;0.0098695;0.0189353;-0.0119175;-0.000955824;-0.0189353;0.0189353;-0.00577251;0.0189353;-0.0189353;-0.0189353;-0.0189353;0.23776;0.605931;0.23776;-0.0189353;-0.0189353;-0.0189353;0.0189353;-0.00577251;0.0189353;-0.0189353;-0.000955824;-0.0119175;0.0189353;0.0098695;-0.0189353;0.00810032;-0.0138971;0.0189353;0.0023702;-0.0189353;0.00578728;0.00356134"
96000,0.43,20,41,0,0,1e+300,0,0,"0;0;0;0;0;0;0;0;0;0;0;0;0;0;0;0;0;0;0;0;0;0;0;0;0;0;0;0;0;0;0;0;0;0;0;0;0;0;0;0;0"
96000,0.44,20,41,1,-94.999,3.125,40,0.416667,"0.00291513;0.00626459;-0.0188157;0.00232408;0.0188157;-0.015736;0.00965928;-0.0164526;0.00580332;0.0188157;-0.00762145;-0.00354509;-0.0188157;0.0188157;-0.00535626;0.0188157;-0.0188157;-0.0188157;-0.0188157;0.239509;0.602103;0.239509;-0.0188157;-0.0188157;-0.0188157;0.0188157;-0.00535626;0.0188157;-0.0188157;-0.00354509;-0.00762145;0.0188157;0.00580332;-0.0164526;0.00965928;-0.015736;0.0188157;0.00232408;-0.0188157;0.00626459;0.00291513"
96000,0.46,20,41,1,-94.9996,12.5,40,0.416667,"0.0404838;-0.0393472;-0.0106;0.052917;-0.052917;0.0503083;-0.052453;0.0203791;0.0299277;-0.052917;0.052917;-0.0519785;0.052917;-0.052917;0.0313138;0.011553;-0.000336083;-0.052917;-0.052917;0.364915;0.423336;0.364915;-0.052917;-0.052917;-0.000336083;0.011553;0.0313138;-0.052917;0.052917;-0.0519785;0.052917;-0.052917;0.0299277;0.0203791;-0.052453;0.0503083;-0.052917;0.052917;-0.0106;-0.0393472;0.0404838"
96000,0.47,20,41,1,-94.9999,3.125,40,0.416667,"0.00244573;0.00836533;-0.0086202;-0.0172608;0.0172608;0.0172608;-0.0172608;-0.0172608;0.0146369;0.0172608;-0.000108773;-0.0172608;-0.0172608;0.0172608;0.0172608;-0.00623829;-0.0172608;-0.0172608;-0.0172608;0.265129;0.552345;0.265129;-0.0172608;-0.0172608;-0.0172608;-0.00623829;0.0172608;0.0172608;-0.0172608;-0.0172608;-0.000108773;0.0172608;0.0146369;-0.0172608;-0.0172608;0.0172608;0.0172608;-0.0172608;-0.0086202;0.00836533;0.00244573"
96000,0.48,20,41,1,-94.9983,3.02734,40,0.416667,"0.00378628;0.00594241;-0.0182046;0.00130363;0.0182046;-0.011804;0.00706087;-0.0182046;0.00972429;0.0182046;-0.0106329;-0.00231676;-0.0182046;0.0182046;-0.00599405;0.0182046;-0.0182046;-0.0182046;-0.0182046;0.23867;0.60134;0.23867;-0.0182046;-0.0182046;-0.0182046;0.0182046;-0.00599405;0.0182046;-0.0182046;-0.00231676;-0.0106329;0.0182046;0.00972429;-0.0182046;0.00706087;-0.011804;0.0182046;0.00130363;-0.0182046;0.00594241;0.00378628"
96000,0.49,20,41,1,-94.9987,3.125,40,0.416667,"0.0049284;0.00133553;-0.0186067;0.0104637;0.00898287;-0.0152397;0.0186067;-0.0186067;0.00125587;0.0186067;-0.00314505;-0.00745919;-0.0186067;0.0186067;-0.00390475;0.0186067;-0.0186067;-0.0186067;-0.0186067;0.242288;0.595414;0.242288;-0.0186067;-0.0186067;-0.0186067;0.0186067;-0.00390475;0.0186067;-0.0186067;-0.00745919;-0.00314505;0.0186067;0.00125587;-0.0186067;0.0186067;-0.0152397;0.00898287;0.0104637;-0.0186067;0.00133553;0.0049284"
96000,0.51,20,41,0,0,1e+300,0,0,"0;0;0;0;0;0;0;0;0;0;0;0;0;0;0;0;0;0;0;0;0;0;0;0;0;0;0;0;0;0;0;0;0;0;0;0;0;0;0;0;0"
96000,0.52,20,41,1,-94.9974,2.92969,38,0.395833,"-9.6723e-05;0.00592594;-0.00532716;-0.0164635;0.0164635;0.0164635;-0.0164635;-0.0164635;0.0139202;0.0164635;-0.00266972;-0.0156502;-0.0164635;0.0164635;0.012591;0.00184409;-0.0164635;-0.0164635;-0.0164635;0.257876;0.561955;0.257876;-0.0164635;-0.0164635;-0.0164635;0.00184409;0.012591;0.0164635;-0.0164635;-0.0156502;-0.00266972;0.0164635;0.0139202;-0.0164635;-0.0164635;0.0164635;0.0164635;-0.0164635;-0.00532716;0.00592594;-9.6723e-05"
