sampleRateHz,attenuationDb,M,tapCount,feasible,worstStopbandDb,rPeakPercent,settlingSampleSpan,settlingMs,taps
44100,0.05,8,17,0,0,1e+300,0,0,0;0;0;0;0;0;0;0;0;0;0;0;0;0;0;0;0
44100,0.05,9,19,0,0,1e+300,0,0,0;0;0;0;0;0;0;0;0;0;0;0;0;0;0;0;0;0;0
44100,0.05,10,21,0,0,1e+300,0,0,0;0;0;0;0;0;0;0;0;0;0;0;0;0;0;0;0;0;0;0;0
44100,0.05,11,23,0,0,1e+300,0,0,0;0;0;0;0;0;0;0;0;0;0;0;0;0;0;0;0;0;0;0;0;0;0
44100,0.05,12,25,0,0,1e+300,0,0,0;0;0;0;0;0;0;0;0;0;0;0;0;0;0;0;0;0;0;0;0;0;0;0;0
44100,0.05,13,27,0,0,1e+300,0,0,0;0;0;0;0;0;0;0;0;0;0;0;0;0;0;0;0;0;0;0;0;0;0;0;0;0;0
44100,0.05,14,29,0,0,1e+300,0,0,0;0;0;0;0;0;0;0;0;0;0;0;0;0;0;0;0;0;0;0;0;0;0;0;0;0;0;0;0
44100,0.05,15,31,0,0,1e+300,0,0,0;0;0;0;0;0;0;0;0;0;0;0;0;0;0;0;0;0;0;0;0;0;0;0;0;0;0;0;0;0;0
44100,0.05,16,33,0,0,1e+300,0,0,0;0;0;0;0;0;0;0;0;0;0;0;0;0;0;0;0;0;0;0;0;0;0;0;0;0;0;0;0;0;0;0;0
44100,0.05,17,35,0,0,1e+300,0,0,0;0;0;0;0;0;0;0;0;0;0;0;0;0;0;0;0;0;0;0;0;0;0;0;0;0;0;0;0;0;0;0;0;0;0
44100,0.05,18,37,0,0,1e+300,0,0,0;0;0;0;0;0;0;0;0;0;0;0;0;0;0;0;0;0;0;0;0;0;0;0;0;0;0;0;0;0;0;0;0;0;0;0;0
44100,0.05,19,39,0,0,1e+300,0,0,0;0;0;0;0;0;0;0;0;0;0;0;0;0;0;0;0;0;0;0;0;0;0;0;0;0;0;0;0;0;0;0;0;0;0;0;0;0;0
44100,0.05,20,41,0,0,1e+300,0,0,0;0;0;0;0;0;0;0;0;0;0;0;0;0;0;0;0;0;0;0;0;0;0;0;0;0;0;0;0;0;0;0;0;0;0;0;0;0;0;0;0
44100,0.05,21,43,0,0,1e+300,0,0,0;0;0;0;0;0;0;0;0;0;0;0;0;0;0;0;0;0;0;0;0;0;0;0;0;0;0;0;0;0;0;0;0;0;0;0;0;0;0;0;0;0;0
44100,0.05,22,45,0,0,1e+300,0,0,0;0;0;0;0;0;0;0;0;0;0;0;0;0;0;0;0;0;0;0;0;0;0;0;0;0;0;0;0;0;0;0;0;0;0;0;0;0;0;0;0;0;0;0;0
44100,0.05,23,47,0,0,1e+300,0,0,0;0;0;0;0;0;0;0;0;0;0;0;0;0;0;0;0;0;0;0;0;0;0;0;0;0;0;0;0;0;0;0;0;0;0;0;0;0;0;0;0;0;0;0;0;0;0
44100,0.05,24,49,0,0,1e+300,0,0,0;0;0;0;0;0;0;0;0;0;0;0;0;0;0;0;0;0;0;0;0;0;0;0;0;0;0;0;0;0;0;0;0;0;0;0;0;0;0;0;0;0;0;0;0;0;0;0;0
44100,0.05,25,51,1,-94.9983,8.59375,50,1.13379,0.00122254;-0.000783424;-0.000376269;0.000473974;-0.00179052;0.00284543;-0.00427939;0.0053907;-0.00673952;0.00767873;-0.00742078;0.00660843;-0.00425203;0.000776591;0.00419892;-0.0109618;0.0189249;-0.0275749;0.0374365;-0.0470893;0.0570622;-0.0656778;0.073278;-0.0785188;0.0827311;0.913673;0.0827311;-0.0785188;0.073278;-0.0656778;0.0570622;-0.0470893;0.0374365;-0.0275749;0.0189249;-0.0109618;0.00419892;0.000776591;-0.00425203;0.00660843;-0.00742078;0.00767873;-0.00673952;0.0053907;-0.00427939;0.00284543;-0.00179052;0.000473974;-0.000376269;-0.000783424;0.00122254
44100,0.05,26,53,0,0,1e+300,0,0,0;0;0;0;0;0;0;0;0;0;0;0;0;0;0;0;0;0;0;0;0;0;0;0;0;0;0;0;0;0;0;0;0;0;0;0;0;0;0;0;0;0;0;0;0;0;0;0;0;0;0;0;0
44100,0.05,27,55,1,-95,10.9323,54,1.22449,-0.00122682;6.452e-05;0.00108954;-0.00103859;0.00222858;-0.00227708;0.00279945;-0.00209493;0.00127539;0.000809044;-0.00310193;0.00627484;-0.00914574;0.0118764;-0.0132788;0.0131662;-0.010506;0.0053105;0.00308002;-0.0140789;0.0274818;-0.0425807;0.0583189;-0.0734147;0.086885;-0.0973744;0.104105;0.890707;0.104105;-0.0973744;0.086885;-0.0734147;0.0583189;-0.0425807;0.0274818;-0.0140789;0.00308002;0.0053105;-0.010506;0.0131662;-0.0132788;0.0118764;-0.00914574;0.00627484;-0.00310193;0.000809044;0.00127539;-0.00209493;0.00279945;-0.00227708;0.00222858;-0.00103859;0.00108954;6.452e-05;-0.00122682
44100,0.05,28,57,1,-94.9998,12.0917,50,1.13379,0.00073301;-6.80282e-05;-0.000870003;0.00131929;-0.00286525;0.00390258;-0.00447334;0.00499082;-0.0039166;0.0024344;-0.000590569;-0.00329237;0.00780763;-0.0126958;0.0160071;-0.019126;0.0200492;-0.0177889;0.0127869;-0.00353282;-0.00870032;0.0248682;-0.0415446;0.0602428;-0.0780134;0.0943012;-0.106405;0.114447;0.879987;0.114447;-0.106405;0.0943012;-0.0780134;0.0602428;-0.0415446;0.0248682;-0.00870032;-0.00353282;0.0127869;-0.0177889;0.0200492;-0.019126;0.0160071;-0.0126958;0.00780763;-0.00329237;-0.000590569;0.0024344;-0.0039166;0.00499082;-0.00447334;0.00390258;-0.00286525;0.00131929;-0.000870003;-6.80282e-05;0.00073301
44100,0.05,29,59,1,-94.9994,8.46501,58,1.31519,0.00231912;-0.00178563;0.0021189;-0.00222382;0.00195764;-0.00123777;5.0334e-05;0.00157633;-0.00356483;0.00576179;-0.0079364;0.00981059;-0.0110899;0.0114789;-0.010705;0.00857089;-0.00500424;3.97184e-05;0.0062744;-0.0140155;0.0225049;-0.0316263;0.0410348;-0.0502425;0.0588295;-0.0664494;0.0727772;-0.0775146;0.0804379;0.915706;0.0804379;-0.0775146;0.0727772;-0.0664494;0.0588295;-0.0502425;0.0410348;-0.0316263;0.0225049;-0.0140155;0.0062744;3.97184e-05;-0.00500424;0.00857089;-0.010705;0.0114789;-0.0110899;0.00981059;-0.0079364;0.00576179;-0.00356483;0.00157633;5.0334e-05;-0.00123777;0.00195764;-0.00222382;0.0021189;-0.00178563;0.00231912
44100,0.05,30,61,1,-94.9979,11.535,60,1.36054,0.00191585;-0.00184353;0.00150375;-0.00189969;0.000963671;-0.000168599;-0.00113955;0.00261753;-0.00401921;0.00547355;-0.00567085;0.00539496;-0.00338378;0.000982456;0.00308538;-0.00710059;0.0116172;-0.0144986;0.0161472;-0.0149194;0.0108414;-0.00293087;-0.00835953;0.022838;-0.0395225;0.0568699;-0.0742986;0.0896298;-0.102058;0.109551;0.884764;0.109551;-0.102058;0.0896298;-0.0742986;0.0568699;-0.0395225;0.022838;-0.00835953;-0.00293087;0.0108414;-0.0149194;0.0161472;-0.0144986;0.0116172;-0.00710059;0.00308538;0.000982456;-0.00338378;0.00539496;-0.00567085;0.00547355;-0.00401921;0.00261753;-0.00113955;-0.000168599;0.000963671;-0.00189969;0.00150375;-0.00184353;0.00191585
44100,0.05,31,63,0,-94.4385,12.8006,60,1.36054,0.000212144;0.00128874;-0.00113091;0.000258033;0.000152747;-0.000580722;0.00227016;-0.00302378;0.00494723;-0.00590394;0.00659986;-0.00639118;0.00461607;-0.00190299;-0.00250059;0.00770891;-0.0132432;0.0186385;-0.0223515;0.0241108;-0.0225683;0.0173181;-0.00824153;-0.00516385;0.021449;-0.0407727;0.0607613;-0.0805153;0.0980318;-0.11181;0.121;0.873473;0.121;-0.11181;0.0980318;-0.0805153;0.0607613;-0.0407727;0.021449;-0.00516385;-0.00824153;0.0173181;-0.0225683;0.0241108;-0.0223515;0.0186385;-0.0132432;0.00770891;-0.00250059;-0.00190299;0.00461607;-0.00639118;0.00659986;-0.00590394;0.00494723;-0.00302378;0.00227016;-0.000580722;0.000152747;0.000258033;-0.00113091;0.00128874;0.000212144
44100,0.05,32,65,1,-94.9989,16.2844,64,1.45125,0.00235333;-0.00262533;0.0032432;-0.00352597;0.00323206;-0.00239579;-4.50456e-05;0.00283965;-0.00654826;0.0107116;-0.0143905;0.0168433;-0.0180235;0.0164288;-0.0121506;0.00534803;0.00409578;-0.0151561;0.0262407;-0.0361535;0.0432594;-0.0454732;0.0422675;-0.0324643;0.01595;0.00643178;-0.0328074;0.0620762;-0.0906686;0.116545;-0.137166;0.15057;0.842316;0.15057;-0.137166;0.116545;-0.0906686;0.0620762;-0.0328074;0.00643178;0.01595;-0.0324643;0.0422675;-0.0454732;0.0432594;-0.0361535;0.0262407;-0.0151561;0.00409578;0.00534803;-0.0121506;0.0164288;-0.0180235;0.0168433;-0.0143905;0.0107116;-0.00654826;0.00283965;-4.50456e-05;-0.00239579;0.00323206;-0.00352597;0.0032432;-0.00262533;0.00235333
44100,0.05,33,67,0,-94.1943,10.024,66,1.4966,0.00182772;-0.000583448;0.000500848;-0.000316263;3.82621e-05;0.000272347;-0.000551229;0.000731128;-0.000777168;0.000684901;-0.000506712;0.000333228;-0.000297256;0.000530956;-0.00114913;0.00219475;-0.00362351;0.00526517;-0.00683721;0.00794476;-0.00813883;0.00697961;-0.00397911;-0.00140479;0.00894201;-0.0187734;0.030501;-0.0435031;0.0569447;-0.0698637;0.0812496;-0.0901484;0.0958513;0.899322;0.0958513;-0.0901484;0.0812496;-0.0698637;0.0569447;-0.0435031;0.030501;-0.0187734;0.00894201;-0.00140479;-0.00397911;0.00697961;-0.00813883;0.00794476;-0.00683721;0.00526517;-0.00362351;0.00219475;-0.00114913;0.000530956;-0.000297256;0.000333228;-0.000506712;0.000684901;-0.000777168;0.000731128;-0.000551229;0.000272347;3.82621e-05;-0.000316263;0.000500848;-0.000583448;0.00182772
44100,0.05,34,69,0,0,1e+300,0,0,0;0;0;0;0;0;0;0;0;0;0;0;0;0;0;0;0;0;0;0;0;0;0;0;0;0;0;0;0;0;0;0;0;0;0;0;0;0;0;0;0;0;0;0;0;0;0;0;0;0;0;0;0;0;0;0;0;0;0;0;0;0;0;0;0;0;0;0;0
44100,0.05,35,71,1,-94.9998,35.5611,70,1.5873,-0.0026648;0.0042798;-0.00624036;0.0093954;-0.0115068;0.0131658;-0.0122572;0.00936599;-0.00336446;-0.00518525;0.0165948;-0.0292467;0.0427066;-0.0542605;0.06229;-0.0641786;0.0589637;-0.0448919;0.0229871;0.00629784;-0.0402157;0.0757332;-0.108311;0.134031;-0.148366;0.148025;-0.131318;0.0979941;-0.0497014;-0.00991667;0.0760144;-0.142377;0.202669;-0.250654;0.281716;0.704854;0.281716;-0.250654;0.202669;-0.142377;0.0760144;-0.00991667;-0.0497014;0.0979941;-0.131318;0.148025;-0.148366;0.134031;-0.108311;0.0757332;-0.0402157;0.00629784;0.0229871;-0.0448919;0.0589637;-0.0641786;0.06229;-0.0542605;0.0427066;-0.0292467;0.0165948;-0.00518525;-0.00336446;0.00936599;-0.0122572;0.0131658;-0.0115068;0.0093954;-0.00624036;0.0042798;-0.0026648
44100,0.05,36,73,1,-94.9478,44.0731,72,1.63265,0.00289447;-0.00517059;0.00736235;-0.011052;0.0135052;-0.0157798;0.0157016;-0.0134159;0.00770825;0.00148192;-0.0139058;0.0291034;-0.0451204;0.060735;-0.0727889;0.0798238;-0.0786549;0.0686605;-0.0481147;0.0184683;0.019357;-0.0612945;0.104016;-0.142015;0.170945;-0.185502;0.182875;-0.160787;0.119538;-0.061332;-0.00962053;0.0872816;-0.164738;0.234674;-0.290299;0.326122;0.658675;0.326122;-0.290299;0.234674;-0.164738;0.0872816;-0.00962053;-0.061332;0.119538;-0.160787;0.182875;-0.185502;0.170945;-0.142015;0.104016;-0.0612945;0.019357;0.0184683;-0.0481147;0.0686605;-0.0786549;0.0798238;-0.0727889;0.060735;-0.0451204;0.0291034;-0.0139058;0.00148192;0.00770825;-0.0134159;0.0157016;-0.0157798;0.0135052;-0.011052;0.00736235;-0.00517059;0.00289447
44100,0.05,37,75,1,-94.9995,88.236,74,1.678,-0.0011153;0.00523214;-0.00770598;0.0125553;-0.0174027;0.0219985;-0.0250528;0.0253283;-0.0215001;0.0125286;0.00216178;-0.0223029;0.0467999;-0.0734096;0.0990682;-0.119993;0.132174;-0.131953;0.116487;-0.0843996;0.0362762;0.0251851;-0.0950703;0.166571;-0.231767;0.282467;-0.311111;0.31165;-0.280767;0.218561;-0.128332;0.0167666;0.106342;-0.229945;0.341872;-0.431155;0.488639;0.488639;0.488639;-0.431155;0.341872;-0.229945;0.106342;0.0167666;-0.128332;0.218561;-0.280767;0.31165;-0.311111;0.282467;-0.231767;0.166571;-0.0950703;0.0251851;0.0362762;-0.0843996;0.116487;-0.131953;0.132174;-0.119993;0.0990682;-0.0734096;0.0467999;-0.0223029;0.00216178;0.0125286;-0.0215001;0.0253283;-0.0250528;0.0219985;-0.0174027;0.0125553;-0.00770598;0.00523214;-0.0011153
44100,0.05,38,77,0,674.481,100,76,1.72336,-6.97009e+31;-6.97009e+31;-6.97009e+31;-6.97009e+31;-6.97009e+31;-6.97009e+31;-6.97009e+31;-6.97009e+31;-6.97009e+31;-6.97009e+31;-6.97009e+31;-6.97009e+31;-6.97009e+31;-6.97009e+31;-6.97009e+31;-6.97009e+31;-6.97009e+31;-6.97009e+31;-6.97009e+31;-6.97009e+31;-6.97009e+31;-6.97009e+31;-6.97009e+31;-6.97009e+31;-6.97009e+31;-6.97009e+31;2.8119e+33;-6.97009e+31;-6.97009e+31;-6.97009e+31;-6.97009e+31;-6.97009e+31;-6.97009e+31;-6.97009e+31;-6.97009e+31;-6.97009e+31;-6.97009e+31;-6.97009e+31;-4.65927e+32;-6.97009e+31;-6.97009e+31;-6.97009e+31;-6.97009e+31;-6.97009e+31;-6.97009e+31;-6.97009e+31;-6.97009e+31;-6.97009e+31;-6.97009e+31;-6.97009e+31;2.8119e+33;-6.97009e+31;-6.97009e+31;-6.97009e+31;-6.97009e+31;-6.97009e+31;-6.97009e+31;-6.97009e+31;-6.97009e+31;-6.97009e+31;-6.97009e+31;-6.97009e+31;-6.97009e+31;-6.97009e+31;-6.97009e+31;-6.97009e+31;-6.97009e+31;-6.97009e+31;-6.97009e+31;-6.97009e+31;-6.97009e+31;-6.97009e+31;-6.97009e+31;-6.97009e+31;-6.97009e+31;-6.97009e+31;-6.97009e+31
44100,0.05,39,79,1,-94.9985,88.1288,78,1.76871,0.00172745;-4.69236e-05;-0.00124935;0.00382378;-0.00756607;0.0122866;-0.0177186;0.0228608;-0.0264085;0.0272249;-0.0239549;0.0152627;-0.000636253;-0.0196193;0.0445485;-0.0720295;0.0987138;-0.120803;0.134356;-0.135355;0.120751;-0.0893315;0.0415564;0.0200992;-0.0905661;0.163065;-0.22961;0.28166;-0.311668;0.31335;-0.283556;0.221854;-0.131619;0.0199599;0.103664;-0.227989;0.340713;-0.430527;0.48852;0.48852;0.48852;-0.430527;0.340713;-0.227989;0.103664;0.0199599;-0.131619;0.221854;-0.283556;0.31335;-0.311668;0.28166;-0.22961;0.163065;-0.0905661;0.0200992;0.0415564;-0.0893315;0.120751;-0.135355;0.134356;-0.120803;0.0987138;-0.0720295;0.0445485;-0.0196193;-0.000636253;0.0152627;-0.0239549;0.0272249;-0.0264085;0.0228608;-0.0177186;0.0122866;-0.00756607;0.00382378;-0.00124935;-4.69236e-05;0.00172745
44100,0.1,8,17,0,0,1e+300,0,0,0;0;0;0;0;0;0;0;0;0;0;0;0;0;0;0;0
44100,0.1,9,19,0,0,1e+300,0,0,0;0;0;0;0;0;0;0;0;0;0;0;0;0;0;0;0;0;0
44100,0.1,10,21,0,0,1e+300,0,0,0;0;0;0;0;0;0;0;0;0;0;0;0;0;0;0;0;0;0;0;0
44100,0.1,11,23,0,0,1e+300,0,0,0;0;0;0;0;0;0;0;0;0;0;0;0;0;0;0;0;0;0;0;0;0;0
44100,0.1,12,25,0,0,1e+300,0,0,0;0;0;0;0;0;0;0;0;0;0;0;0;0;0;0;0;0;0;0;0;0;0;0;0
44100,0.1,13,27,0,0,1e+300,0,0,0;0;0;0;0;0;0;0;0;0;0;0;0;0;0;0;0;0;0;0;0;0;0;0;0;0;0
44100,0.1,14,29,0,0,1e+300,0,0,0;0;0;0;0;0;0;0;0;0;0;0;0;0;0;0;0;0;0;0;0;0;0;0;0;0;0;0;0
44100,0.1,15,31,0,0,1e+300,0,0,0;0;0;0;0;0;0;0;0;0;0;0;0;0;0;0;0;0;0;0;0;0;0;0;0;0;0;0;0;0;0
44100,0.1,16,33,0,0,1e+300,0,0,0;0;0;0;0;0;0;0;0;0;0;0;0;0;0;0;0;0;0;0;0;0;0;0;0;0;0;0;0;0;0;0;0
44100,0.1,17,35,0,0,1e+300,0,0,0;0;0;0;0;0;0;0;0;0;0;0;0;0;0;0;0;0;0;0;0;0;0;0;0;0;0;0;0;0;0;0;0;0;0
44100,0.1,18,37,1,-94.9994,10.0154,34,0.770975,-0.000184406;-0.00414558;0.00594997;-0.00618068;0.00864686;-0.00805767;0.00774427;-0.00400463;-0.000503859;0.00862956;-0.0180013;0.0302007;-0.0429612;0.05679;-0.0693171;0.0810297;-0.0898292;0.0957408;0.896908;0.0957408;-0.0898292;0.0810297;-0.0693171;0.05679;-0.0429612;0.0302007;-0.0180013;0.00862956;-0.000503859;-0.00400463;0.00774427;-0.00805767;0.00864686;-0.00618068;0.00594997;-0.00414558;-0.000184406
44100,0.1,19,39,0,0,1e+300,0,0,0;0;0;0;0;0;0;0;0;0;0;0;0;0;0;0;0;0;0;0;0;0;0;0;0;0;0;0;0;0;0;0;0;0;0;0;0;0;0
44100,0.1,20,41,0,0,1e+300,0,0,0;0;0;0;0;0;0;0;0;0;0;0;0;0;0;0;0;0;0;0;0;0;0;0;0;0;0;0;0;0;0;0;0;0;0;0;0;0;0;0;0
44100,0.1,21,43,1,-94.9985,10.5357,42,0.952381,0.00356759;-0.00121817;0.000487992;0.000889225;-0.00281887;0.00514358;-0.00755408;0.00956715;-0.0106188;0.0101542;-0.00765191;0.0026611;0.00508332;-0.0155095;0.0281637;-0.0423097;0.0570423;-0.0713238;0.0840049;-0.093959;0.100289;0.891819;0.100289;-0.093959;0.0840049;-0.0713238;0.0570423;-0.0423097;0.0281637;-0.0155095;0.00508332;0.0026611;-0.00765191;0.0101542;-0.0106188;0.00956715;-0.00755408;0.00514358;-0.00281887;0.000889225;0.000487992;-0.00121817;0.00356759
44100,0.1,22,45,0,0,1e+300,0,0,0;0;0;0;0;0;0;0;0;0;0;0;0;0;0;0;0;0;0;0;0;0;0;0;0;0;0;0;0;0;0;0;0;0;0;0;0;0;0;0;0;0;0;0;0
44100,0.1,23,47,0,0,1e+300,0,0,0;0;0;0;0;0;0;0;0;0;0;0;0;0;0;0;0;0;0;0;0;0;0;0;0;0;0;0;0;0;0;0;0;0;0;0;0;0;0;0;0;0;0;0;0;0;0
44100,0.1,24,49,0,0,1e+300,0,0,0;0;0;0;0;0;0;0;0;0;0;0;0;0;0;0;0;0;0;0;0;0;0;0;0;0;0;0;0;0;0;0;0;0;0;0;0;0;0;0;0;0;0;0;0;0;0;0;0
44100,0.1,25,51,0,0,1e+300,0,0,0;0;0;0;0;0;0;0;0;0;0;0;0;0;0;0;0;0;0;0;0;0;0;0;0;0;0;0;0;0;0;0;0;0;0;0;0;0;0;0;0;0;0;0;0;0;0;0;0;0;0
44100,0.1,26,53,1,-94.9631,9.92739,52,1.17914,0.00328138;-0.00112221;0.000229709;-0.000471931;-0.000550685;0.000422278;-0.000996266;0.000394798;9.92008e-05;-0.00156443;0.00313099;-0.00496006;0.00646003;-0.00705555;0.00646473;-0.00381214;-0.000731409;0.00783001;-0.0171089;0.0291427;-0.041595;0.0555908;-0.0682499;0.0802931;-0.0890782;0.0953081;0.897298;0.0953081;-0.0890782;0.0802931;-0.0682499;0.0555908;-0.041595;0.0291427;-0.0171089;0.00783001;-0.000731409;-0.00381214;0.00646473;-0.00705555;0.00646003;-0.00496006;0.00313099;-0.00156443;9.92008e-05;0.000394798;-0.000996266;0.000422278;-0.000550685;-0.000471931;0.000229709;-0.00112221;0.00328138
44100,0.1,27,55,1,-98.2237,11.588,54,1.22449,-0.00121236;0.00244252;0.000850325;-0.000550759;0.00250442;-0.00270624;0.00369231;-0.00406071;0.00345387;-0.0018199;-0.00108725;0.00411886;-0.00805275;0.0123598;-0.0145927;0.0154705;-0.014657;0.00980997;-0.00173206;-0.00920949;0.0236723;-0.0401042;0.0576334;-0.074642;0.089564;-0.102235;0.109966;0.882247;0.109966;-0.102235;0.089564;-0.074642;0.0576334;-0.0401042;0.0236723;-0.00920949;-0.00173206;0.00980997;-0.014657;0.0154705;-0.0145927;0.0123598;-0.00805275;0.00411886;-0.00108725;-0.0018199;0.00345387;-0.00406071;0.00369231;-0.00270624;0.00250442;-0.000550759;0.000850325;0.00244252;-0.00121236
44100,0.1,28,57,1,-94.9977,13.4998,56,1.26984,0.00210952;-0.00211994;-0.00031605;0.000651113;-0.00342301;0.00414474;-0.00613176;0.00840445;-0.00776159;0.00703391;-0.00465817;0.000841008;0.00562905;-0.0113009;0.0178807;-0.0235406;0.0269851;-0.026493;0.0228607;-0.013845;0.000370085;0.0173344;-0.0373324;0.0601307;-0.0816254;0.101524;-0.116656;0.12724;0.86413;0.12724;-0.116656;0.101524;-0.0816254;0.0601307;-0.0373324;0.0173344;0.000370085;-0.013845;0.0228607;-0.026493;0.0269851;-0.0235406;0.0178807;-0.0113009;0.00562905;0.000841008;-0.00465817;0.00703391;-0.00776159;0.00840445;-0.00613176;0.00414474;-0.00342301;0.000651113;-0.00031605;-0.00211994;0.00210952
44100,0.1,29,59,1,-94.998,14.0623,58,1.31519,-0.00351568;0.0024474;-0.00151939;0.00161906;0.000865497;-0.00255293;0.00548476;-0.00720085;0.00986647;-0.0106139;0.010575;-0.00757431;0.00337022;0.0031064;-0.0100358;0.0181511;-0.0248975;0.029693;-0.0303544;0.0271699;-0.0185264;0.00512618;0.0133706;-0.035231;0.0594011;-0.0827489;0.103996;-0.120756;0.131924;0.858721;0.131924;-0.120756;0.103996;-0.0827489;0.0594011;-0.035231;0.0133706;0.00512618;-0.0185264;0.0271699;-0.0303544;0.029693;-0.0248975;0.0181511;-0.0100358;0.0031064;0.00337022;-0.00757431;0.010575;-0.0106139;0.00986647;-0.00720085;0.00548476;-0.00255293;0.000865497;0.00161906;-0.00151939;0.0024474;-0.00351568
44100,0.1,30,61,0,-94.4334,14.3111,60,1.36054,0.00283679;-0.000550244;0.000630305;-0.00165267;0.000708474;0.000501445;-0.00338761;0.00595831;-0.00879641;0.01024;-0.0107843;0.00937198;-0.00649501;0.00160299;0.00479596;-0.0122609;0.0200605;-0.0267374;0.0313606;-0.03191;0.0282693;-0.0190996;0.00504838;0.0142197;-0.0360481;0.0604427;-0.0840222;0.105907;-0.122632;0.133971;0.856901;0.133971;-0.122632;0.105907;-0.0840222;0.0604427;-0.0360481;0.0142197;0.00504838;-0.0190996;0.0282693;-0.03191;0.0313606;-0.0267374;0.0200605;-0.0122609;0.00479596;0.00160299;-0.00649501;0.00937198;-0.0107843;0.01024;-0.00879641;0.00595831;-0.00338761;0.000501445;0.000708474;-0.00165267;0.000630305;-0.000550244;0.00283679
44100,0.1,31,63,1,-94.9999,17.9716,62,1.4059,-0.00375207;0.00460464;-0.0047098;0.0049388;-0.00392405;0.00280957;0.00179448;-0.00537419;0.0110175;-0.0162809;0.0205147;-0.0230066;0.0227481;-0.0187166;0.011673;-0.000661548;-0.0123812;0.0263274;-0.0398488;0.0501199;-0.0552456;0.0541421;-0.0443267;0.0276986;-0.00314408;-0.0272436;0.0604944;-0.0934239;0.12485;-0.148175;0.164236;0.824491;0.164236;-0.148175;0.12485;-0.0934239;0.0604944;-0.0272436;-0.00314408;0.0276986;-0.0443267;0.0541421;-0.0552456;0.0501199;-0.0398488;0.0263274;-0.0123812;-0.000661548;0.011673;-0.0187166;0.0227481;-0.0230066;0.0205147;-0.0162809;0.0110175;-0.00537419;0.00179448;0.00280957;-0.00392405;0.0049388;-0.0047098;0.00460464;-0.00375207
44100,0.1,32,65,1,-94.9998,23.1199,64,1.45125,0.00494248;-0.00556682;0.00699127;-0.0079154;0.00826033;-0.00599071;0.00260827;0.00313152;-0.0108736;0.0187338;-0.0273072;0.0337237;-0.0372114;0.0370052;-0.0308046;0.0199144;-0.00360289;-0.0166834;0.0380031;-0.0589558;0.0751993;-0.0849331;0.0857012;-0.0748071;0.0535456;-0.0215759;-0.0184871;0.0626021;-0.10783;0.148545;-0.181372;0.202768;0.784483;0.202768;-0.181372;0.148545;-0.10783;0.0626021;-0.0184871;-0.0215759;0.0535456;-0.0748071;0.0857012;-0.0849331;0.0751993;-0.0589558;0.0380031;-0.0166834;-0.00360289;0.0199144;-0.0308046;0.0370052;-0.0372114;0.0337237;-0.0273072;0.0187338;-0.0108736;0.00313152;0.00260827;-0.00599071;0.00826033;-0.0079154;0.00699127;-0.00556682;0.00494248
44100,0.1,33,67,0,-94.4385,34.0907,66,1.4966,-0.00535292;0.0070277;-0.00896149;0.0118306;-0.0120233;0.011456;-0.00702012;0.00064888;0.00964621;-0.0211834;0.0345823;-0.0463766;0.0561567;-0.0602747;0.0582524;-0.0474855;0.0288357;-0.00206136;-0.0296976;0.0641075;-0.0963598;0.1232;-0.138968;0.141184;-0.127164;0.0966732;-0.0509028;-0.00629446;0.0707356;-0.135529;0.195057;-0.242294;0.273188;0.710732;0.273188;-0.242294;0.195057;-0.135529;0.0707356;-0.00629446;-0.0509028;0.0966732;-0.127164;0.141184;-0.138968;0.1232;-0.0963598;0.0641075;-0.0296976;-0.00206136;0.0288357;-0.0474855;0.0582524;-0.0602747;0.0561567;-0.0463766;0.0345823;-0.0211834;0.00964621;0.00064888;-0.00702012;0.011456;-0.0120233;0.0118306;-0.00896149;0.0070277;-0.00535292
44100,0.1,34,69,0,0,1e+300,0,0,0;0;0;0;0;0;0;0;0;0;0;0;0;0;0;0;0;0;0;0;0;0;0;0;0;0;0;0;0;0;0;0;0;0;0;0;0;0;0;0;0;0;0;0;0;0;0;0;0;0;0;0;0;0;0;0;0;0;0;0;0;0;0;0;0;0;0;0;0
44100,0.1,35,71,0,-94.9988,87.8134,70,1.5873,-0.0061628;0.0100379;-0.014679;0.0211314;-0.0253031;0.028457;-0.0266956;0.0207657;-0.00785141;-0.0104975;0.0351252;-0.0625703;0.091271;-0.115862;0.133349;-0.138175;0.12822;-0.100352;0.0556611;0.00460674;-0.0749466;0.149292;-0.218378;0.274609;-0.308824;0.314916;-0.288535;0.229588;-0.140686;0.0293676;0.0954498;-0.221173;0.33602;-0.427618;0.486962;0.486962;0.486962;-0.427618;0.33602;-0.221173;0.0954498;0.0293676;-0.140686;0.229588;-0.288535;0.314916;-0.308824;0.274609;-0.218378;0.149292;-0.0749466;0.00460674;0.0556611;-0.100352;0.12822;-0.138175;0.133349;-0.115862;0.091271;-0.0625703;0.0351252;-0.0104975;-0.00785141;0.0207657;-0.0266956;0.028457;-0.0253031;0.0211314;-0.014679;0.0100379;-0.0061628
44100,0.1,36,73,1,-94.814,88.3397,72,1.63265,0.00609088;-0.00822557;0.0130901;-0.0186761;0.0238119;-0.0270072;0.026824;-0.0220906;0.011997;0.00379024;-0.0249392;0.050265;-0.0775644;0.103567;-0.12424;0.135429;-0.133522;0.115981;-0.0818327;0.0320162;0.030475;-0.10069;0.172038;-0.236703;0.285821;-0.312687;0.311438;-0.278946;0.215471;-0.124689;0.0133862;0.109055;-0.231508;0.342285;-0.430504;0.487328;0.487328;0.487328;-0.430504;0.342285;-0.231508;0.109055;0.0133862;-0.124689;0.215471;-0.278946;0.311438;-0.312687;0.285821;-0.236703;0.172038;-0.10069;0.030475;0.0320162;-0.0818327;0.115981;-0.133522;0.135429;-0.12424;0.103567;-0.0775644;0.050265;-0.0249392;0.00379024;0.011997;-0.0220906;0.026824;-0.0270072;0.0238119;-0.0186761;0.0130901;-0.00822557;0.00609088
44100,0.1,37,75,0,-57.7076,87.7765,74,1.678,0.00215162;0.0023518;-0.00436988;0.00868243;-0.014429;0.0202009;-0.0246309;0.0270556;-0.0263377;0.020797;-0.00877332;-0.00975296;0.0336297;-0.0606143;0.0882724;-0.113071;0.130691;-0.136348;0.126587;-0.0995756;0.0556114;0.0029044;-0.0733455;0.147177;-0.216432;0.272401;-0.306936;0.313285;-0.287911;0.229348;-0.140848;0.0295295;0.0949465;-0.220734;0.335564;-0.427454;0.486885;0.48698;0.486885;-0.427454;0.335564;-0.220734;0.0949465;0.0295295;-0.140848;0.229348;-0.287911;0.313285;-0.306936;0.272401;-0.216432;0.147177;-0.0733455;0.0029044;0.0556114;-0.0995756;0.126587;-0.136348;0.130691;-0.113071;0.0882724;-0.0606143;0.0336297;-0.00975296;-0.00877332;0.020797;-0.0263377;0.0270556;-0.0246309;0.0202009;-0.014429;0.00868243;-0.00436988;0.0023518;0.00215162
44100,0.1,38,77,0,-94.2458,88.4889,76,1.72336,0.00716484;-0.0115349;0.0190503;-0.0279155;0.0369647;-0.0446373;0.0489588;-0.0476935;0.0387622;-0.0205975;-0.007536;0.0451374;-0.0901664;0.138969;-0.186388;0.226129;-0.251446;0.255979;-0.234636;0.184505;-0.105568;0.00111086;0.122012;-0.25348;0.380654;-0.490542;0.568938;-0.604561;0.589243;-0.519132;0.396068;-0.227495;0.0258432;0.192325;-0.407875;0.601173;-0.75416;0.852265;0.108224;0.852265;-0.75416;0.601173;-0.407875;0.192325;0.0258432;-0.227495;0.396068;-0.519132;0.589243;-0.604561;0.568938;-0.490542;0.380654;-0.25348;0.122012;0.00111086;-0.105568;0.184505;-0.234636;0.255979;-0.251446;0.226129;-0.186388;0.138969;-0.0901664;0.0451374;-0.007536;-0.0205975;0.0387622;-0.0476935;0.0489588;-0.0446373;0.0369647;-0.0279155;0.0190503;-0.0115349;0.00716484
44100,0.1,39,79,0,-94.4156,90.3856,78,1.76871,-0.0035777;0.00809037;-0.0117732;0.0172111;-0.022352;0.0260918;-0.0284491;0.0277186;-0.0215205;0.0109788;0.00511322;-0.0263929;0.0513012;-0.0773934;0.103513;-0.124727;0.138091;-0.140793;0.130705;-0.105534;0.0660502;-0.0122147;-0.0499074;0.118128;-0.185376;0.245729;-0.291472;0.318553;-0.3204;0.296391;-0.244534;0.168358;-0.0712785;-0.0385554;0.154526;-0.264531;0.36328;-0.441132;0.488056;0.488056;0.488056;-0.441132;0.36328;-0.264531;0.154526;-0.0385554;-0.0712785;0.168358;-0.244534;0.296391;-0.3204;0.318553;-0.291472;0.245729;-0.185376;0.118128;-0.0499074;-0.0122147;0.0660502;-0.105534;0.130705;-0.140793;0.138091;-0.124727;0.103513;-0.0773934;0.0513012;-0.0263929;0.00511322;0.0109788;-0.0215205;0.0277186;-0.0284491;0.0260918;-0.022352;0.0172111;-0.0117732;0.00809037;-0.0035777
44100,0.15,8,17,0,0,1e+300,0,0,0;0;0;0;0;0;0;0;0;0;0;0;0;0;0;0;0
44100,0.15,9,19,0,0,1e+300,0,0,0;0;0;0;0;0;0;0;0;0;0;0;0;0;0;0;0;0;0
44100,0.15,10,21,0,0,1e+300,0,0,0;0;0;0;0;0;0;0;0;0;0;0;0;0;0;0;0;0;0;0;0
44100,0.15,11,23,0,0,1e+300,0,0,0;0;0;0;0;0;0;0;0;0;0;0;0;0;0;0;0;0;0;0;0;0;0
44100,0.15,12,25,0,0,1e+300,0,0,0;0;0;0;0;0;0;0;0;0;0;0;0;0;0;0;0;0;0;0;0;0;0;0;0
44100,0.15,13,27,0,0,1e+300,0,0,0;0;0;0;0;0;0;0;0;0;0;0;0;0;0;0;0;0;0;0;0;0;0;0;0;0;0
44100,0.15,14,29,0,0,1e+300,0,0,0;0;0;0;0;0;0;0;0;0;0;0;0;0;0;0;0;0;0;0;0;0;0;0;0;0;0;0;0
44100,0.15,15,31,0,0,1e+300,0,0,0;0;0;0;0;0;0;0;0;0;0;0;0;0;0;0;0;0;0;0;0;0;0;0;0;0;0;0;0;0;0
44100,0.15,16,33,1,-95,10.2427,32,0.725624,0.00701904;-0.00648642;0.00819081;-0.00898347;0.00830759;-0.00566727;0.000693105;0.00679249;-0.0167209;0.028745;-0.0422298;0.0562932;-0.0698898;0.0819212;-0.0913634;0.0973874;0.891983;0.0973874;-0.0913634;0.0819212;-0.0698898;0.0562932;-0.0422298;0.028745;-0.0167209;0.00679249;0.000693105;-0.00566727;0.00830759;-0.00898347;0.00819081;-0.00648642;0.00701904
44100,0.15,17,35,0,0,1e+300,0,0,0;0;0;0;0;0;0;0;0;0;0;0;0;0;0;0;0;0;0;0;0;0;0;0;0;0;0;0;0;0;0;0;0;0;0
44100,0.15,18,37,0,0,1e+300,0,0,0;0;0;0;0;0;0;0;0;0;0;0;0;0;0;0;0;0;0;0;0;0;0;0;0;0;0;0;0;0;0;0;0;0;0;0;0
44100,0.15,19,39,0,0,1e+300,0,0,0;0;0;0;0;0;0;0;0;0;0;0;0;0;0;0;0;0;0;0;0;0;0;0;0;0;0;0;0;0;0;0;0;0;0;0;0;0;0
44100,0.15,20,41,0,0,1e+300,0,0,0;0;0;0;0;0;0;0;0;0;0;0;0;0;0;0;0;0;0;0;0;0;0;0;0;0;0;0;0;0;0;0;0;0;0;0;0;0;0;0;0
44100,0.15,21,43,0,0,1e+300,0,0,0;0;0;0;0;0;0;0;0;0;0;0;0;0;0;0;0;0;0;0;0;0;0;0;0;0;0;0;0;0;0;0;0;0;0;0;0;0;0;0;0;0;0
44100,0.15,22,45,0,-9.75135,19.6768,44,0.997732,0.171462;-0.00932175;-0.00316014;-0.0111185;-0.000697276;-0.0138818;0.00101855;-0.0147068;-0.000352126;-0.0112614;-0.00673476;-0.00223806;-0.0186516;0.0124507;-0.035758;0.0310087;-0.0548285;0.0493285;-0.0722802;0.0648228;-0.0843629;0.0735648;0.871394;0.0735648;-0.0843629;0.0648228;-0.0722802;0.0493285;-0.0548285;0.0310087;-0.035758;0.0124507;-0.0186516;-0.00223806;-0.00673476;-0.0112614;-0.000352126;-0.0147068;0.00101855;-0.0138818;-0.000697276;-0.0111185;-0.00316014;-0.00932175;0.171462
44100,0.15,23,47,1,-94.9986,9.9343,46,1.04308,0.00206143;-0.00149209;0.00218735;-0.00016185;-0.00122192;0.00329492;-0.00385076;0.00716731;-0.00832359;0.0103433;-0.00922476;0.00714504;-0.00481722;0.000412093;0.00811693;-0.0185424;0.0307891;-0.0446432;0.055306;-0.0709956;0.0818933;-0.088635;0.0970857;0.892212;0.0970857;-0.088635;0.0818933;-0.0709956;0.055306;-0.0446432;0.0307891;-0.0185424;0.00811693;0.000412093;-0.00481722;0.00714504;-0.00922476;0.0103433;-0.00832359;0.00716731;-0.00385076;0.00329492;-0.00122192;-0.00016185;0.00218735;-0.00149209;0.00206143
44100,0.15,24,49,1,-94.9996,10.8321,48,1.08844,-0.000973658;0.00438368;-0.00429856;0.00130135;-0.00176639;0.000768605;0.00208412;-0.00430151;0.00734518;-0.0100685;0.0127666;-0.0134501;0.0132526;-0.0104703;0.00437073;0.00278386;-0.0150232;0.0273996;-0.0423823;0.0590229;-0.0723178;0.0880168;-0.0959479;0.104618;0.885772;0.104618;-0.0959479;0.0880168;-0.0723178;0.0590229;-0.0423823;0.0273996;-0.0150232;0.00278386;0.00437073;-0.0104703;0.0132526;-0.0134501;0.0127666;-0.0100685;0.00734518;-0.00430151;0.00208412;0.000768605;-0.00176639;0.00130135;-0.00429856;0.00438368;-0.000973658
44100,0.15,25,51,1,-94.9416,7.8125,50,1.13379,0.00298767;-0.00235172;-7.91607e-05;0.00103281;-0.00311282;0.00429301;-0.00585496;0.00815712;-0.00932088;0.00969696;-0.00860549;0.00673198;-0.0037814;-0.00188578;0.00839996;-0.0151163;0.0237959;-0.0326068;0.0409293;-0.0498593;0.0568643;-0.064051;0.0708183;-0.0714747;0.0769548;0.914876;0.0769548;-0.0714747;0.0708183;-0.064051;0.0568643;-0.0498593;0.0409293;-0.0326068;0.0237959;-0.0151163;0.00839996;-0.00188578;-0.0037814;0.00673198;-0.00860549;0.00969696;-0.00932088;0.00815712;-0.00585496;0.00429301;-0.00311282;0.00103281;-7.91607e-05;-0.00235172;0.00298767
44100,0.15,26,53,1,-94.9984,7.75491,52,1.17914,-0.00109853;0.00348848;-0.00218698;-0.000894476;0.00176643;-0.00232488;0.00504347;-0.0077585;0.00790034;-0.0105255;0.0100065;-0.00902688;0.00679272;-0.00274361;-0.00272482;0.00976453;-0.016332;0.0266074;-0.0327511;0.0431797;-0.0500483;0.0570847;-0.0641783;0.0681237;-0.071191;0.0750209;0.918012;0.0750209;-0.071191;0.0681237;-0.0641783;0.0570847;-0.0500483;0.0431797;-0.0327511;0.0266074;-0.016332;0.00976453;-0.00272482;-0.00274361;0.00679272;-0.00902688;0.0100065;-0.0105255;0.00790034;-0.0077585;0.00504347;-0.00232488;0.00176643;-0.000894476;-0.00218698;0.00348848;-0.00109853
44100,0.15,27,55,1,-95.0004,10.2652,54,1.22449,0.00360227;0.000103383;-0.000509787;-0.000402188;0.00154918;-0.000517208;0.00121296;0.000520018;-0.00154548;0.00289623;-0.00541068;0.00637325;-0.00895588;0.00973841;-0.0100928;0.00947081;-0.00566928;0.00115779;0.00743986;-0.0178994;0.0301202;-0.0443583;0.0576752;-0.0717592;0.0829529;-0.0916294;0.0976268;0.89262;0.0976268;-0.0916294;0.0829529;-0.0717592;0.0576752;-0.0443583;0.0301202;-0.0178994;0.00743986;0.00115779;-0.00566928;0.00947081;-0.0100928;0.00973841;-0.00895588;0.00637325;-0.00541068;0.00289623;-0.00154548;0.000520018;0.00121296;-0.000517208;0.00154918;-0.000402188;-0.000509787;0.000103383;0.00360227
44100,0.15,28,57,0,0,1e+300,0,0,0;0;0;0;0;0;0;0;0;0;0;0;0;0;0;0;0;0;0;0;0;0;0;0;0;0;0;0;0;0;0;0;0;0;0;0;0;0;0;0;0;0;0;0;0;0;0;0;0;0;0;0;0;0;0;0;0
44100,0.15,29,59,0,-22.3445,11.8597,58,1.31519,0.00146226;-2.93986e-05;0.000221133;-0.00149296;0.0038236;-0.0393664;0.00342083;-0.00175559;0.00638285;-0.00255946;0.00404216;0.00191955;-0.00207385;0.0091659;-0.0102839;0.0172693;-0.0169751;0.0207149;-0.0158153;0.0137143;-0.00208799;-0.00719212;0.0254501;-0.0397849;0.0610547;-0.0762173;0.0948634;-0.104643;0.115601;0.882342;0.115601;-0.104643;0.0948634;-0.0762173;0.0610547;-0.0397849;0.0254501;-0.00719212;-0.00208799;0.0137143;-0.0158153;0.0207149;-0.0169751;0.0172693;-0.0102839;0.0091659;-0.00207385;0.00191955;0.00404216;-0.00255946;0.00638285;-0.00175559;0.00342083;-0.0393664;0.0038236;-0.00149296;0.000221133;-2.93986e-05;0.00146226
44100,0.15,30,61,1,-94.9979,17.2321,60,1.36054,0.00681134;-0.00514364;0.00609913;-0.00607104;0.00456445;-0.00153431;-0.00273817;0.00792821;-0.013622;0.0190276;-0.0229331;0.0241058;-0.0217699;0.0157439;-0.00629801;-0.0058985;0.0196339;-0.0331078;0.0442018;-0.0508083;0.050422;-0.0430218;0.027676;-0.0047004;-0.0242555;0.0565144;-0.0890021;0.118667;-0.142627;0.158294;0.827683;0.158294;-0.142627;0.118667;-0.0890021;0.0565144;-0.0242555;-0.0047004;0.027676;-0.0430218;0.050422;-0.0508083;0.0442018;-0.0331078;0.0196339;-0.0058985;-0.00629801;0.0157439;-0.0217699;0.0241058;-0.0229331;0.0190276;-0.013622;0.00792821;-0.00273817;-0.00153431;0.00456445;-0.00607104;0.00609913;-0.00514364;0.00681134
44100,0.15,31,63,1,-94.9999,17.5992,62,1.4059,-0.00499596;0.00317596;-0.00272182;0.00517457;-0.00421565;0.00402524;-0.000104864;-0.00377524;0.0100222;-0.0150028;0.0201471;-0.0222396;0.0226063;-0.0188364;0.0123644;-0.00216086;-0.0100693;0.0237125;-0.0365139;0.0470183;-0.052421;0.0519688;-0.0433003;0.0268954;-0.0030168;-0.0259605;0.0591118;-0.0914528;0.121943;-0.145273;0.161169;0.825453;0.161169;-0.145273;0.121943;-0.0914528;0.0591118;-0.0259605;-0.0030168;0.0268954;-0.0433003;0.0519688;-0.052421;0.0470183;-0.0365139;0.0237125;-0.0100693;-0.00216086;0.0123644;-0.0188364;0.0226063;-0.0222396;0.0201471;-0.0150028;0.0100222;-0.00377524;-0.000104864;0.00402524;-0.00421565;0.00517457;-0.00272182;0.00317596;-0.00499596
44100,0.15,32,65,1,-94.9997,31.7377,64,1.45125,0.00761403;-0.00814181;0.0107427;-0.0125776;0.012027;-0.00996429;0.0044651;0.00416926;-0.0156147;0.0279409;-0.0405213;0.0511471;-0.0573279;0.056998;-0.0493793;0.0337082;-0.00992378;-0.0198972;0.0524164;-0.0837975;0.110194;-0.127427;0.131212;-0.119598;0.0926511;-0.0500631;-0.00394142;0.0649631;-0.126567;0.183627;-0.229325;0.258909;0.722562;0.258909;-0.229325;0.183627;-0.126567;0.0649631;-0.00394142;-0.0500631;0.0926511;-0.119598;0.131212;-0.127427;0.110194;-0.0837975;0.0524164;-0.0198972;-0.00992378;0.0337082;-0.0493793;0.056998;-0.0573279;0.0511471;-0.0405213;0.0279409;-0.0156147;0.00416926;0.0044651;-0.00996429;0.012027;-0.0125776;0.0107427;-0.00814181;0.00761403
44100,0.15,33,67,0,-85.1785,49.9016,66,1.4966,-0.00804194;0.0106431;-0.0136775;0.0181846;-0.0187625;0.0182704;-0.0120239;0.00287429;0.0122264;-0.0293421;0.0494927;-0.0675649;0.0830108;-0.0903915;0.0889757;-0.0747768;0.0489385;-0.0108764;-0.0349677;0.085397;-0.133497;0.174669;-0.200639;0.207789;-0.192072;0.15299;-0.0920193;0.014521;0.0737476;-0.163011;0.245416;-0.310967;0.353903;0.623161;0.353903;-0.310967;0.245416;-0.163011;0.0737476;0.014521;-0.0920193;0.15299;-0.192072;0.207789;-0.200639;0.174669;-0.133497;0.085397;-0.0349677;-0.0108764;0.0489385;-0.0747768;0.0889757;-0.0903915;0.0830108;-0.0675649;0.0494927;-0.0293421;0.0122264;0.00287429;-0.0120239;0.0182704;-0.0187625;0.0181846;-0.0136775;0.0106431;-0.00804194
44100,0.15,34,69,0,0,1e+300,0,0,0;0;0;0;0;0;0;0;0;0;0;0;0;0;0;0;0;0;0;0;0;0;0;0;0;0;0;0;0;0;0;0;0;0;0;0;0;0;0;0;0;0;0;0;0;0;0;0;0;0;0;0;0;0;0;0;0;0;0;0;0;0;0;0;0;0;0;0;0
44100,0.2,8,17,0,0,1e+300,0,0,0;0;0;0;0;0;0;0;0;0;0;0;0;0;0;0;0
44100,0.2,9,19,0,0,1e+300,0,0,0;0;0;0;0;0;0;0;0;0;0;0;0;0;0;0;0;0;0
44100,0.2,10,21,0,0,1e+300,0,0,0;0;0;0;0;0;0;0;0;0;0;0;0;0;0;0;0;0;0;0;0
44100,0.2,11,23,0,0,1e+300,0,0,0;0;0;0;0;0;0;0;0;0;0;0;0;0;0;0;0;0;0;0;0;0;0
44100,0.2,12,25,0,0,1e+300,0,0,0;0;0;0;0;0;0;0;0;0;0;0;0;0;0;0;0;0;0;0;0;0;0;0;0
44100,0.2,13,27,0,0,1e+300,0,0,0;0;0;0;0;0;0;0;0;0;0;0;0;0;0;0;0;0;0;0;0;0;0;0;0;0;0
44100,0.2,14,29,0,0,1e+300,0,0,0;0;0;0;0;0;0;0;0;0;0;0;0;0;0;0;0;0;0;0;0;0;0;0;0;0;0;0;0
44100,0.2,15,31,0,0,1e+300,0,0,0;0;0;0;0;0;0;0;0;0;0;0;0;0;0;0;0;0;0;0;0;0;0;0;0;0;0;0;0;0;0
44100,0.2,16,33,1,-94.9952,10.3231,32,0.725624,0.00450357;-0.00702217;0.0094194;-0.00838097;0.00939222;-0.00425467;0.00379161;0.00565128;-0.0175714;0.0270722;-0.0417359;0.0561797;-0.0701186;0.0821962;-0.0916669;0.098557;0.887975;0.098557;-0.0916669;0.0821962;-0.0701186;0.0561797;-0.0417359;0.0270722;-0.0175714;0.00565128;0.00379161;-0.00425467;0.00939222;-0.00838097;0.0094194;-0.00702217;0.00450357
44100,0.2,17,35,0,0,1e+300,0,0,0;0;0;0;0;0;0;0;0;0;0;0;0;0;0;0;0;0;0;0;0;0;0;0;0;0;0;0;0;0;0;0;0;0;0
44100,0.2,18,37,0,0,1e+300,0,0,0;0;0;0;0;0;0;0;0;0;0;0;0;0;0;0;0;0;0;0;0;0;0;0;0;0;0;0;0;0;0;0;0;0;0;0;0
44100,0.2,19,39,0,0,1e+300,0,0,0;0;0;0;0;0;0;0;0;0;0;0;0;0;0;0;0;0;0;0;0;0;0;0;0;0;0;0;0;0;0;0;0;0;0;0;0;0;0
44100,0.2,20,41,1,-94.9986,10.8988,40,0.907029,-0.0024687;0.00576351;0.00194335;-0.00111084;0.00435202;-0.00674683;0.00953879;-0.0112786;0.01151;-0.0096666;0.0051672;0.00237812;-0.0128545;0.0257471;-0.0404492;0.0562035;-0.0719013;0.0855071;-0.0962097;0.103199;0.882753;0.103199;-0.0962097;0.0855071;-0.0719013;0.0562035;-0.0404492;0.0257471;-0.0128545;0.00237812;0.0051672;-0.0096666;0.01151;-0.0112786;0.00953879;-0.00674683;0.00435202;-0.00111084;0.00194335;0.00576351;-0.0024687
44100,0.2,21,43,1,-94.972,10.5551,42,0.952381,0.00401396;-0.00239105;0.0021645;0.00158374;-0.00422995;0.00614068;-0.00744557;0.0114084;-0.0104637;0.0119817;-0.00728258;0.00155511;0.00497063;-0.0170561;0.0278037;-0.0438905;0.058246;-0.0706941;0.0821615;-0.0940205;0.100066;0.890756;0.100066;-0.0940205;0.0821615;-0.0706941;0.058246;-0.0438905;0.0278037;-0.0170561;0.00497063;0.00155511;-0.00728258;0.0119817;-0.0104637;0.0114084;-0.00744557;0.00614068;-0.00422995;0.00158374;0.0021645;-0.00239105;0.00401396
44100,0.2,22,45,0,30.0659,100,44,0.997732,0.723209;0.724802;0.728529;0.723005;0.729423;0.714902;0.733113;0.715905;0.729875;0.719803;0.72549;0.727421;0.713675;0.743311;-17.1247;0.761959;0.677733;0.780947;0.659263;0.797377;0.646282;0.806499;4.68443;0.806499;0.646282;0.797377;0.659263;0.780947;0.677733;0.761959;-17.1247;0.743311;0.713675;0.727421;0.72549;0.719803;0.729875;0.715905;0.733113;0.714902;0.729423;0.723005;0.728529;0.724802;0.723209
44100,0.2,23,47,1,-94.9975,13.0803,46,1.04308,0.00139052;-0.00605525;0.00857117;-0.00588276;0.00530689;-0.00529808;0.00052946;0.00462144;-0.00962255;0.0165394;-0.0216576;0.0242643;-0.0248487;0.0208301;-0.0121134;-3.95954e-05;0.0171426;-0.0376039;0.0580253;-0.080123;0.099922;-0.112928;0.127359;0.863341;0.127359;-0.112928;0.099922;-0.080123;0.0580253;-0.0376039;0.0171426;-3.95954e-05;-0.0121134;0.0208301;-0.0248487;0.0242643;-0.0216576;0.0165394;-0.00962255;0.00462144;0.00052946;-0.00529808;0.00530689;-0.00588276;0.00857117;-0.00605525;0.00139052
44100,0.2,24,49,1,-95.0001,11.147,44,0.997732,5.19871e-05;-0.000206617;-0.00111892;0.0030545;-0.00349499;0.00356895;-0.00164573;-0.00179191;0.00465696;-0.00794395;0.0102765;-0.0124129;0.0141236;-0.0133344;0.00938432;0.00112108;-0.0112433;0.0210287;-0.0408778;0.0581516;-0.0720206;0.0895856;-0.0980932;0.109184;0.879994;0.109184;-0.0980932;0.0895856;-0.0720206;0.0581516;-0.0408778;0.0210287;-0.0112433;0.00112108;0.00938432;-0.0133344;0.0141236;-0.0124129;0.0102765;-0.00794395;0.00465696;-0.00179191;-0.00164573;0.00356895;-0.00349499;0.0030545;-0.00111892;-0.000206617;5.19871e-05
44100,0.25,8,17,0,0,1e+300,0,0,0;0;0;0;0;0;0;0;0;0;0;0;0;0;0;0;0
44100,0.25,9,19,0,0,1e+300,0,0,0;0;0;0;0;0;0;0;0;0;0;0;0;0;0;0;0;0;0
44100,0.25,10,21,0,0,1e+300,0,0,0;0;0;0;0;0;0;0;0;0;0;0;0;0;0;0;0;0;0;0;0
44100,0.25,11,23,0,0,1e+300,0,0,0;0;0;0;0;0;0;0;0;0;0;0;0;0;0;0;0;0;0;0;0;0;0
44100,0.25,12,25,0,0,1e+300,0,0,0;0;0;0;0;0;0;0;0;0;0;0;0;0;0;0;0;0;0;0;0;0;0;0;0
44100,0.25,13,27,0,0,1e+300,0,0,0;0;0;0;0;0;0;0;0;0;0;0;0;0;0;0;0;0;0;0;0;0;0;0;0;0;0
44100,0.25,14,29,0,0,1e+300,0,0,0;0;0;0;0;0;0;0;0;0;0;0;0;0;0;0;0;0;0;0;0;0;0;0;0;0;0;0;0
44100,0.25,15,31,0,0,1e+300,0,0,0;0;0;0;0;0;0;0;0;0;0;0;0;0;0;0;0;0;0;0;0;0;0;0;0;0;0;0;0;0;0
44100,0.25,16,33,0,0,1e+300,0,0,0;0;0;0;0;0;0;0;0;0;0;0;0;0;0;0;0;0;0;0;0;0;0;0;0;0;0;0;0;0;0;0;0
44100,0.25,17,35,1,-94.9952,10.518,34,0.770975,0.00345438;0.00684522;-0.00702929;0.00837356;-0.0094037;0.00918785;-0.00704133;0.00247588;0.00479561;-0.0147604;0.027064;-0.0410537;0.0557932;-0.0701453;0.0829197;-0.0929956;0.099443;0.884154;0.099443;-0.0929956;0.0829197;-0.0701453;0.0557932;-0.0410537;0.027064;-0.0147604;0.00479561;0.00247588;-0.00704133;0.00918785;-0.0094037;0.00837356;-0.00702929;0.00684522;0.00345438
44100,0.25,18,37,1,-94.9969,8.59375,36,0.816327,0.00513204;-0.0076352;0.0080862;-0.00956181;0.00741768;-0.00538038;0.00338858;0.00139145;-0.00699618;0.0166015;-0.0261488;0.0340739;-0.0461674;0.0561627;-0.0667609;0.0772186;-0.0772186;0.0871248;0.898544;0.0871248;-0.0772186;0.0772186;-0.0667609;0.0561627;-0.0461674;0.0340739;-0.0261488;0.0166015;-0.00699618;0.00139145;0.00338858;-0.00538038;0.00741768;-0.00956181;0.0080862;-0.0076352;0.00513204
44100,0.25,19,39,0,-90.0241,11.0215,38,0.861678,0.00776913;-8.46613e-05;-0.00174661;0.00363083;-0.00656067;0.00927432;-0.0113066;0.0118882;-0.0102011;0.00597156;0.00173379;-0.0119665;0.0244083;-0.039931;0.0562489;-0.0715171;0.0856264;-0.0969111;0.104029;0.879289;0.104029;-0.0969111;0.0856264;-0.0715171;0.0562489;-0.039931;0.0244083;-0.0119665;0.00173379;0.00597156;-0.0102011;0.0118882;-0.0113066;0.00927432;-0.00656067;0.00363083;-0.00174661;-8.46613e-05;0.00776913
44100,0.25,20,41,0,0,1e+300,0,0,0;0;0;0;0;0;0;0;0;0;0;0;0;0;0;0;0;0;0;0;0;0;0;0;0;0;0;0;0;0;0;0;0;0;0;0;0;0;0;0;0
44100,0.25,21,43,0,0,1e+300,0,0,0;0;0;0;0;0;0;0;0;0;0;0;0;0;0;0;0;0;0;0;0;0;0;0;0;0;0;0;0;0;0;0;0;0;0;0;0;0;0;0;0;0;0
44100,0.25,22,45,0,0,1e+300,0,0,0;0;0;0;0;0;0;0;0;0;0;0;0;0;0;0;0;0;0;0;0;0;0;0;0;0;0;0;0;0;0;0;0;0;0;0;0;0;0;0;0;0;0;0;0
44100,0.25,23,47,0,0,1e+300,0,0,0;0;0;0;0;0;0;0;0;0;0;0;0;0;0;0;0;0;0;0;0;0;0;0;0;0;0;0;0;0;0;0;0;0;0;0;0;0;0;0;0;0;0;0;0;0;0
44100,0.25,24,49,1,-94.9999,11.0445,48,1.08844,0.00358648;0.00632462;-0.00389263;0.00273797;-0.00178179;0.000513764;0.00119935;-0.00358103;0.00619578;-0.00884658;0.0111608;-0.0126636;0.0127182;-0.0102516;0.00539756;0.00244363;-0.0131583;0.0262461;-0.0417689;0.0568031;-0.0722186;0.0861494;-0.0971234;0.10412;0.87938;0.10412;-0.0971234;0.0861494;-0.0722186;0.0568031;-0.0417689;0.0262461;-0.0131583;0.00244363;0.00539756;-0.0102516;0.0127182;-0.0126636;0.0111608;-0.00884658;0.00619578;-0.00358103;0.00119935;0.000513764;-0.00178179;0.00273797;-0.00389263;0.00632462;0.00358648
44100,0.25,25,51,0,0,1e+300,0,0,0;0;0;0;0;0;0;0;0;0;0;0;0;0;0;0;0;0;0;0;0;0;0;0;0;0;0;0;0;0;0;0;0;0;0;0;0;0;0;0;0;0;0;0;0;0;0;0;0;0;0
44100,0.25,26,53,0,0,1e+300,0,0,0;0;0;0;0;0;0;0;0;0;0;0;0;0;0;0;0;0;0;0;0;0;0;0;0;0;0;0;0;0;0;0;0;0;0;0;0;0;0;0;0;0;0;0;0;0;0;0;0;0;0;0;0
44100,0.3,8,17,0,0,1e+300,0,0,0;0;0;0;0;0;0;0;0;0;0;0;0;0;0;0;0
44100,0.3,9,19,0,0,1e+300,0,0,0;0;0;0;0;0;0;0;0;0;0;0;0;0;0;0;0;0;0
44100,0.3,10,21,0,0,1e+300,0,0,0;0;0;0;0;0;0;0;0;0;0;0;0;0;0;0;0;0;0;0;0
44100,0.3,11,23,0,0,1e+300,0,0,0;0;0;0;0;0;0;0;0;0;0;0;0;0;0;0;0;0;0;0;0;0;0
44100,0.3,12,25,0,0,1e+300,0,0,0;0;0;0;0;0;0;0;0;0;0;0;0;0;0;0;0;0;0;0;0;0;0;0;0
44100,0.3,13,27,0,0,1e+300,0,0,0;0;0;0;0;0;0;0;0;0;0;0;0;0;0;0;0;0;0;0;0;0;0;0;0;0;0
44100,0.3,14,29,0,0,1e+300,0,0,0;0;0;0;0;0;0;0;0;0;0;0;0;0;0;0;0;0;0;0;0;0;0;0;0;0;0;0;0
44100,0.3,15,31,1,-95,10.598,30,0.680272,-0.00421966;0.0142755;-0.00768337;0.0100464;-0.00756837;0.00331396;0.00413088;-0.0142003;0.0263309;-0.0401463;0.0553083;-0.0702176;0.083236;-0.0933132;0.100469;0.880475;0.100469;-0.0933132;0.083236;-0.0702176;0.0553083;-0.0401463;0.0263309;-0.0142003;0.00413088;0.00331396;-0.00756837;0.0100464;-0.00768337;0.0142755;-0.00421966
44100,0.3,16,33,0,0,1e+300,0,0,0;0;0;0;0;0;0;0;0;0;0;0;0;0;0;0;0;0;0;0;0;0;0;0;0;0;0;0;0;0;0;0;0
44100,0.3,17,35,0,0,1e+300,0,0,0;0;0;0;0;0;0;0;0;0;0;0;0;0;0;0;0;0;0;0;0;0;0;0;0;0;0;0;0;0;0;0;0;0;0
44100,0.3,18,37,1,-94.9966,8.39844,36,0.816327,0.0048928;-0.00762588;0.00829541;-0.0101163;0.00794628;-0.00518418;0.00343975;0.00203332;-0.00856707;0.0157409;-0.0253718;0.0356791;-0.0459082;0.0559762;-0.0679385;0.075344;-0.075344;0.0881484;0.897119;0.0881484;-0.075344;0.075344;-0.0679385;0.0559762;-0.0459082;0.0356791;-0.0253718;0.0157409;-0.00856707;0.00203332;0.00343975;-0.00518418;0.00794628;-0.0101163;0.00829541;-0.00762588;0.0048928
44100,0.3,19,39,0,0,1e+300,0,0,0;0;0;0;0;0;0;0;0;0;0;0;0;0;0;0;0;0;0;0;0;0;0;0;0;0;0;0;0;0;0;0;0;0;0;0;0;0;0
44100,0.3,20,41,0,0,1e+300,0,0,0;0;0;0;0;0;0;0;0;0;0;0;0;0;0;0;0;0;0;0;0;0;0;0;0;0;0;0;0;0;0;0;0;0;0;0;0;0;0;0;0
44100,0.3,21,43,0,0,1e+300,0,0,0;0;0;0;0;0;0;0;0;0;0;0;0;0;0;0;0;0;0;0;0;0;0;0;0;0;0;0;0;0;0;0;0;0;0;0;0;0;0;0;0;0;0
44100,0.3,22,45,0,0,1e+300,0,0,0;0;0;0;0;0;0;0;0;0;0;0;0;0;0;0;0;0;0;0;0;0;0;0;0;0;0;0;0;0;0;0;0;0;0;0;0;0;0;0;0;0;0;0;0
44100,0.3,23,47,0,0,1e+300,0,0,0;0;0;0;0;0;0;0;0;0;0;0;0;0;0;0;0;0;0;0;0;0;0;0;0;0;0;0;0;0;0;0;0;0;0;0;0;0;0;0;0;0;0;0;0;0;0
44100,0.3,24,49,1,-94.9981,13.9238,48,1.08844,0.00259789;0.000263193;-0.00786317;0.00797881;-0.00789859;0.00708613;-0.00657891;0.00162172;0.00160442;-0.0086593;0.0176295;-0.0197893;0.0267829;-0.0277373;0.0240062;-0.015367;0.00473824;0.015231;-0.0332303;0.059559;-0.0789503;0.101665;-0.11855;0.128152;0.851415;0.128152;-0.11855;0.101665;-0.0789503;0.059559;-0.0332303;0.015231;0.00473824;-0.015367;0.0240062;-0.0277373;0.0267829;-0.0197893;0.0176295;-0.0086593;0.00160442;0.00162172;-0.00657891;0.00708613;-0.00789859;0.00797881;-0.00786317;0.000263193;0.00259789
44100,0.3,25,51,0,0,1e+300,0,0,0;0;0;0;0;0;0;0;0;0;0;0;0;0;0;0;0;0;0;0;0;0;0;0;0;0;0;0;0;0;0;0;0;0;0;0;0;0;0;0;0;0;0;0;0;0;0;0;0;0;0
44100,0.3,26,53,1,-94.9987,11.7932,52,1.17914,0.00521018;-0.00556079;-0.000886284;0.000380708;9.23041e-05;0.00483449;-0.00645461;0.00727089;-0.00735815;0.0035751;-0.000730328;-0.00353775;0.00789781;-0.0114826;0.0158209;-0.0168525;0.0154723;-0.00876622;-0.00287216;0.0171874;-0.0360437;0.0539181;-0.0720863;0.0913373;-0.102458;0.117698;0.868788;0.117698;-0.102458;0.0913373;-0.0720863;0.0539181;-0.0360437;0.0171874;-0.00287216;-0.00876622;0.0154723;-0.0168525;0.0158209;-0.0114826;0.00789781;-0.00353775;-0.000730328;0.0035751;-0.00735815;0.00727089;-0.00645461;0.00483449;9.23041e-05;0.000380708;-0.000886284;-0.00556079;0.00521018
44100,0.35,8,17,0,0,1e+300,0,0,0;0;0;0;0;0;0;0;0;0;0;0;0;0;0;0;0
44100,0.35,9,19,0,0,1e+300,0,0,0;0;0;0;0;0;0;0;0;0;0;0;0;0;0;0;0;0;0
44100,0.35,10,21,0,0,1e+300,0,0,0;0;0;0;0;0;0;0;0;0;0;0;0;0;0;0;0;0;0;0;0
44100,0.35,11,23,0,0,1e+300,0,0,0;0;0;0;0;0;0;0;0;0;0;0;0;0;0;0;0;0;0;0;0;0;0
44100,0.35,12,25,0,0,1e+300,0,0,0;0;0;0;0;0;0;0;0;0;0;0;0;0;0;0;0;0;0;0;0;0;0;0;0
44100,0.35,13,27,0,0,1e+300,0,0,0;0;0;0;0;0;0;0;0;0;0;0;0;0;0;0;0;0;0;0;0;0;0;0;0;0;0
44100,0.35,14,29,0,0,1e+300,0,0,0;0;0;0;0;0;0;0;0;0;0;0;0;0;0;0;0;0;0;0;0;0;0;0;0;0;0;0;0
44100,0.35,15,31,0,0,1e+300,0,0,0;0;0;0;0;0;0;0;0;0;0;0;0;0;0;0;0;0;0;0;0;0;0;0;0;0;0;0;0;0;0
44100,0.35,16,33,1,-95,10.5115,32,0.725624,-0.00275805;-0.00741382;0.0124916;-0.00761723;0.0111055;-0.00703284;0.00423182;0.00332834;-0.013151;0.0258106;-0.0398265;0.0557848;-0.0691362;0.0845603;-0.0923784;0.102584;0.878835;0.102584;-0.0923784;0.0845603;-0.0691362;0.0557848;-0.0398265;0.0258106;-0.013151;0.00332834;0.00423182;-0.00703284;0.0111055;-0.00761723;0.0124916;-0.00741382;-0.00275805
44100,0.35,17,35,0,0,1e+300,0,0,0;0;0;0;0;0;0;0;0;0;0;0;0;0;0;0;0;0;0;0;0;0;0;0;0;0;0;0;0;0;0;0;0;0;0
44100,0.35,18,37,1,-94.9988,8.59743,36,0.816327,0.0127987;-0.00594555;0.00718841;-0.00804867;0.00806726;-0.0059302;0.00189249;0.00410197;-0.0117875;0.0206028;-0.0292205;0.037946;-0.0470153;0.0555095;-0.0636621;0.0707864;-0.0771941;0.0809734;0.897874;0.0809734;-0.0771941;0.0707864;-0.0636621;0.0555095;-0.0470153;0.037946;-0.0292205;0.0206028;-0.0117875;0.00410197;0.00189249;-0.0059302;0.00806726;-0.00804867;0.00718841;-0.00594555;0.0127987
44100,0.35,19,39,0,0,1e+300,0,0,0;0;0;0;0;0;0;0;0;0;0;0;0;0;0;0;0;0;0;0;0;0;0;0;0;0;0;0;0;0;0;0;0;0;0;0;0;0;0
44100,0.35,20,41,0,0,1e+300,0,0,0;0;0;0;0;0;0;0;0;0;0;0;0;0;0;0;0;0;0;0;0;0;0;0;0;0;0;0;0;0;0;0;0;0;0;0;0;0;0;0;0
44100,0.35,21,43,1,-94.9996,13.1524,42,0.952381,0.0114725;-0.00636649;0.0082589;-0.00475498;-0.000578513;0.00333437;-0.00681438;0.0152031;-0.0208152;0.0224074;-0.0220919;0.0211507;-0.0142382;-0.000335965;0.0162029;-0.034683;0.0564364;-0.0799756;0.0985041;-0.112087;0.123664;0.852212;0.123664;-0.112087;0.0985041;-0.0799756;0.0564364;-0.034683;0.0162029;-0.000335965;-0.0142382;0.0211507;-0.0220919;0.0224074;-0.0208152;0.0152031;-0.00681438;0.00333437;-0.000578513;-0.00475498;0.0082589;-0.00636649;0.0114725
44100,0.35,22,45,0,0,1e+300,0,0,0;0;0;0;0;0;0;0;0;0;0;0;0;0;0;0;0;0;0;0;0;0;0;0;0;0;0;0;0;0;0;0;0;0;0;0;0;0;0;0;0;0;0;0;0
44100,0.35,23,47,1,-95,11.9463,46,1.04308,-0.00587649;-0.00150774;0.00645515;-0.0048476;0.00396649;-0.00366489;0.00154739;0.0034884;-0.00345688;0.0124223;-0.0114413;0.0169853;-0.0156998;0.0119284;-0.00602981;-0.00567067;0.0206685;-0.0358629;0.0570519;-0.07218;0.091117;-0.103254;0.111702;0.864318;0.111702;-0.103254;0.091117;-0.07218;0.0570519;-0.0358629;0.0206685;-0.00567067;-0.00602981;0.0119284;-0.0156998;0.0169853;-0.0114413;0.0124223;-0.00345688;0.0034884;0.00154739;-0.00366489;0.00396649;-0.0048476;0.00645515;-0.00150774;-0.00587649
44100,0.35,24,49,0,0,1e+300,0,0,0;0;0;0;0;0;0;0;0;0;0;0;0;0;0;0;0;0;0;0;0;0;0;0;0;0;0;0;0;0;0;0;0;0;0;0;0;0;0;0;0;0;0;0;0;0;0;0;0
44100,0.35,25,51,0,0,1e+300,0,0,0;0;0;0;0;0;0;0;0;0;0;0;0;0;0;0;0;0;0;0;0;0;0;0;0;0;0;0;0;0;0;0;0;0;0;0;0;0;0;0;0;0;0;0;0;0;0;0;0;0;0
44100,0.35,26,53,1,-94.9984,15.442,52,1.17914,0.00812015;-0.00396756;-0.00201836;0.00367206;-0.00849304;0.00794037;-0.0147494;0.0130377;-0.0119668;0.00886618;-0.00138252;-0.00695247;0.0169889;-0.02608;0.0338851;-0.0367394;0.0374994;-0.0275648;0.0168568;0.00483624;-0.0295744;0.0570103;-0.0825821;0.112223;-0.128428;0.143723;0.83168;0.143723;-0.128428;0.112223;-0.0825821;0.0570103;-0.0295744;0.00483624;0.0168568;-0.0275648;0.0374994;-0.0367394;0.0338851;-0.02608;0.0169889;-0.00695247;-0.00138252;0.00886618;-0.0119668;0.0130377;-0.0147494;0.00794037;-0.00849304;0.00367206;-0.00201836;-0.00396756;0.00812015
44100,0.4,8,17,0,0,1e+300,0,0,0;0;0;0;0;0;0;0;0;0;0;0;0;0;0;0;0
44100,0.4,9,19,0,0,1e+300,0,0,0;0;0;0;0;0;0;0;0;0;0;0;0;0;0;0;0;0;0
44100,0.4,10,21,0,0,1e+300,0,0,0;0;0;0;0;0;0;0;0;0;0;0;0;0;0;0;0;0;0;0;0
44100,0.4,11,23,0,0,1e+300,0,0,0;0;0;0;0;0;0;0;0;0;0;0;0;0;0;0;0;0;0;0;0;0;0
44100,0.4,12,25,0,0,1e+300,0,0,0;0;0;0;0;0;0;0;0;0;0;0;0;0;0;0;0;0;0;0;0;0;0;0;0
44100,0.4,13,27,0,0,1e+300,0,0,0;0;0;0;0;0;0;0;0;0;0;0;0;0;0;0;0;0;0;0;0;0;0;0;0;0;0
44100,0.4,14,29,1,-94.9966,10.8741,28,0.634921,0.0146889;-0.00881856;0.0116034;-0.00971571;0.00304273;0.00369278;-0.0113633;0.0245563;-0.0407101;0.0550878;-0.0691095;0.0836057;-0.0950098;0.101587;0.873724;0.101587;-0.0950098;0.0836057;-0.0691095;0.0550878;-0.0407101;0.0245563;-0.0113633;0.00369278;0.00304273;-0.00971571;0.0116034;-0.00881856;0.0146889
44100,0.4,15,31,1,-94.9968,9.76562,30,0.680272,-0.00746336;0.0108682;-0.00966989;0.0121403;-0.0053438;0.00120453;0.00451573;-0.0159106;0.0257833;-0.0405439;0.0561024;-0.070059;0.0855109;-0.0855109;0.10056;0.875632;0.10056;-0.0855109;0.0855109;-0.070059;0.0561024;-0.0405439;0.0257833;-0.0159106;0.00451573;0.00120453;-0.0053438;0.0121403;-0.00966989;0.0108682;-0.00746336
44100,0.4,16,33,1,-94.9968,9.08203,32,0.725624,0.00720494;-0.00826836;0.00971163;-0.0130925;0.00725715;-0.00167633;-0.00127316;0.0106803;-0.019713;0.0287228;-0.0435384;0.0573639;-0.0709876;0.0802026;-0.0802026;0.0960631;0.883091;0.0960631;-0.0802026;0.0802026;-0.0709876;0.0573639;-0.0435384;0.0287228;-0.019713;0.0106803;-0.00127316;-0.00167633;0.00725715;-0.0130925;0.00971163;-0.00826836;0.00720494
44100,0.4,17,35,0,0,1e+300,0,0,0;0;0;0;0;0;0;0;0;0;0;0;0;0;0;0;0;0;0;0;0;0;0;0;0;0;0;0;0;0;0;0;0;0;0
44100,0.4,18,37,0,0,1e+300,0,0,0;0;0;0;0;0;0;0;0;0;0;0;0;0;0;0;0;0;0;0;0;0;0;0;0;0;0;0;0;0;0;0;0;0;0;0;0
44100,0.4,19,39,0,0,1e+300,0,0,0;0;0;0;0;0;0;0;0;0;0;0;0;0;0;0;0;0;0;0;0;0;0;0;0;0;0;0;0;0;0;0;0;0;0;0;0;0;0
44100,0.4,20,41,0,0,1e+300,0,0,0;0;0;0;0;0;0;0;0;0;0;0;0;0;0;0;0;0;0;0;0;0;0;0;0;0;0;0;0;0;0;0;0;0;0;0;0;0;0;0;0
44100,0.4,21,43,0,0,1e+300,0,0,0;0;0;0;0;0;0;0;0;0;0;0;0;0;0;0;0;0;0;0;0;0;0;0;0;0;0;0;0;0;0;0;0;0;0;0;0;0;0;0;0;0;0
44100,0.4,22,45,1,-94.9933,12.574,44,0.997732,-0.00828317;0.0133937;-0.00358374;0.00500449;-0.00364544;-0.0036059;0.00504665;-0.01397;0.0166547;-0.0224275;0.0237807;-0.0222834;0.0183327;-0.0073722;-0.00362678;0.0228323;-0.0381788;0.0610816;-0.0775503;0.0976435;-0.107863;0.119708;0.857825;0.119708;-0.107863;0.0976435;-0.0775503;0.0610816;-0.0381788;0.0228323;-0.00362678;-0.0073722;0.0183327;-0.0222834;0.0237807;-0.0224275;0.0166547;-0.01397;0.00504665;-0.0036059;-0.00364544;0.00500449;-0.00358374;0.0133937;-0.00828317
44100,0.4,23,47,1,-94.9996,12.5197,46,1.04308,-0.00515963;0.000808682;0.0107793;-0.00319204;0.00759436;-0.00339276;0.0026383;0.00200775;-0.00543182;0.0109541;-0.0151968;0.0183906;-0.018944;0.0161922;-0.00903642;-0.00229833;0.0175665;-0.0357913;0.0555487;-0.0750428;0.0928011;-0.107345;0.116845;0.857409;0.116845;-0.107345;0.0928011;-0.0750428;0.0555487;-0.0357913;0.0175665;-0.00229833;-0.00903642;0.0161922;-0.018944;0.0183906;-0.0151968;0.0109541;-0.00543182;0.00200775;0.0026383;-0.00339276;0.00759436;-0.00319204;0.0107793;0.000808682;-0.00515963
44100,0.4,24,49,0,0,1e+300,0,0,0;0;0;0;0;0;0;0;0;0;0;0;0;0;0;0;0;0;0;0;0;0;0;0;0;0;0;0;0;0;0;0;0;0;0;0;0;0;0;0;0;0;0;0;0;0;0;0;0
44100,0.45,8,17,0,0,1e+300,0,0,0;0;0;0;0;0;0;0;0;0;0;0;0;0;0;0;0
44100,0.45,9,19,0,0,1e+300,0,0,0;0;0;0;0;0;0;0;0;0;0;0;0;0;0;0;0;0;0
44100,0.45,10,21,0,0,1e+300,0,0,0;0;0;0;0;0;0;0;0;0;0;0;0;0;0;0;0;0;0;0;0
44100,0.45,11,23,0,0,1e+300,0,0,0;0;0;0;0;0;0;0;0;0;0;0;0;0;0;0;0;0;0;0;0;0;0
44100,0.45,12,25,0,0,1e+300,0,0,0;0;0;0;0;0;0;0;0;0;0;0;0;0;0;0;0;0;0;0;0;0;0;0;0
44100,0.45,13,27,0,0,1e+300,0,0,0;0;0;0;0;0;0;0;0;0;0;0;0;0;0;0;0;0;0;0;0;0;0;0;0;0;0
44100,0.45,14,29,0,-94.1506,10.7261,28,0.634921,0.00470841;-0.020383;0.0131681;-0.00443808;0.00609713;0.00590223;-0.0103955;0.0248442;-0.03488;0.0550271;-0.0709896;0.0875276;-0.0934818;0.101524;0.871539;0.101524;-0.0934818;0.0875276;-0.0709896;0.0550271;-0.03488;0.0248442;-0.0103955;0.00590223;0.00609713;-0.00443808;0.0131681;-0.020383;0.00470841
44100,0.45,15,31,0,0,1e+300,0,0,0;0;0;0;0;0;0;0;0;0;0;0;0;0;0;0;0;0;0;0;0;0;0;0;0;0;0;0;0;0;0
44100,0.45,16,33,1,-94.9971,10.8606,32,0.725624,-0.00559;-0.00686257;0.0132276;-0.00759777;0.0129695;-0.00708996;0.0067692;0.0032041;-0.0104851;0.0253343;-0.038113;0.0555055;-0.0695521;0.0847608;-0.0945614;0.102741;0.87068;0.102741;-0.0945614;0.0847608;-0.0695521;0.0555055;-0.038113;0.0253343;-0.0104851;0.0032041;0.0067692;-0.00708996;0.0129695;-0.00759777;0.0132276;-0.00686257;-0.00559
44100,0.45,17,35,0,0,1e+300,0,0,0;0;0;0;0;0;0;0;0;0;0;0;0;0;0;0;0;0;0;0;0;0;0;0;0;0;0;0;0;0;0;0;0;0;0
44100,0.45,18,37,1,-94.9966,7.71484,36,0.816327,0.00875354;-0.00893172;0.0108611;-0.00999816;0.00837853;-0.0026979;0.000568453;0.00530061;-0.0134462;0.0196672;-0.0278101;0.0392885;-0.0472786;0.0553664;-0.068751;0.0690983;-0.0690983;0.0829023;0.895654;0.0829023;-0.0690983;0.0690983;-0.068751;0.0553664;-0.0472786;0.0392885;-0.0278101;0.0196672;-0.0134462;0.00530061;0.000568453;-0.0026979;0.00837853;-0.00999816;0.0108611;-0.00893172;0.00875354
44100,0.45,19,39,0,0,1e+300,0,0,0;0;0;0;0;0;0;0;0;0;0;0;0;0;0;0;0;0;0;0;0;0;0;0;0;0;0;0;0;0;0;0;0;0;0;0;0;0;0
44100,0.45,20,41,1,-94.9982,13.3609,40,0.907029,-0.014628;0.00953709;-0.00287229;0.00544114;0.00339295;-0.00496347;0.0148467;-0.017551;0.0243915;-0.0231593;0.0222246;-0.0134425;0.00331592;0.014127;-0.033795;0.0563377;-0.0773706;0.0985197;-0.113223;0.125158;0.847426;0.125158;-0.113223;0.0985197;-0.0773706;0.0563377;-0.033795;0.014127;0.00331592;-0.0134425;0.0222246;-0.0231593;0.0243915;-0.017551;0.0148467;-0.00496347;0.00339295;0.00544114;-0.00287229;0.00953709;-0.014628
44100,0.45,21,43,0,0,1e+300,0,0,0;0;0;0;0;0;0;0;0;0;0;0;0;0;0;0;0;0;0;0;0;0;0;0;0;0;0;0;0;0;0;0;0;0;0;0;0;0;0;0;0;0;0
44100,0.45,22,45,0,0,1e+300,0,0,0;0;0;0;0;0;0;0;0;0;0;0;0;0;0;0;0;0;0;0;0;0;0;0;0;0;0;0;0;0;0;0;0;0;0;0;0;0;0;0;0;0;0;0;0
44100,0.45,23,47,1,-94.9973,13.6924,46,1.04308,-0.00724114;-0.00461184;0.0105546;-0.00649877;0.00912047;-0.00529888;0.00467597;0.00124065;-0.00565393;0.0140845;-0.0186036;0.0237681;-0.024846;0.0247925;-0.0136925;0.00598331;0.0147087;-0.0326676;0.0559989;-0.0779457;0.0987496;-0.115833;0.126233;0.845965;0.126233;-0.115833;0.0987496;-0.0779457;0.0559989;-0.0326676;0.0147087;0.00598331;-0.0136925;0.0247925;-0.024846;0.0237681;-0.0186036;0.0140845;-0.00565393;0.00124065;0.00467597;-0.00529888;0.00912047;-0.00649877;0.0105546;-0.00461184;-0.00724114
44100,0.45,24,49,1,-95,12.7153,48,1.08844,0.00666087;-0.00459915;-0.00546933;0.00634494;-0.0057966;0.0055755;-0.00726002;0.00368975;-5.9168e-05;-0.00421135;0.0084612;-0.0158534;0.0179771;-0.0188852;0.0191874;-0.00948695;0.000915319;0.0170824;-0.0315732;0.0579991;-0.0706203;0.0955753;-0.108302;0.116774;0.851749;0.116774;-0.108302;0.0955753;-0.0706203;0.0579991;-0.0315732;0.0170824;0.000915319;-0.00948695;0.0191874;-0.0188852;0.0179771;-0.0158534;0.0084612;-0.00421135;-5.9168e-05;0.00368975;-0.00726002;0.0055755;-0.0057966;0.00634494;-0.00546933;-0.00459915;0.00666087
44100,0.45,25,51,0,0,1e+300,0,0,0;0;0;0;0;0;0;0;0;0;0;0;0;0;0;0;0;0;0;0;0;0;0;0;0;0;0;0;0;0;0;0;0;0;0;0;0;0;0;0;0;0;0;0;0;0;0;0;0;0;0
44100,0.45,26,53,0,-90.9153,13.7925,52,1.17914,0.0156298;-0.00401913;0.00268056;-0.000171732;-0.00325083;0.00713441;-0.0108087;0.0134439;-0.0142217;0.0125333;-0.00819367;0.00152134;0.00661039;-0.0149201;0.0219061;-0.0260968;0.0263337;-0.0222993;0.0106486;0.00596153;-0.0270663;0.0508831;-0.0752907;0.0978755;-0.116195;0.128147;0.84245;0.128147;-0.116195;0.0978755;-0.0752907;0.0508831;-0.0270663;0.00596153;0.0106486;-0.0222993;0.0263337;-0.0260968;0.0219061;-0.0149201;0.00661039;0.00152134;-0.00819367;0.0125333;-0.0142217;0.0134439;-0.0108087;0.00713441;-0.00325083;-0.000171732;0.00268056;-0.00401913;0.0156298
44100,0.5,8,17,0,0,1e+300,0,0,0;0;0;0;0;0;0;0;0;0;0;0;0;0;0;0;0
44100,0.5,9,19,0,0,1e+300,0,0,0;0;0;0;0;0;0;0;0;0;0;0;0;0;0;0;0;0;0
44100,0.5,10,21,0,0,1e+300,0,0,0;0;0;0;0;0;0;0;0;0;0;0;0;0;0;0;0;0;0;0;0
44100,0.5,11,23,0,0,1e+300,0,0,0;0;0;0;0;0;0;0;0;0;0;0;0;0;0;0;0;0;0;0;0;0;0
44100,0.5,12,25,0,0,1e+300,0,0,0;0;0;0;0;0;0;0;0;0;0;0;0;0;0;0;0;0;0;0;0;0;0;0;0
44100,0.5,13,27,0,0,1e+300,0,0,0;0;0;0;0;0;0;0;0;0;0;0;0;0;0;0;0;0;0;0;0;0;0;0;0;0;0
44100,0.5,14,29,1,-94.9981,10.8789,28,0.634921,0.00608536;-0.0190882;0.00950122;-0.00613864;0.00832499;0.0043536;-0.00901655;0.0266536;-0.0368704;0.0561573;-0.0679944;0.0849558;-0.0945414;0.103102;0.869031;0.103102;-0.0945414;0.0849558;-0.0679944;0.0561573;-0.0368704;0.0266536;-0.00901655;0.0043536;0.00832499;-0.00613864;0.00950122;-0.0190882;0.00608536
44100,0.5,15,31,0,0,1e+300,0,0,0;0;0;0;0;0;0;0;0;0;0;0;0;0;0;0;0;0;0;0;0;0;0;0;0;0;0;0;0;0;0
44100,0.5,16,33,1,-94.9976,10.8976,32,0.725624,-0.00715865;-0.00705072;0.0132971;-0.00802749;0.0131128;-0.00757437;0.00743857;0.0028021;-0.009618;0.0251781;-0.0371106;0.0557919;-0.0692023;0.085413;-0.094546;0.103463;0.867583;0.103463;-0.094546;0.085413;-0.0692023;0.0557919;-0.0371106;0.0251781;-0.009618;0.0028021;0.00743857;-0.00757437;0.0131128;-0.00802749;0.0132971;-0.00705072;-0.00715865
44100,0.5,17,35,1,-94.9941,8.30078,34,0.770975,-0.00960581;0.0108098;-0.00756808;0.0118616;-0.00748468;0.00228412;0.00332653;-0.00866197;0.0167989;-0.0215853;0.0354973;-0.0482524;0.056445;-0.0664761;0.0736583;-0.0736583;0.0889282;0.887366;0.0889282;-0.0736583;0.0736583;-0.0664761;0.056445;-0.0482524;0.0354973;-0.0215853;0.0167989;-0.00866197;0.00332653;0.00228412;-0.00748468;0.0118616;-0.00756808;0.0108098;-0.00960581
44100,0.5,18,37,1,-94.9966,8.41492,36,0.816327,0.0105521;-0.00852835;0.0105579;-0.00509654;0.0052647;-0.0105849;0.00050053;0.00379064;-0.0131043;0.022346;-0.0277427;0.0415432;-0.0481304;0.0521767;-0.0616681;0.0748199;-0.0707922;0.0795289;0.889134;0.0795289;-0.0707922;0.0748199;-0.0616681;0.0521767;-0.0481304;0.0415432;-0.0277427;0.022346;-0.0131043;0.00379064;0.00050053;-0.0105849;0.0052647;-0.00509654;0.0105579;-0.00852835;0.0105521
44100,0.5,19,39,0,0,1e+300,0,0,0;0;0;0;0;0;0;0;0;0;0;0;0;0;0;0;0;0;0;0;0;0;0;0;0;0;0;0;0;0;0;0;0;0;0;0;0;0;0
44100,0.5,20,41,0,96.4708,100,40,0.907029,-1332.37;-1332.38;-1332.37;-1332.38;-1332.37;-1332.39;-1332.19;-1332.38;-1332.37;-1332.37;-1330.44;28644;-1332.4;-1332.34;-1332.43;-1332.32;-1332.44;-1332.32;-1332.45;-1332.29;-6660.99;-1332.29;-1332.45;-1332.32;-1332.44;-1332.32;-1332.43;-1332.34;-1332.4;28644;-1330.44;-1332.37;-1332.37;-1332.38;-1332.19;-1332.39;-1332.37;-1332.38;-1332.37;-1332.38;-1332.37
44100,0.5,21,43,1,-94.9976,8.62219,42,0.952381,-0.00552358;-0.00684193;0.00112508;0.00931768;-0.00678932;0.0117705;-0.00787984;0.00965477;-0.00355225;0.0021139;0.00489223;-0.00879222;0.0190612;-0.0262301;0.0377737;-0.0459753;0.0567359;-0.0639903;0.0728687;-0.0768865;0.0812837;0.891728;0.0812837;-0.0768865;0.0728687;-0.0639903;0.0567359;-0.0459753;0.0377737;-0.0262301;0.0190612;-0.00879222;0.00489223;0.0021139;-0.00355225;0.00965477;-0.00787984;0.0117705;-0.00678932;0.00931768;0.00112508;-0.00684193;-0.00552358
44100,0.5,22,45,1,-94.9985,13.5143,44,0.997732,0.00517265;0.00783947;-0.0139094;0.00544971;-0.00716133;0.00341586;0.000865024;-0.00683561;0.0122295;-0.019655;0.0223792;-0.0259103;0.022909;-0.0148769;0.00556585;0.0154745;-0.030737;0.0586173;-0.0752129;0.099922;-0.114044;0.126563;0.843878;0.126563;-0.114044;0.099922;-0.0752129;0.0586173;-0.030737;0.0154745;0.00556585;-0.0148769;0.022909;-0.0259103;0.0223792;-0.019655;0.0122295;-0.00683561;0.000865024;0.00341586;-0.00716133;0.00544971;-0.0139094;0.00783947;0.00517265
44100,0.5,23,47,1,-94.9979,10.5095,46,1.04308,-0.0107683;0.0025124;0.0035158;-8.2636e-06;0.00619392;-0.0011128;0.00276836;0.0021074;0.000256303;0.0058375;-0.00625943;0.00781672;-0.00657385;0.0051136;0.00241733;-0.0105387;0.0233674;-0.0356324;0.0527281;-0.0693505;0.0818438;-0.0913499;0.100508;0.869215;0.100508;-0.0913499;0.0818438;-0.0693505;0.0527281;-0.0356324;0.0233674;-0.0105387;0.00241733;0.0051136;-0.00657385;0.00781672;-0.00625943;0.0058375;0.000256303;0.0021074;0.00276836;-0.0011128;0.00619392;-8.2636e-06;0.0035158;0.0025124;-0.0107683
44100,0.5,24,49,1,-94.9981,14.7268,48,1.08844,0.00643446;-0.00274269;-0.00954037;0.00972295;-0.00943971;0.00992287;-0.0102138;0.0055158;-0.00199847;-0.00863204;0.0127678;-0.0226819;0.0318871;-0.0273262;0.0348661;-0.0215347;0.0108574;0.00833947;-0.0296847;0.0565283;-0.0809157;0.104571;-0.123155;0.138322;0.83626;0.138322;-0.123155;0.104571;-0.0809157;0.0565283;-0.0296847;0.00833947;0.0108574;-0.0215347;0.0348661;-0.0273262;0.0318871;-0.0226819;0.0127678;-0.00863204;-0.00199847;0.0055158;-0.0102138;0.00992287;-0.00943971;0.00972295;-0.00954037;-0.00274269;0.00643446
44100,0.5,25,51,1,-94.9982,12.0257,50,1.13379,-0.0102198;0.00759037;-0.00106959;-0.00481992;0.00144338;-0.00473038;0.0108939;-0.00468212;0.0096641;-0.00329733;0.00221062;0.00602638;-0.00862519;0.0140501;-0.0169658;0.0142695;-0.00859092;0.00215726;0.0177192;-0.0294415;0.0504542;-0.0732291;0.087593;-0.103273;0.115488;0.858768;0.115488;-0.103273;0.087593;-0.0732291;0.0504542;-0.0294415;0.0177192;0.00215726;-0.00859092;0.0142695;-0.0169658;0.0140501;-0.00862519;0.00602638;0.00221062;-0.00329733;0.0096641;-0.00468212;0.0108939;-0.00473038;0.00144338;-0.00481992;-0.00106959;0.00759037;-0.0102198
44100,0.5,26,53,1,-95,15.573,52,1.17914,0.0123607;-0.00907517;-0.00286316;-0.000716967;-0.00723786;0.00922581;-0.0143386;0.0164686;-0.0161913;0.0140379;-0.0072513;-0.000692117;0.0120749;-0.0214622;0.0322577;-0.0355166;0.0388466;-0.0306496;0.0214749;0.00160359;-0.0231642;0.0540641;-0.0798789;0.108848;-0.128428;0.14386;0.824687;0.14386;-0.128428;0.108848;-0.0798789;0.0540641;-0.0231642;0.00160359;0.0214749;-0.0306496;0.0388466;-0.0355166;0.0322577;-0.0214622;0.0120749;-0.000692117;-0.0072513;0.0140379;-0.0161913;0.0164686;-0.0143386;0.00922581;-0.00723786;-0.000716967;-0.00286316;-0.00907517;0.0123607
44100,0.5,27,55,1,-94.9815,18.2505,54,1.22449,-0.0116315;0.0141952;2.6724e-06;0.00479607;0.00504977;-0.00760797;0.0170817;-0.0203464;0.025051;-0.0247597;0.0202505;-0.0124693;-0.000136907;0.0142242;-0.029256;0.0427057;-0.0515477;0.054513;-0.0500221;0.0347121;-0.0120653;-0.0176116;0.052144;-0.0869199;0.120899;-0.146331;0.164186;0.801791;0.164186;-0.146331;0.120899;-0.0869199;0.052144;-0.0176116;-0.0120653;0.0347121;-0.0500221;0.054513;-0.0515477;0.0427057;-0.029256;0.0142242;-0.000136907;-0.0124693;0.0202505;-0.0247597;0.025051;-0.0203464;0.0170817;-0.00760797;0.00504977;0.00479607;2.6724e-06;0.0141952;-0.0116315
44100,0.5,28,57,0,-94.3784,24.8753,56,1.26984,0.0189727;-0.00890307;0.0075003;-0.00485297;-0.000975114;0.00877111;-0.018311;0.0280216;-0.0358334;0.0400615;-0.0387962;0.0311901;-0.0170234;-0.00280251;0.0263912;-0.050581;0.0720143;-0.0862964;0.0906497;-0.0850055;0.0663536;-0.03472;-0.00636985;0.0541533;-0.103483;0.149459;-0.187031;0.21151;0.751874;0.21151;-0.187031;0.149459;-0.103483;0.0541533;-0.00636985;-0.03472;0.0663536;-0.0850055;0.0906497;-0.0862964;0.0720143;-0.050581;0.0263912;-0.00280251;-0.0170234;0.0311901;-0.0387962;0.0400615;-0.0358334;0.0280216;-0.018311;0.00877111;-0.000975114;-0.00485297;0.0075003;-0.00890307;0.0189727
44100,0.5,29,59,0,0,1e+300,0,0,0;0;0;0;0;0;0;0;0;0;0;0;0;0;0;0;0;0;0;0;0;0;0;0;0;0;0;0;0;0;0;0;0;0;0;0;0;0;0;0;0;0;0;0;0;0;0;0;0;0;0;0;0;0;0;0;0;0;0
48000,0.05,8,17,0,0,1e+300,0,0,0;0;0;0;0;0;0;0;0;0;0;0;0;0;0;0;0
48000,0.05,9,19,0,0,1e+300,0,0,0;0;0;0;0;0;0;0;0;0;0;0;0;0;0;0;0;0;0
48000,0.05,10,21,0,0,1e+300,0,0,0;0;0;0;0;0;0;0;0;0;0;0;0;0;0;0;0;0;0;0;0
48000,0.05,11,23,0,0,1e+300,0,0,0;0;0;0;0;0;0;0;0;0;0;0;0;0;0;0;0;0;0;0;0;0;0
48000,0.05,12,25,0,0,1e+300,0,0,0;0;0;0;0;0;0;0;0;0;0;0;0;0;0;0;0;0;0;0;0;0;0;0;0
48000,0.05,13,27,0,0,1e+300,0,0,0;0;0;0;0;0;0;0;0;0;0;0;0;0;0;0;0;0;0;0;0;0;0;0;0;0;0
48000,0.05,14,29,1,-94.9998,12.4023,28,0.583333,0.00333033;-0.00517902;0.00777619;-0.00973555;0.00981463;-0.00682837;-0.000340781;0.0122368;-0.0286897;0.0486644;-0.070246;0.0910356;-0.108313;0.119811;0.873328;0.119811;-0.108313;0.0910356;-0.070246;0.0486644;-0.0286897;0.0122368;-0.000340781;-0.00682837;0.00981463;-0.00973555;0.00777619;-0.00517902;0.00333033
48000,0.05,15,31,0,0,1e+300,0,0,0;0;0;0;0;0;0;0;0;0;0;0;0;0;0;0;0;0;0;0;0;0;0;0;0;0;0;0;0;0;0
48000,0.05,16,33,1,-94.9989,13.286,28,0.583333,-0.000384213;0.000815251;0.00108243;-0.0026163;0.00607992;-0.00859886;0.0111806;-0.0109801;0.00591793;0.00500186;-0.0219661;0.0434365;-0.0684024;0.0937085;-0.11453;0.129236;0.862038;0.129236;-0.11453;0.0937085;-0.0684024;0.0434365;-0.0219661;0.00500186;0.00591793;-0.0109801;0.0111806;-0.00859886;0.00607992;-0.0026163;0.00108243;0.000815251;-0.000384213
48000,0.05,17,35,1,-94.9999,14.4531,34,0.708333,0.00110406;-0.00217179;0.00296242;-0.00153544;-0.000775655;0.00531692;-0.0102724;0.0148098;-0.0162764;0.0134912;-0.00320981;-0.0149317;0.0394706;-0.0673796;0.0976332;-0.122956;0.139359;0.850722;0.139359;-0.122956;0.0976332;-0.0673796;0.0394706;-0.0149317;-0.00320981;0.0134912;-0.0162764;0.0148098;-0.0102724;0.00531692;-0.000775655;-0.00153544;0.00296242;-0.00217179;0.00110406
48000,0.05,18,37,1,-94.9999,14.1602,36,0.75,-0.000860059;0.000760626;-0.001839;0.00223643;-0.000413577;-0.00132121;0.00588501;-0.0105634;0.0145767;-0.0150708;0.0113413;-0.000434713;-0.017077;0.0406952;-0.0680715;0.0967779;-0.121082;0.136916;0.855089;0.136916;-0.121082;0.0967779;-0.0680715;0.0406952;-0.017077;-0.000434713;0.0113413;-0.0150708;0.0145767;-0.0105634;0.00588501;-0.00132121;-0.000413577;0.00223643;-0.001839;0.000760626;-0.000860059
48000,0.05,19,39,0,0,1e+300,0,0,0;0;0;0;0;0;0;0;0;0;0;0;0;0;0;0;0;0;0;0;0;0;0;0;0;0;0;0;0;0;0;0;0;0;0;0;0;0;0
48000,0.05,20,41,1,-94.9984,8.3575,40,0.833333,-0.00110402;-0.00106117;0.00445303;-0.00823052;0.0137792;-0.0179421;0.0204142;-0.0180536;0.0108684;0.0026174;-0.0201036;0.0401944;-0.0587858;0.0732753;-0.0804165;0.0800334;-0.0722735;0.0605318;-0.0479319;0.0386321;0.962207;0.0386321;-0.0479319;0.0605318;-0.0722735;0.0800334;-0.0804165;0.0732753;-0.0587858;0.0401944;-0.0201036;0.0026174;0.0108684;-0.0180536;0.0204142;-0.0179421;0.0137792;-0.00823052;0.00445303;-0.00106117;-0.00110402
48000,0.05,21,43,0,0,1e+300,0,0,0;0;0;0;0;0;0;0;0;0;0;0;0;0;0;0;0;0;0;0;0;0;0;0;0;0;0;0;0;0;0;0;0;0;0;0;0;0;0;0;0;0;0
48000,0.05,22,45,0,0,1e+300,0,0,0;0;0;0;0;0;0;0;0;0;0;0;0;0;0;0;0;0;0;0;0;0;0;0;0;0;0;0;0;0;0;0;0;0;0;0;0;0;0;0;0;0;0;0;0
48000,0.05,23,47,0,0,1e+300,0,0,0;0;0;0;0;0;0;0;0;0;0;0;0;0;0;0;0;0;0;0;0;0;0;0;0;0;0;0;0;0;0;0;0;0;0;0;0;0;0;0;0;0;0;0;0;0;0
48000,0.05,24,49,1,-94.9972,44.818,48,1,0.00367881;-0.00683438;0.00993299;-0.0116634;0.00897646;-0.000968156;-0.0137562;0.0326959;-0.0523114;0.0661698;-0.0679263;0.0520157;-0.0170181;-0.0338257;0.0919852;-0.14401;0.175662;-0.174105;0.132973;-0.0530063;-0.0543151;0.172092;-0.277768;0.351442;0.619767;0.351442;-0.277768;0.172092;-0.0543151;-0.0530063;0.132973;-0.174105;0.175662;-0.14401;0.0919852;-0.0338257;-0.0170181;0.0520157;-0.0679263;0.0661698;-0.0523114;0.0326959;-0.0137562;-0.000968156;0.00897646;-0.0116634;0.00993299;-0.00683438;0.00367881
48000,0.05,25,51,0,0,1e+300,0,0,0;0;0;0;0;0;0;0;0;0;0;0;0;0;0;0;0;0;0;0;0;0;0;0;0;0;0;0;0;0;0;0;0;0;0;0;0;0;0;0;0;0;0;0;0;0;0;0;0;0;0
48000,0.05,26,53,1,-94.9984,6.25,52,1.08333,-0.00242181;0.00400401;-0.00437377;0.00419823;-0.00185206;-0.00276082;0.00916025;-0.0162685;0.02268;-0.0261211;0.0257865;-0.0198693;0.00988017;0.00463612;-0.019647;0.0350907;-0.0469302;0.055171;-0.0593267;0.0593267;-0.0575886;0.0545379;-0.0515863;0.0498132;-0.0483897;0.0482374;0.949228;0.0482374;-0.0483897;0.0498132;-0.0515863;0.0545379;-0.0575886;0.0593267;-0.0593267;0.055171;-0.0469302;0.0350907;-0.019647;0.00463612;0.00988017;-0.0198693;0.0257865;-0.0261211;0.02268;-0.0162685;0.00916025;-0.00276082;-0.00185206;0.00419823;-0.00437377;0.00400401;-0.00242181
48000,0.05,27,55,0,-28.6733,77.3533,54,1.125,0.00107188;0.000463423;-0.00221535;0.00839479;-0.0122864;0.0181063;-0.0181985;0.0133816;0.00328946;-0.0263759;0.0585432;-0.0873905;0.108626;-0.107458;0.0815503;-0.0234069;-0.0552953;0.147037;-0.243884;0.277652;-0.27696;0.220253;-0.104027;-0.0495276;0.221039;-0.373058;0.479536;0.482279;0.479536;-0.373058;0.221039;-0.0495276;-0.104027;0.220253;-0.27696;0.277652;-0.243884;0.147037;-0.0552953;-0.0234069;0.0815503;-0.107458;0.108626;-0.0873905;0.0585432;-0.0263759;0.00328946;0.0133816;-0.0181985;0.0181063;-0.0122864;0.00839479;-0.00221535;0.000463423;0.00107188
48000,0.05,28,57,1,-94.9978,82.1522,56,1.16667,0.00367882;-0.00870947;0.0146335;-0.0208821;0.0251619;-0.0235941;0.0143062;0.004629;-0.0326037;0.0662121;-0.0988723;0.123463;-0.130251;0.113677;-0.0701823;0.00186109;0.0827184;-0.171112;0.247315;-0.294204;0.300248;-0.25644;0.165358;-0.0355774;-0.116142;0.267438;-0.396995;0.483243;0.483243;0.483243;-0.396995;0.267438;-0.116142;-0.0355774;0.165358;-0.25644;0.300248;-0.294204;0.247315;-0.171112;0.0827184;0.00186109;-0.0701823;0.113677;-0.130251;0.123463;-0.0988723;0.0662121;-0.0326037;0.004629;0.0143062;-0.0235941;0.0251619;-0.0208821;0.0146335;-0.00870947;0.00367882
48000,0.05,29,59,1,-95,74.7615,58,1.20833,0.0032798;-0.00632745;0.00825219;-0.00889338;0.00476343;0.00456778;-0.018863;0.0355363;-0.0491109;0.0534917;-0.0427269;0.0136512;0.0311306;-0.084636;0.132801;-0.161314;0.155685;-0.109142;0.0244839;0.0848735;-0.194304;0.277485;-0.307076;0.269134;-0.160917;-0.000327889;0.185669;-0.356558;0.476928;0.476928;0.476928;-0.356558;0.185669;-0.000327889;-0.160917;0.269134;-0.307076;0.277485;-0.194304;0.0848735;0.0244839;-0.109142;0.155685;-0.161314;0.132801;-0.084636;0.0311306;0.0136512;-0.0427269;0.0534917;-0.0491109;0.0355363;-0.018863;0.00456778;0.00476343;-0.00889338;0.00825219;-0.00632745;0.0032798
48000,0.05,30,61,0,-94.4511,71.3351,60,1.25,-0.00439039;0.00996225;-0.016443;0.0228919;-0.0243244;0.0184324;-0.00146698;-0.0251876;0.0585222;-0.0895251;0.108661;-0.104793;0.0721477;-0.0104593;-0.0704076;0.153734;-0.216903;0.239405;-0.2071;0.119638;0.00904835;-0.150799;0.270758;-0.334655;0.319695;-0.220477;0.0533298;0.147818;-0.338141;0.474018;0.474018;0.474018;-0.338141;0.147818;0.0533298;-0.220477;0.319695;-0.334655;0.270758;-0.150799;0.00904835;0.119638;-0.2071;0.239405;-0.216903;0.153734;-0.0704076;-0.0104593;0.0721477;-0.104793;0.108661;-0.0895251;0.0585222;-0.0251876;-0.00146698;0.0184324;-0.0243244;0.0228919;-0.016443;0.00996225;-0.00439039
48000,0.05,31,63,1,-94.9998,97.3741,62,1.29167,0.00580984;-0.0138823;0.0260757;-0.039595;0.0495095;-0.049411;0.0326514;0.00459226;-0.0611383;0.128726;-0.192467;0.233058;-0.231802;0.176378;-0.0664745;-0.0833542;0.244601;-0.380268;0.453857;-0.439625;0.331401;-0.146681;-0.0752388;0.282036;-0.421235;0.454791;-0.369957;0.184447;0.0573558;-0.294745;0.467056;0.467056;0.467056;-0.294745;0.0573558;0.184447;-0.369957;0.454791;-0.421235;0.282036;-0.0752388;-0.146681;0.331401;-0.439625;0.453857;-0.380268;0.244601;-0.0833542;-0.0664745;0.176378;-0.231802;0.233058;-0.192467;0.128726;-0.0611383;0.00459226;0.0326514;-0.049411;0.0495095;-0.039595;0.0260757;-0.0138823;0.00580984
48000,0.05,32,65,1,-94.9995,100,64,1.33333,-0.00606515;0.0174921;-0.0356606;0.0603754;-0.0854135;0.102667;-0.099602;0.066099;0.00573722;-0.112581;0.242036;-0.368179;0.459212;-0.482038;0.413388;-0.246894;0.000150039;0.287907;-0.561179;0.761698;-0.841636;0.779011;-0.583608;0.297579;0.0152584;-0.284615;0.453352;-0.491585;0.406287;-0.237326;0.0469266;0.100389;0.841636;0.100389;0.0469266;-0.237326;0.406287;-0.491585;0.453352;-0.284615;0.0152584;0.297579;-0.583608;0.779011;-0.841636;0.761698;-0.561179;0.287907;0.000150039;-0.246894;0.413388;-0.482038;0.459212;-0.368179;0.242036;-0.112581;0.00573722;0.066099;-0.099602;0.102667;-0.0854135;0.0603754;-0.0356606;0.0174921;-0.00606515
48000,0.05,33,67,0,-29.9857,100,66,1.375,-0.00268014;0.0138247;-0.0295864;0.0549331;-0.0843001;0.112404;-0.125617;0.114424;-0.0629375;-0.0292013;0.162567;-0.314831;0.461871;-0.56355;0.588618;-0.508475;0.320466;-0.0383529;-0.293252;0.621302;-0.879397;1.02022;-1.00891;0.851771;-0.574844;0.23826;0.0988374;-0.374296;0.555323;-0.646792;0.621416;-0.565955;0.510342;0.512797;0.510342;-0.565955;0.621416;-0.646792;0.555323;-0.374296;0.0988374;0.23826;-0.574844;0.851771;-1.00891;1.02022;-0.879397;0.621302;-0.293252;-0.0383529;0.320466;-0.508475;0.588618;-0.56355;0.461871;-0.314831;0.162567;-0.0292013;-0.0629375;0.114424;-0.125617;0.112404;-0.0843001;0.0549331;-0.0295864;0.0138247;-0.00268014
48000,0.05,34,69,0,-43.0935,100,68,1.41667,-0.00202086;0.0115746;-0.0301453;0.0605412;-0.103625;0.150362;-0.18788;0.195762;-0.149125;0.043175;0.137513;-0.373824;0.627678;-0.843428;0.95583;-0.90858;0.670179;-0.248963;-0.30102;0.885386;-1.38693;1.69229;-1.7218;1.45216;-0.929295;0.259308;0.413735;-0.942743;1.21673;-1.1892;0.891309;-0.4259;-0.0642707;0.430321;0.429771;0.430321;-0.0642707;-0.4259;0.891309;-1.1892;1.21673;-0.942743;0.413735;0.259308;-0.929295;1.45216;-1.7218;1.69229;-1.38693;0.885386;-0.30102;-0.248963;0.670179;-0.90858;0.95583;-0.843428;0.627678;-0.373824;0.137513;0.043175;-0.149125;0.195762;-0.18788;0.150362;-0.103625;0.0605412;-0.0301453;0.0115746;-0.00202086
48000,0.1,8,17,0,0,1e+300,0,0,0;0;0;0;0;0;0;0;0;0;0;0;0;0;0;0;0
48000,0.1,9,19,0,0,1e+300,0,0,0;0;0;0;0;0;0;0;0;0;0;0;0;0;0;0;0;0;0
48000,0.1,10,21,0,0,1e+300,0,0,0;0;0;0;0;0;0;0;0;0;0;0;0;0;0;0;0;0;0;0;0
48000,0.1,11,23,0,0,1e+300,0,0,0;0;0;0;0;0;0;0;0;0;0;0;0;0;0;0;0;0;0;0;0;0;0
48000,0.1,12,25,1,-94.9989,13.5742,24,0.5,0.00578944;-0.0083016;0.0109766;-0.0113572;0.00731267;0.00237879;-0.0190614;0.0413687;-0.0671868;0.0939042;-0.11633;0.132012;0.856989;0.132012;-0.11633;0.0939042;-0.0671868;0.0413687;-0.0190614;0.00237879;0.00731267;-0.0113572;0.0109766;-0.0083016;0.00578944
48000,0.1,13,27,1,-94.9991,12.793,26,0.541667,-0.00432448;0.0080808;-0.00913171;0.0112844;-0.00898174;0.00288198;0.00868841;-0.0252949;0.0466035;-0.0692783;0.0926381;-0.110828;0.124503;0.866316;0.124503;-0.110828;0.0926381;-0.0692783;0.0466035;-0.0252949;0.00868841;0.00288198;-0.00898174;0.0112844;-0.00913171;0.0080808;-0.00432448
48000,0.1,14,29,1,-94.999,11.9141,28,0.583333,0.00487638;-0.00629834;0.00890289;-0.0108708;0.00915914;-0.00473884;-0.00339145;0.0155402;-0.0319806;0.0515898;-0.0711661;0.0896831;-0.104356;0.115099;0.875903;0.115099;-0.104356;0.0896831;-0.0711661;0.0515898;-0.0319806;0.0155402;-0.00339145;-0.00473884;0.00915914;-0.0108708;0.00890289;-0.00629834;0.00487638
48000,0.1,15,31,1,-94.9991,14.0992,30,0.625,0.00256327;-0.00188308;-0.000838215;0.00336367;-0.00920319;0.0125792;-0.0143645;0.011733;-0.00188593;-0.0142884;0.0388308;-0.0667193;0.0963909;-0.119865;0.13851;0.850153;0.13851;-0.119865;0.0963909;-0.0667193;0.0388308;-0.0142884;-0.00188593;0.011733;-0.0143645;0.0125792;-0.00920319;0.00336367;-0.000838215;-0.00188308;0.00256327
48000,0.1,16,33,1,-94.9952,8.63777,32,0.666667,0.00639383;-0.00895571;0.0123172;-0.014181;0.0130731;-0.00796074;-0.00116144;0.0136793;-0.0283329;0.0433003;-0.0567991;0.0673228;-0.074123;0.0777087;-0.0790715;0.0790818;0.915417;0.0790818;-0.0790715;0.0777087;-0.074123;0.0673228;-0.0567991;0.0433003;-0.0283329;0.0136793;-0.00116144;-0.00796074;0.0130731;-0.014181;0.0123172;-0.00895571;0.00639383
48000,0.1,17,35,1,-94.9995,16.3979,34,0.708333,0.0041583;-0.003991;0.00609891;-0.00562557;0.00241035;0.00287298;-0.0112525;0.0211531;-0.0274434;0.0263208;-0.0168151;-0.00207028;0.0308792;-0.0665978;0.103416;-0.135632;0.158553;0.827131;0.158553;-0.135632;0.103416;-0.0665978;0.0308792;-0.00207028;-0.0168151;0.0263208;-0.0274434;0.0211531;-0.0112525;0.00287298;0.00241035;-0.00562557;0.00609891;-0.003991;0.0041583
48000,0.1,18,37,1,-94.9972,23.3826,36,0.75,-0.00398802;0.010845;-0.0137745;0.0186908;-0.0173579;0.0113041;0.00260834;-0.0216304;0.0426473;-0.0603772;0.0679348;-0.0599181;0.0340897;0.00979372;-0.0659742;0.125486;-0.179041;0.21581;0.765701;0.21581;-0.179041;0.125486;-0.0659742;0.00979372;0.0340897;-0.0599181;0.0679348;-0.0603772;0.0426473;-0.0216304;0.00260834;0.0113041;-0.0173579;0.0186908;-0.0137745;0.010845;-0.00398802
48000,0.1,19,39,0,0,1e+300,0,0,0;0;0;0;0;0;0;0;0;0;0;0;0;0;0;0;0;0;0;0;0;0;0;0;0;0;0;0;0;0;0;0;0;0;0;0;0;0;0
48000,0.1,20,41,0,0,1e+300,0,0,0;0;0;0;0;0;0;0;0;0;0;0;0;0;0;0;0;0;0;0;0;0;0;0;0;0;0;0;0;0;0;0;0;0;0;0;0;0;0;0;0
48000,0.1,21,43,1,-94.9992,18.7652,42,0.875,0.00159075;0.00197462;-0.00039139;-0.00169112;0.00476112;-0.00799799;0.0103764;-0.0102832;0.00633064;0.00217534;-0.0142357;0.0274646;-0.0378686;0.0409921;-0.0328889;0.0113349;0.0226371;-0.0655607;0.110833;-0.151148;0.17886;0.80547;0.17886;-0.151148;0.110833;-0.0655607;0.0226371;0.0113349;-0.0328889;0.0409921;-0.0378686;0.0274646;-0.0142357;0.00217534;0.00633064;-0.0102832;0.0103764;-0.00799799;0.00476112;-0.00169112;-0.00039139;0.00197462;0.00159075
48000,0.1,22,45,1,-94.998,34.6827,44,0.916667,0.00523472;-0.00644748;0.00583723;-0.00251431;-0.00547004;0.0179789;-0.0309823;0.0427349;-0.0453029;0.0368127;-0.0131244;-0.0228355;0.0649489;-0.104248;0.127444;-0.126606;0.0932997;-0.0304166;-0.0558276;0.150388;-0.235347;0.295158;0.678572;0.295158;-0.235347;0.150388;-0.0558276;-0.0304166;0.0932997;-0.126606;0.127444;-0.104248;0.0649489;-0.0228355;-0.0131244;0.0368127;-0.0453029;0.0427349;-0.0309823;0.0179789;-0.00547004;-0.00251431;0.00583723;-0.00644748;0.00523472
48000,0.1,23,47,1,-94.9996,42.3026,46,0.958333,-0.0060295;0.0106385;-0.0130946;0.0144786;-0.00844918;-0.00368579;0.0231412;-0.045042;0.0642806;-0.0724795;0.0642056;-0.0345971;-0.0125768;0.0715089;-0.126788;0.165419;-0.171061;0.137374;-0.0625367;-0.0419124;0.159004;-0.265401;0.339909;0.627387;0.339909;-0.265401;0.159004;-0.0419124;-0.0625367;0.137374;-0.171061;0.165419;-0.126788;0.0715089;-0.0125768;-0.0345971;0.0642056;-0.0724795;0.0642806;-0.045042;0.0231412;-0.00368579;-0.00844918;0.0144786;-0.0130946;0.0106385;-0.0060295
48000,0.1,24,49,0,-68.0078,34.3716,46,0.958333,0.00056539;-0.0034545;0.00884818;-0.0114726;0.0122851;-0.0085394;-0.000691681;0.0176177;-0.0350636;0.0507471;-0.0588516;0.0533997;-0.030422;-0.00708558;0.055115;-0.100183;0.130244;-0.134607;0.106099;-0.0429103;-0.0439846;0.143033;-0.232594;0.293554;0.676703;0.293554;-0.232594;0.143033;-0.0439846;-0.0429103;0.106099;-0.134607;0.130244;-0.100183;0.055115;-0.00708558;-0.030422;0.0533997;-0.0588516;0.0507471;-0.0350636;0.0176177;-0.000691681;-0.0085394;0.0122851;-0.0114726;0.00884818;-0.0034545;0.00056539
48000,0.15,8,17,0,0,1e+300,0,0,0;0;0;0;0;0;0;0;0;0;0;0;0;0;0;0;0
48000,0.15,9,19,0,0,1e+300,0,0,0;0;0;0;0;0;0;0;0;0;0;0;0;0;0;0;0;0;0
48000,0.15,10,21,0,0,1e+300,0,0,0;0;0;0;0;0;0;0;0;0;0;0;0;0;0;0;0;0;0;0;0
48000,0.15,11,23,0,0,1e+300,0,0,0;0;0;0;0;0;0;0;0;0;0;0;0;0;0;0;0;0;0;0;0;0;0
48000,0.15,12,25,1,-95,13.2812,24,0.5,0.00603019;-0.00982807;0.0113934;-0.010947;0.0062283;0.00317038;-0.0213697;0.0429316;-0.0668981;0.0948292;-0.113796;0.129848;0.856816;0.129848;-0.113796;0.0948292;-0.0668981;0.0429316;-0.0213697;0.00317038;0.0062283;-0.010947;0.0113934;-0.00982807;0.00603019
48000,0.15,13,27,1,-94.9999,12.5,26,0.541667,-0.00458539;0.00845543;-0.00932637;0.0118335;-0.00860776;0.00165865;0.00939626;-0.0265726;0.0473708;-0.0698034;0.0923868;-0.108141;0.12337;0.865131;0.12337;-0.108141;0.0923868;-0.0698034;0.0473708;-0.0265726;0.00939626;0.00165865;-0.00860776;0.0118335;-0.00932637;0.00845543;-0.00458539
48000,0.15,14,29,1,-94.9998,11.3281,28,0.583333,0.00694548;-0.00869833;0.00960101;-0.0111408;0.00808967;-0.00276704;-0.00717604;0.0206126;-0.0365174;0.0547661;-0.0716223;0.088326;-0.0997937;0.108906;0.880938;0.108906;-0.0997937;0.088326;-0.0716223;0.0547661;-0.0365174;0.0206126;-0.00717604;-0.00276704;0.00808967;-0.0111408;0.00960101;-0.00869833;0.00694548
48000,0.15,15,31,1,-94.9993,13.7754,26,0.541667,0.00011988;8.20932e-06;-0.000972299;0.00327346;-0.0072207;0.0111301;-0.0125671;0.00895087;0.00140096;-0.0180891;0.0401454;-0.0657132;0.0929641;-0.118052;0.136134;0.856974;0.136134;-0.118052;0.0929641;-0.0657132;0.0401454;-0.0180891;0.00140096;0.00895087;-0.0125671;0.0111301;-0.0072207;0.00327346;-0.000972299;8.20932e-06;0.00011988
48000,0.15,16,33,0,0,1e+300,0,0,0;0;0;0;0;0;0;0;0;0;0;0;0;0;0;0;0;0;0;0;0;0;0;0;0;0;0;0;0;0;0;0;0
48000,0.15,17,35,1,-94.9985,7.61719,34,0.708333,-0.00477384;0.00886089;-0.0130969;0.0158078;-0.014028;0.0113113;-0.00254815;-0.00876216;0.0233214;-0.0378974;0.0527043;-0.0615559;0.0705743;-0.0705743;0.0705743;-0.0704459;0.0672709;0.926514;0.0672709;-0.0704459;0.0705743;-0.0705743;0.0705743;-0.0615559;0.0527043;-0.0378974;0.0233214;-0.00876216;-0.00254815;0.0113113;-0.014028;0.0158078;-0.0130969;0.00886089;-0.00477384
48000,0.15,18,37,1,-94.9954,7.03125,36,0.75,0.00788825;-0.0100731;0.0131211;-0.0144651;0.0144368;-0.0100855;0.00305002;0.00730448;-0.019762;0.0324544;-0.0451538;0.0550387;-0.0620831;0.0655369;-0.0655369;0.0645425;-0.0619986;0.0597445;0.932081;0.0597445;-0.0619986;0.0645425;-0.0655369;0.0655369;-0.0620831;0.0550387;-0.0451538;0.0324544;-0.019762;0.00730448;0.00305002;-0.0100855;0.0144368;-0.0144651;0.0131211;-0.0100731;0.00788825
48000,0.15,19,39,1,-94.9957,26.1317,38,0.791667,0.000941738;-0.00228414;0.0112418;-0.0175105;0.0223881;-0.0215028;0.0165659;0.000723158;-0.0223977;0.0470777;-0.0711807;0.0812745;-0.0756033;0.0480962;0.000779923;-0.0625637;0.132126;-0.193443;0.235139;0.740262;0.235139;-0.193443;0.132126;-0.0625637;0.000779923;0.0480962;-0.0756033;0.0812745;-0.0711807;0.0470777;-0.0223977;0.000723158;0.0165659;-0.0215028;0.0223881;-0.0175105;0.0112418;-0.00228414;0.000941738
48000,0.15,20,41,1,-95,12.5,40,0.833333,0.0020072;0.00406745;-0.00451733;0.00410022;-0.00266183;2.00307e-05;0.00515773;-0.0102921;0.0154859;-0.0181582;0.0174822;-0.011811;0.000728945;0.0144436;-0.0342561;0.0549027;-0.0758435;0.0942967;-0.108807;0.118426;0.870457;0.118426;-0.108807;0.0942967;-0.0758435;0.0549027;-0.0342561;0.0144436;0.000728945;-0.011811;0.0174822;-0.0181582;0.0154859;-0.0102921;0.00515773;2.00307e-05;-0.00266183;0.00410022;-0.00451733;0.00406745;0.0020072
48000,0.15,21,43,0,0,1e+300,0,0,0;0;0;0;0;0;0;0;0;0;0;0;0;0;0;0;0;0;0;0;0;0;0;0;0;0;0;0;0;0;0;0;0;0;0;0;0;0;0;0;0;0;0
48000,0.15,22,45,0,0,1e+300,0,0,0;0;0;0;0;0;0;0;0;0;0;0;0;0;0;0;0;0;0;0;0;0;0;0;0;0;0;0;0;0;0;0;0;0;0;0;0;0;0;0;0;0;0;0;0
48000,0.15,23,47,0,-39.7723,76.7088,46,0.958333,-0.00871139;0.0150665;-0.0187431;0.0192944;-0.0100971;-0.00922938;0.0389474;-0.0720108;0.100382;-0.111753;0.0969356;-0.0447173;-0.024771;0.116731;-0.20471;0.266284;-0.27958;0.232026;-0.123024;-0.0317249;0.205544;-0.364568;0.475262;0.474336;0.475262;-0.364568;0.205544;-0.0317249;-0.123024;0.232026;-0.27958;0.266284;-0.20471;0.116731;-0.024771;-0.0447173;0.0969356;-0.111753;0.100382;-0.0720108;0.0389474;-0.00922938;-0.0100971;0.0192944;-0.0187431;0.0150665;-0.00871139
48000,0.15,24,49,1,-94.9357,5.76172,48,1,-0.00465121;0.0050918;-0.00251017;0.000850411;0.00538116;-0.0124054;0.0184497;-0.0226399;0.0242432;-0.0204077;0.012099;0.00191083;-0.015098;0.0296042;-0.0408813;0.0496297;-0.0538636;0.0538636;-0.0538636;0.0533484;-0.0528635;0.0538636;-0.0538636;0.0572861;0.934853;0.0572861;-0.0538636;0.0538636;-0.0528635;0.0533484;-0.0538636;0.0538636;-0.0538636;0.0496297;-0.0408813;0.0296042;-0.015098;0.00191083;0.012099;-0.0204077;0.0242432;-0.0226399;0.0184497;-0.0124054;0.00538116;0.000850411;-0.00251017;0.0050918;-0.00465121
48000,0.15,25,51,0,0,1e+300,0,0,0;0;0;0;0;0;0;0;0;0;0;0;0;0;0;0;0;0;0;0;0;0;0;0;0;0;0;0;0;0;0;0;0;0;0;0;0;0;0;0;0;0;0;0;0;0;0;0;0;0;0
48000,0.15,26,53,1,-94.9997,6.25,52,1.08333,-0.00167775;0.00487598;-0.00709659;0.00767696;-0.00336653;-0.00223257;0.0122644;-0.0220297;0.0304773;-0.0341652;0.0324122;-0.0212198;0.00720486;0.0142909;-0.0330755;0.0498095;-0.0583368;0.0583368;-0.0583368;0.0512137;-0.0430804;0.0401407;-0.0421058;0.0456987;-0.0519729;0.0575997;0.933389;0.0575997;-0.0519729;0.0456987;-0.0421058;0.0401407;-0.0430804;0.0512137;-0.0583368;0.0583368;-0.0583368;0.0498095;-0.0330755;0.0142909;0.00720486;-0.0212198;0.0324122;-0.0341652;0.0304773;-0.0220297;0.0122644;-0.00223257;-0.00336653;0.00767696;-0.00709659;0.00487598;-0.00167775
48000,0.15,27,55,1,-94.9999,83.3393,54,1.125,-0.0103099;0.0189803;-0.0272044;0.0351319;-0.0332814;0.0224321;0.0035278;-0.0394532;0.0834358;-0.123569;0.151902;-0.1557;0.130251;-0.0720877;-0.0114163;0.110074;-0.205645;0.28178;-0.320949;0.313997;-0.255985;0.15328;-0.0167712;-0.134206;0.280544;-0.401617;0.481906;0.481906;0.481906;-0.401617;0.280544;-0.134206;-0.0167712;0.15328;-0.255985;0.313997;-0.320949;0.28178;-0.205645;0.110074;-0.0114163;-0.0720877;0.130251;-0.1557;0.151902;-0.123569;0.0834358;-0.0394532;0.0035278;0.0224321;-0.0332814;0.0351319;-0.0272044;0.0189803;-0.0103099
48000,0.15,28,57,0,-68.8168,87.2786,56,1.16667,0.0118195;-0.0220511;0.0347648;-0.04549;0.0476902;-0.0364433;0.00798549;0.0373561;-0.0934455;0.149743;-0.192215;0.2067;-0.183727;0.119479;-0.0208824;-0.0986029;0.217967;-0.315671;0.372882;-0.377331;0.327427;-0.228953;0.0972907;0.0509731;-0.196591;0.325047;-0.423434;0.485153;0.485121;0.485153;-0.423434;0.325047;-0.196591;0.0509731;0.0972907;-0.228953;0.327427;-0.377331;0.372882;-0.315671;0.217967;-0.0986029;-0.0208824;0.119479;-0.183727;0.2067;-0.192215;0.149743;-0.0934455;0.0373561;0.00798549;-0.0364433;0.0476902;-0.04549;0.0347648;-0.0220511;0.0118195
48000,0.15,29,59,1,-94.9976,82.2231,58,1.20833,0.00921268;-0.0209147;0.0326432;-0.0400311;0.0413666;-0.0237583;-0.010443;0.0587383;-0.115685;0.159422;-0.17945;0.157103;-0.0882559;-0.0187115;0.146002;-0.260913;0.332307;-0.334422;0.257086;-0.111701;-0.0695587;0.242643;-0.358812;0.384046;-0.303356;0.132923;0.0898696;-0.307968;0.467078;0.467078;0.467078;-0.307968;0.0898696;0.132923;-0.303356;0.384046;-0.358812;0.242643;-0.0695587;-0.111701;0.257086;-0.334422;0.332307;-0.260913;0.146002;-0.0187115;-0.0882559;0.157103;-0.17945;0.159422;-0.115685;0.0587383;-0.010443;-0.0237583;0.0413666;-0.0400311;0.0326432;-0.0209147;0.00921268
48000,0.15,30,61,0,0,1e+300,0,0,0;0;0;0;0;0;0;0;0;0;0;0;0;0;0;0;0;0;0;0;0;0;0;0;0;0;0;0;0;0;0;0;0;0;0;0;0;0;0;0;0;0;0;0;0;0;0;0;0;0;0;0;0;0;0;0;0;0;0;0;0
48000,0.15,31,63,1,-95,100,62,1.29167,-0.00211637;0.0100308;-0.023152;0.0399191;-0.0543029;0.063214;-0.0576382;0.0342702;0.0124184;-0.0774662;0.153368;-0.222676;0.270169;-0.277246;0.235173;-0.141556;0.00625208;0.152214;-0.303592;0.422402;-0.488596;0.488596;-0.418744;0.296775;-0.142546;-0.0226175;0.177769;-0.302381;0.396946;-0.45778;0.488596;0.488596;0.488596;-0.45778;0.396946;-0.302381;0.177769;-0.0226175;-0.142546;0.296775;-0.418744;0.488596;-0.488596;0.422402;-0.303592;0.152214;0.00625208;-0.141556;0.235173;-0.277246;0.270169;-0.222676;0.153368;-0.0774662;0.0124184;0.0342702;-0.0576382;0.063214;-0.0543029;0.0399191;-0.023152;0.0100308;-0.00211637
48000,0.15,32,65,1,-94.9991,100,64,1.33333,0.00583898;-0.00291986;-0.00120674;0.0141619;-0.0333678;0.0524367;-0.0667368;0.0676386;-0.0437457;-0.00879203;0.0836525;-0.167583;0.240404;-0.276053;0.252353;-0.161337;0.0120766;0.169629;-0.343312;0.462654;-0.490752;0.412111;-0.237488;0.00431433;0.229639;-0.402523;0.466813;-0.401992;0.222096;0.0263681;-0.277205;0.461884;0.461884;0.461884;-0.277205;0.0263681;0.222096;-0.401992;0.466813;-0.402523;0.229639;0.00431433;-0.237488;0.412111;-0.490752;0.462654;-0.343312;0.169629;0.0120766;-0.161337;0.252353;-0.276053;0.240404;-0.167583;0.0836525;-0.00879203;-0.0437457;0.0676386;-0.0667368;0.0524367;-0.0333678;0.0141619;-0.00120674;-0.00291986;0.00583898
48000,0.2,8,17,0,0,1e+300,0,0,0;0;0;0;0;0;0;0;0;0;0;0;0;0;0;0;0
48000,0.2,9,19,0,0,1e+300,0,0,0;0;0;0;0;0;0;0;0;0;0;0;0;0;0;0;0;0;0
48000,0.2,10,21,0,0,1e+300,0,0,0;0;0;0;0;0;0;0;0;0;0;0;0;0;0;0;0;0;0;0;0
48000,0.2,11,23,0,0,1e+300,0,0,0;0;0;0;0;0;0;0;0;0;0;0;0;0;0;0;0;0;0;0;0;0;0
48000,0.2,12,25,1,-94.9999,12.9883,24,0.5,0.00822067;-0.0108148;0.0109482;-0.0115715;0.00427703;0.00629897;-0.0225059;0.0450808;-0.0685956;0.093651;-0.111472;0.127357;0.858252;0.127357;-0.111472;0.093651;-0.0685956;0.0450808;-0.0225059;0.00629897;0.00427703;-0.0115715;0.0109482;-0.0108148;0.00822067
48000,0.2,13,27,1,-94.9994,14.0729,26,0.541667,-0.00118506;0.00198812;-0.00640692;0.0111819;-0.0131437;0.0107382;0.00204013;-0.0144249;0.0401968;-0.0650256;0.0926133;-0.119685;0.135881;0.850464;0.135881;-0.119685;0.0926133;-0.0650256;0.0401968;-0.0144249;0.00204013;0.0107382;-0.0131437;0.0111819;-0.00640692;0.00198812;-0.00118506
48000,0.2,14,29,1,-94.9972,10.8291,28,0.583333,0.00947786;-0.0100085;0.0113668;-0.0116722;0.00759316;-0.000466451;-0.0109355;0.0251689;-0.0411383;0.0578809;-0.0728812;0.0864968;-0.0957991;0.102596;0.884641;0.102596;-0.0957991;0.0864968;-0.0728812;0.0578809;-0.0411383;0.0251689;-0.0109355;-0.000466451;0.00759316;-0.0116722;0.0113668;-0.0100085;0.00947786
48000,0.2,15,31,1,-95,15.4167,30,0.625,0.00249814;-0.00746297;0.00226224;0.00216421;-0.00626847;0.0154725;-0.0183742;0.0203567;-0.0109869;-0.00471394;0.0320733;-0.0635337;0.0987934;-0.128261;0.149998;0.831966;0.149998;-0.128261;0.0987934;-0.0635337;0.0320733;-0.00471394;-0.0109869;0.0203567;-0.0183742;0.0154725;-0.00626847;0.00216421;0.00226224;-0.00746297;0.00249814
48000,0.2,16,33,1,-94.9999,15.0026,30,0.625,-0.000327191;0.00331313;-0.00236609;0.00370355;0.00429535;-0.00610464;0.0118004;-0.0194768;0.0180822;-0.00787408;-0.00924237;0.0342757;-0.0645586;0.0961252;-0.125311;0.146034;0.835264;0.146034;-0.125311;0.0961252;-0.0645586;0.0342757;-0.00924237;-0.00787408;0.0180822;-0.0194768;0.0118004;-0.00610464;0.00429535;0.00370355;-0.00236609;0.00331313;-0.000327191
48000,0.2,17,35,1,-94.9754,15.4901,34,0.708333,0.00212666;-0.000902856;0.00565522;-0.00288198;0.00346609;0.00121435;-0.00924474;0.0155984;-0.0220956;0.0230353;-0.0133009;-0.00439697;0.0313699;-0.0663191;0.0995678;-0.127768;0.15246;0.824832;0.15246;-0.127768;0.0995678;-0.0663191;0.0313699;-0.00439697;-0.0133009;0.0230353;-0.0220956;0.0155984;-0.00924474;0.00121435;0.00346609;-0.00288198;0.00565522;-0.000902856;0.00212666
48000,0.2,18,37,1,-94.9964,7.8125,36,0.75,0.00699369;-0.00945981;0.0181276;-0.018562;0.0183961;-0.0153899;0.00525296;0.00924948;-0.024938;0.0414646;-0.0587961;0.0713653;-0.0743515;0.0727971;-0.0679789;0.057891;-0.048551;0.0406399;0.951699;0.0406399;-0.048551;0.057891;-0.0679789;0.0727971;-0.0743515;0.0713653;-0.0587961;0.0414646;-0.024938;0.00924948;0.00525296;-0.0153899;0.0183961;-0.018562;0.0181276;-0.00945981;0.00699369
48000,0.2,19,39,1,-94.997,7.8125,38,0.791667,-0.00262831;0.00558765;-0.00947169;0.0155468;-0.0171392;0.0182903;-0.0133087;0.00804833;0.00810161;-0.0216246;0.0407037;-0.0607087;0.0700133;-0.0740837;0.0740837;-0.0676963;0.0587475;-0.0474908;0.0408937;0.948271;0.0408937;-0.0474908;0.0587475;-0.0676963;0.0740837;-0.0740837;0.0700133;-0.0607087;0.0407037;-0.0216246;0.00810161;0.00804833;-0.0133087;0.0182903;-0.0171392;0.0155468;-0.00947169;0.00558765;-0.00262831
48000,0.2,20,41,0,0,1e+300,0,0,0;0;0;0;0;0;0;0;0;0;0;0;0;0;0;0;0;0;0;0;0;0;0;0;0;0;0;0;0;0;0;0;0;0;0;0;0;0;0;0;0
48000,0.2,21,43,0,0,1e+300,0,0,0;0;0;0;0;0;0;0;0;0;0;0;0;0;0;0;0;0;0;0;0;0;0;0;0;0;0;0;0;0;0;0;0;0;0;0;0;0;0;0;0;0;0
48000,0.2,22,45,0,59.459,100,44,0.916667,21.361;21.3405;21.3728;21.3392;-504.145;21.3599;21.3307;21.4024;21.2932;21.4192;21.3037;21.3718;21.3847;21.2791;21.4714;21.2272;21.4628;21.3018;21.3247;21.4808;21.1398;21.6312;112.094;21.6312;21.1398;21.4808;21.3247;21.3018;21.4628;21.2272;21.4714;21.2791;21.3847;21.3718;21.3037;21.4192;21.2932;21.4024;21.3307;21.3599;-504.145;21.3392;21.3728;21.3405;21.361
48000,0.2,23,47,0,0,1e+300,0,0,0;0;0;0;0;0;0;0;0;0;0;0;0;0;0;0;0;0;0;0;0;0;0;0;0;0;0;0;0;0;0;0;0;0;0;0;0;0;0;0;0;0;0;0;0;0;0
48000,0.2,24,49,1,-95,76.5749,48,1,0.00685409;-0.0161425;0.0220734;-0.0265095;0.0237277;-0.00830669;-0.0183915;0.0536121;-0.0925027;0.11803;-0.126676;0.103382;-0.0487774;-0.0315819;0.131257;-0.219056;0.27882;-0.286091;0.234839;-0.120685;-0.0348564;0.207848;-0.36411;0.475496;0.475496;0.475496;-0.36411;0.207848;-0.0348564;-0.120685;0.234839;-0.286091;0.27882;-0.219056;0.131257;-0.0315819;-0.0487774;0.103382;-0.126676;0.11803;-0.0925027;0.0536121;-0.0183915;-0.00830669;0.0237277;-0.0265095;0.0220734;-0.0161425;0.00685409
48000,0.2,25,51,1,-94.9967,50,50,1.04167,0.0018681;0.00622363;-0.00671268;0.0142207;-0.0238695;0.0282371;-0.0227541;0.00559861;0.0214567;-0.0545682;0.0863568;-0.106839;0.105467;-0.0754081;0.0174608;0.0590348;-0.137517;0.197624;-0.219283;0.190159;-0.108863;-0.0142784;0.156074;-0.287502;0.380311;0.575004;0.380311;-0.287502;0.156074;-0.0142784;-0.108863;0.190159;-0.219283;0.197624;-0.137517;0.0590348;0.0174608;-0.0754081;0.105467;-0.106839;0.0863568;-0.0545682;0.0214567;0.00559861;-0.0227541;0.0282371;-0.0238695;0.0142207;-0.00671268;0.00622363;0.0018681
48000,0.2,26,53,1,-94.9999,5.46875,52,1.08333,-0.00349446;0.00602792;-0.0060711;0.00412243;0.000291329;-0.00515346;0.0127303;-0.0207106;0.0258182;-0.0289571;0.0254862;-0.0158417;0.00403325;0.0138677;-0.026956;0.0409062;-0.0511001;0.0511001;-0.0511001;0.0511001;-0.0487675;0.046363;-0.0469668;0.0508398;-0.0511001;0.0563312;0.934402;0.0563312;-0.0511001;0.0508398;-0.0469668;0.046363;-0.0487675;0.0511001;-0.0511001;0.0511001;-0.0511001;0.0409062;-0.026956;0.0138677;0.00403325;-0.0158417;0.0254862;-0.0289571;0.0258182;-0.0207106;0.0127303;-0.00515346;0.000291329;0.00412243;-0.0060711;0.00602792;-0.00349446
48000,0.2,27,55,0,0,1e+300,0,0,0;0;0;0;0;0;0;0;0;0;0;0;0;0;0;0;0;0;0;0;0;0;0;0;0;0;0;0;0;0;0;0;0;0;0;0;0;0;0;0;0;0;0;0;0;0;0;0;0;0;0;0;0;0;0
48000,0.2,28,57,0,0,1e+300,0,0,0;0;0;0;0;0;0;0;0;0;0;0;0;0;0;0;0;0;0;0;0;0;0;0;0;0;0;0;0;0;0;0;0;0;0;0;0;0;0;0;0;0;0;0;0;0;0;0;0;0;0;0;0;0;0;0;0
48000,0.2,29,59,0,0,1e+300,0,0,0;0;0;0;0;0;0;0;0;0;0;0;0;0;0;0;0;0;0;0;0;0;0;0;0;0;0;0;0;0;0;0;0;0;0;0;0;0;0;0;0;0;0;0;0;0;0;0;0;0;0;0;0;0;0;0;0;0;0
48000,0.2,30,61,0,0,1e+300,0,0,0;0;0;0;0;0;0;0;0;0;0;0;0;0;0;0;0;0;0;0;0;0;0;0;0;0;0;0;0;0;0;0;0;0;0;0;0;0;0;0;0;0;0;0;0;0;0;0;0;0;0;0;0;0;0;0;0;0;0;0;0
48000,0.2,31,63,0,-94.9984,100,62,1.29167,0.0185082;-0.0517194;0.098805;-0.155489;0.203763;-0.217373;0.171276;-0.0428549;-0.163862;0.433329;-0.707429;0.920037;-0.996559;0.87607;-0.542111;0.0250953;0.589626;-1.17835;1.6059;-1.76458;1.60121;-1.13614;0.473579;0.241973;-0.839202;1.18478;-1.21187;0.940464;-0.473023;-0.035941;0.421391;0.421391;0.421391;-0.035941;-0.473023;0.940464;-1.21187;1.18478;-0.839202;0.241973;0.473579;-1.13614;1.60121;-1.76458;1.6059;-1.17835;0.589626;0.0250953;-0.542111;0.87607;-0.996559;0.920037;-0.707429;0.433329;-0.163862;-0.0428549;0.171276;-0.217373;0.203763;-0.155489;0.098805;-0.0517194;0.0185082
48000,0.2,32,65,1,-94.9995,100,64,1.33333,0.0124758;-0.0311174;0.0529576;-0.0751668;0.0932645;-0.0934033;0.068069;-0.0144359;-0.0681454;0.171571;-0.272778;0.359083;-0.398625;0.380644;-0.293235;0.143448;0.0517553;-0.261808;0.453435;-0.595863;0.660661;-0.644334;0.544854;-0.384493;0.190265;0.0095954;-0.186863;0.323797;-0.417048;0.467233;-0.488671;0.495254;0.495254;0.495254;-0.488671;0.467233;-0.417048;0.323797;-0.186863;0.0095954;0.190265;-0.384493;0.544854;-0.644334;0.660661;-0.595863;0.453435;-0.261808;0.0517553;0.143448;-0.293235;0.380644;-0.398625;0.359083;-0.272778;0.171571;-0.0681454;-0.0144359;0.068069;-0.0934033;0.0932645;-0.0751668;0.0529576;-0.0311174;0.0124758
48000,0.2,33,67,0,-10.2539,98.7024,66,1.375,0.0142434;-0.0258249;0.0702839;-0.107411;0.171068;-0.203271;0.228255;-0.179336;0.0833571;0.109176;-0.339357;0.617017;-0.848506;1.01622;-1.0239;0.868404;-0.514874;0.0328362;0.544739;-1.09411;1.54058;-1.77094;1.77983;-1.52632;1.10154;-0.552558;0.0171572;0.287767;-0.752694;0.916767;-0.931663;0.883189;-0.813282;1.80323;-0.813282;0.883189;-0.931663;0.916767;-0.752694;0.287767;0.0171572;-0.552558;1.10154;-1.52632;1.77983;-1.77094;1.54058;-1.09411;0.544739;0.0328362;-0.514874;0.868404;-1.0239;1.01622;-0.848506;0.617017;-0.339357;0.109176;0.0833571;-0.179336;0.228255;-0.203271;0.171068;-0.107411;0.0702839;-0.0258249;0.0142434
48000,0.2,34,69,1,-94.9988,49.8047,68,1.41667,0.00509909;-0.0175405;0.036389;-0.046093;0.0579891;-0.0524262;0.0263203;0.0191811;-0.0815246;0.145342;-0.194734;0.211999;-0.184969;0.112658;-0.00461022;-0.115024;0.218792;-0.278596;0.278596;-0.218064;0.115482;0.000114022;-0.0936995;0.138935;-0.123611;0.0571713;0.0343033;-0.114094;0.146996;-0.112754;0.0120924;0.130887;-0.278596;0.3883;0.559377;0.3883;-0.278596;0.130887;0.0120924;-0.112754;0.146996;-0.114094;0.0343033;0.0571713;-0.123611;0.138935;-0.0936995;0.000114022;0.115482;-0.218064;0.278596;-0.278596;0.218792;-0.115024;-0.00461022;0.112658;-0.184969;0.211999;-0.194734;0.145342;-0.0815246;0.0191811;0.0263203;-0.0524262;0.0579891;-0.046093;0.036389;-0.0175405;0.00509909
48000,0.25,8,17,0,0,1e+300,0,0,0;0;0;0;0;0;0;0;0;0;0;0;0;0;0;0;0
48000,0.25,9,19,0,0,1e+300,0,0,0;0;0;0;0;0;0;0;0;0;0;0;0;0;0;0;0;0;0
48000,0.25,10,21,0,0,1e+300,0,0,0;0;0;0;0;0;0;0;0;0;0;0;0;0;0;0;0;0;0;0;0
48000,0.25,11,23,1,-95,13.7695,22,0.458333,-0.00772703;0.0136469;-0.0119977;0.0109755;-0.000511406;-0.0152322;0.0373119;-0.065733;0.0955916;-0.116428;0.137331;0.845544;0.137331;-0.116428;0.0955916;-0.065733;0.0373119;-0.0152322;-0.000511406;0.0109755;-0.0119977;0.0136469;-0.00772703
48000,0.25,12,25,1,-94.9972,12.793,24,0.5,0.00820798;-0.0112111;0.0114079;-0.0119134;0.00367247;0.00658206;-0.0230542;0.0456187;-0.0685463;0.0942427;-0.109447;0.126677;0.855528;0.126677;-0.109447;0.0942427;-0.0685463;0.0456187;-0.0230542;0.00658206;0.00367247;-0.0119134;0.0114079;-0.0112111;0.00820798
48000,0.25,13,27,1,-94.9989,11.8164,26,0.541667,-0.00808613;0.0122035;-0.0096816;0.0115191;-0.00553657;-0.0026706;0.0154739;-0.0322641;0.0517332;-0.0708484;0.0906609;-0.102762;0.115432;0.869654;0.115432;-0.102762;0.0906609;-0.0708484;0.0517332;-0.0322641;0.0154739;-0.0026706;-0.00553657;0.0115191;-0.0096816;0.0122035;-0.00808613
48000,0.25,14,29,1,-94.9998,10.3268,28,0.583333,0.0117931;-0.0109462;0.0128252;-0.0117446;0.00691047;0.00205056;-0.0146937;0.0296294;-0.0454169;0.0606691;-0.0739217;0.0843561;-0.0917544;0.0959901;0.888507;0.0959901;-0.0917544;0.0843561;-0.0739217;0.0606691;-0.0454169;0.0296294;-0.0146937;0.00205056;0.00691047;-0.0117446;0.0128252;-0.0109462;0.0117931
48000,0.25,15,31,1,-94.9998,8.49609,30,0.625,-0.00973334;0.0141845;-0.0148946;0.0161529;-0.00963141;0.00315206;0.0132285;-0.027807;0.0456628;-0.0583099;0.0707792;-0.0758173;0.0774691;-0.0774691;0.0771234;0.91182;0.0771234;-0.0774691;0.0774691;-0.0758173;0.0707792;-0.0583099;0.0456628;-0.027807;0.0132285;0.00315206;-0.00963141;0.0161529;-0.0148946;0.0141845;-0.00973334
48000,0.25,16,33,1,-94.9986,16.9662,32,0.666667,-0.00220648;0.00559209;-0.00707657;0.00609;-0.000754206;-0.00596621;0.0206283;-0.0230087;0.0282082;-0.0207036;0.00105704;0.0249619;-0.0603848;0.102421;-0.138941;0.160618;0.81893;0.160618;-0.138941;0.102421;-0.0603848;0.0249619;0.00105704;-0.0207036;0.0282082;-0.0230087;0.0206283;-0.00596621;-0.000754206;0.00609;-0.00707657;0.00559209;-0.00220648
48000,0.25,17,35,0,0,1e+300,0,0,0;0;0;0;0;0;0;0;0;0;0;0;0;0;0;0;0;0;0;0;0;0;0;0;0;0;0;0;0;0;0;0;0;0;0
48000,0.25,18,37,0,0,1e+300,0,0,0;0;0;0;0;0;0;0;0;0;0;0;0;0;0;0;0;0;0;0;0;0;0;0;0;0;0;0;0;0;0;0;0;0;0;0;0
48000,0.25,19,39,0,0,1e+300,0,0,0;0;0;0;0;0;0;0;0;0;0;0;0;0;0;0;0;0;0;0;0;0;0;0;0;0;0;0;0;0;0;0;0;0;0;0;0;0;0
48000,0.25,20,41,0,0,1e+300,0,0,0;0;0;0;0;0;0;0;0;0;0;0;0;0;0;0;0;0;0;0;0;0;0;0;0;0;0;0;0;0;0;0;0;0;0;0;0;0;0;0;0
48000,0.25,21,43,0,0,1e+300,0,0,0;0;0;0;0;0;0;0;0;0;0;0;0;0;0;0;0;0;0;0;0;0;0;0;0;0;0;0;0;0;0;0;0;0;0;0;0;0;0;0;0;0;0
48000,0.25,22,45,1,-94.9986,50,44,0.916667,0.0158156;-0.0205127;0.0258515;-0.0238745;0.0111982;0.0130841;-0.0452597;0.0784503;-0.10115;0.103421;-0.0773133;0.0228863;0.0516922;-0.130356;0.191661;-0.216205;0.189551;-0.110121;-0.012042;0.154029;-0.286182;0.379194;0.572364;0.379194;-0.286182;0.154029;-0.012042;-0.110121;0.189551;-0.216205;0.191661;-0.130356;0.0516922;0.0228863;-0.0773133;0.103421;-0.10115;0.0784503;-0.0452597;0.0130841;0.0111982;-0.0238745;0.0258515;-0.0205127;0.0158156
48000,0.25,23,47,1,-94.9993,76.4775,46,0.958333,-0.00921772;0.0191645;-0.0214929;0.0233457;-0.0133506;-0.00637743;0.0354435;-0.0731056;0.104112;-0.118302;0.108228;-0.0627674;-0.0111507;0.108727;-0.19751;0.267013;-0.284354;0.240256;-0.131253;-0.0229116;0.198273;-0.361185;0.472276;0.472276;0.472276;-0.361185;0.198273;-0.0229116;-0.131253;0.240256;-0.284354;0.267013;-0.19751;0.108727;-0.0111507;-0.0627674;0.108228;-0.118302;0.104112;-0.0731056;0.0354435;-0.00637743;-0.0133506;0.0233457;-0.0214929;0.0191645;-0.00921772
48000,0.3,8,17,0,0,1e+300,0,0,0;0;0;0;0;0;0;0;0;0;0;0;0;0;0;0;0
48000,0.3,9,19,0,0,1e+300,0,0,0;0;0;0;0;0;0;0;0;0;0;0;0;0;0;0;0;0;0
48000,0.3,10,21,0,0,1e+300,0,0,0;0;0;0;0;0;0;0;0;0;0;0;0;0;0;0;0;0;0;0;0
48000,0.3,11,23,1,-94.9995,13.5742,22,0.458333,-0.00743503;0.0151327;-0.0122609;0.00961034;-0.00120462;-0.0169668;0.0377922;-0.065762;0.095949;-0.114771;0.137163;0.845505;0.137163;-0.114771;0.095949;-0.065762;0.0377922;-0.0169668;-0.00120462;0.00961034;-0.0122609;0.0151327;-0.00743503
48000,0.3,12,25,0,0,1e+300,0,0,0;0;0;0;0;0;0;0;0;0;0;0;0;0;0;0;0;0;0;0;0;0;0;0;0
48000,0.3,13,27,0,-83.6235,13.3,26,0.541667,-0.00498855;0.00521858;-0.0100142;0.0127589;-0.00486535;0.0046227;0.00909786;-0.0238253;0.0428897;-0.063094;0.0922727;-0.113911;0.1256;0.856475;0.1256;-0.113911;0.0922727;-0.063094;0.0428897;-0.0238253;0.00909786;0.0046227;-0.00486535;0.0127589;-0.0100142;0.00521858;-0.00498855
48000,0.3,14,29,1,-94.9997,9.8201,28,0.583333,0.0139266;-0.0123953;0.0140004;-0.0122183;0.00613954;0.00425157;-0.0181126;0.033858;-0.0496059;0.0636429;-0.0748051;0.082714;-0.0876071;0.0901515;0.89212;0.0901515;-0.0876071;0.082714;-0.0748051;0.0636429;-0.0496059;0.033858;-0.0181126;0.00425157;0.00613954;-0.0122183;0.0140004;-0.0123953;0.0139266
48000,0.3,15,31,1,-94.9978,8.30078,30,0.625,-0.0108547;0.0158639;-0.0159708;0.0181601;-0.0108062;0.00103147;0.0158094;-0.0318434;0.0504953;-0.0620832;0.0759104;-0.0759104;0.0759104;-0.0724627;0.0695016;0.914497;0.0695016;-0.0724627;0.0759104;-0.0759104;0.0759104;-0.0620832;0.0504953;-0.0318434;0.0158094;0.00103147;-0.0108062;0.0181601;-0.0159708;0.0158639;-0.0108547
48000,0.3,16,33,0,0,1e+300,0,0,0;0;0;0;0;0;0;0;0;0;0;0;0;0;0;0;0;0;0;0;0;0;0;0;0;0;0;0;0;0;0;0;0
48000,0.3,17,35,0,0,1e+300,0,0,0;0;0;0;0;0;0;0;0;0;0;0;0;0;0;0;0;0;0;0;0;0;0;0;0;0;0;0;0;0;0;0;0;0;0
48000,0.3,18,37,0,0,1e+300,0,0,0;0;0;0;0;0;0;0;0;0;0;0;0;0;0;0;0;0;0;0;0;0;0;0;0;0;0;0;0;0;0;0;0;0;0;0;0
48000,0.3,19,39,0,0,1e+300,0,0,0;0;0;0;0;0;0;0;0;0;0;0;0;0;0;0;0;0;0;0;0;0;0;0;0;0;0;0;0;0;0;0;0;0;0;0;0;0;0
48000,0.3,20,41,0,-86.8464,24.9981,40,0.833333,0.0137662;-0.0108651;0.00853236;-0.00146446;-0.0111125;0.0250883;-0.0363549;0.0398367;-0.0316636;0.0104652;0.0198077;-0.0521533;0.0771484;-0.0842922;0.0670259;-0.0237332;-0.0405412;0.115041;-0.183361;0.23208;0.7335;0.23208;-0.183361;0.115041;-0.0405412;-0.0237332;0.0670259;-0.0842922;0.0771484;-0.0521533;0.0198077;0.0104652;-0.0316636;0.0398367;-0.0363549;0.0250883;-0.0111125;-0.00146446;0.00853236;-0.0108651;0.0137662
48000,0.3,21,43,0,0,1e+300,0,0,0;0;0;0;0;0;0;0;0;0;0;0;0;0;0;0;0;0;0;0;0;0;0;0;0;0;0;0;0;0;0;0;0;0;0;0;0;0;0;0;0;0;0
48000,0.3,22,45,0,172.043,100,44,0.916667,9.09203e+06;9.09463e+06;-2.14673e+08;9.09203e+06;9.09348e+06;9.09203e+06;9.09277e+06;9.08949e+06;9.09682e+06;9.09608e+06;9.09537e+06;9.09207e+06;9.08517e+06;9.09196e+06;9.09179e+06;9.10349e+06;9.09406e+06;9.09301e+06;9.08778e+06;9.08691e+06;9.09649e+06;9.0918e+06;4.74465e+07;9.0918e+06;9.09649e+06;9.08691e+06;9.08778e+06;9.09301e+06;9.09406e+06;9.10349e+06;9.09179e+06;9.09196e+06;9.08517e+06;9.09207e+06;9.09537e+06;9.09608e+06;9.09682e+06;9.08949e+06;9.09277e+06;9.09203e+06;9.09348e+06;9.09203e+06;-2.14673e+08;9.09463e+06;9.09203e+06
48000,0.3,23,47,0,0,1e+300,0,0,0;0;0;0;0;0;0;0;0;0;0;0;0;0;0;0;0;0;0;0;0;0;0;0;0;0;0;0;0;0;0;0;0;0;0;0;0;0;0;0;0;0;0;0;0;0;0
48000,0.35,8,17,0,0,1e+300,0,0,0;0;0;0;0;0;0;0;0;0;0;0;0;0;0;0;0
48000,0.35,9,19,0,0,1e+300,0,0,0;0;0;0;0;0;0;0;0;0;0;0;0;0;0;0;0;0;0
48000,0.35,10,21,0,0,1e+300,0,0,0;0;0;0;0;0;0;0;0;0;0;0;0;0;0;0;0;0;0;0;0
48000,0.35,11,23,1,-94.997,13.3789,22,0.458333,-0.00818256;0.014926;-0.0124348;0.0107696;0.000298716;-0.0173864;0.0378621;-0.0668727;0.0960672;-0.11273;0.136385;0.842596;0.136385;-0.11273;0.0960672;-0.0668727;0.0378621;-0.0173864;0.000298716;0.0107696;-0.0124348;0.014926;-0.00818256
48000,0.35,12,25,1,-94.999,12.3047,24,0.5,0.0108912;-0.0126659;0.0112298;-0.0112444;4.81583e-05;0.0101983;-0.0251701;0.04791;-0.0696135;0.0934168;-0.105309;0.122388;0.855841;0.122388;-0.105309;0.0934168;-0.0696135;0.04791;-0.0251701;0.0101983;4.81583e-05;-0.0112444;0.0112298;-0.0126659;0.0108912
48000,0.35,13,27,1,-94.9988,11.2305,26,0.541667,-0.0102202;0.0150217;-0.00986866;0.0108663;-0.00394436;-0.0058356;0.0191945;-0.0368586;0.0544116;-0.0711164;0.0899373;-0.0978882;0.110485;0.87163;0.110485;-0.0978882;0.0899373;-0.0711164;0.0544116;-0.0368586;0.0191945;-0.0058356;-0.00394436;0.0108663;-0.00986866;0.0150217;-0.0102202
48000,0.35,14,29,1,-94.9992,12.8906,28,0.583333,0.000883936;-0.00136086;0.00594912;-0.00539556;0.0129486;-0.00792313;0.00853565;0.00386913;-0.021305;0.0399101;-0.0679565;0.0912571;-0.108011;0.129648;0.837901;0.129648;-0.108011;0.0912571;-0.0679565;0.0399101;-0.021305;0.00386913;0.00853565;-0.00792313;0.0129486;-0.00539556;0.00594912;-0.00136086;0.000883936
48000,0.35,15,31,1,-94.9981,17.892,30,0.625,0.00693766;-0.0142291;0.00761294;-0.00286332;-0.00599702;0.0184997;-0.0286561;0.0360047;-0.0287041;0.013596;0.0206316;-0.0570316;0.106548;-0.142665;0.171632;0.797368;0.171632;-0.142665;0.106548;-0.0570316;0.0206316;0.013596;-0.0287041;0.0360047;-0.0286561;0.0184997;-0.00599702;-0.00286332;0.00761294;-0.0142291;0.00693766
48000,0.35,16,33,1,-94.9961,7.61719,32,0.666667,0.0124133;-0.014417;0.018423;-0.0186083;0.0123488;-0.00319292;-0.0110757;0.0268378;-0.0420303;0.0592882;-0.070477;0.070477;-0.070477;0.070477;-0.0617448;0.0591395;0.925237;0.0591395;-0.0617448;0.070477;-0.070477;0.070477;-0.070477;0.0592882;-0.0420303;0.0268378;-0.0110757;-0.00319292;0.0123488;-0.0186083;0.018423;-0.014417;0.0124133
48000,0.35,17,35,1,-94.9982,20.4824,34,0.708333,-0.0034393;-0.00568295;0.0163305;-0.0123229;0.015136;-0.00463759;-0.00557025;0.0246684;-0.0394585;0.0492236;-0.0458204;0.0270622;0.00991503;-0.0574571;0.110215;-0.159002;0.192696;0.776289;0.192696;-0.159002;0.110215;-0.0574571;0.00991503;0.0270622;-0.0458204;0.0492236;-0.0394585;0.0246684;-0.00557025;-0.00463759;0.015136;-0.0123229;0.0163305;-0.00568295;-0.0034393
48000,0.35,18,37,1,-94.999,25,36,0.75,0.00742095;0.00484652;-0.0130993;0.0186895;-0.0236581;0.0218114;-0.0102215;-0.00750972;0.0344655;-0.056633;0.0744223;-0.0718256;0.0508829;-0.00627701;-0.0544482;0.121189;-0.184238;0.225706;0.736954;0.225706;-0.184238;0.121189;-0.0544482;-0.00627701;0.0508829;-0.0718256;0.0744223;-0.056633;0.0344655;-0.00750972;-0.0102215;0.0218114;-0.0236581;0.0186895;-0.0130993;0.00484652;0.00742095
48000,0.35,19,39,0,0,1e+300,0,0,0;0;0;0;0;0;0;0;0;0;0;0;0;0;0;0;0;0;0;0;0;0;0;0;0;0;0;0;0;0;0;0;0;0;0;0;0;0;0
48000,0.35,20,41,1,-94.9997,9.27734,40,0.833333,-0.00239404;-0.00560423;0.0106951;-0.0127855;0.0127548;-0.00521827;0.00659085;0.00282658;-0.00815634;0.0146759;-0.0173333;0.0218085;-0.0206302;0.0276085;-0.0337854;0.0408145;-0.0566032;0.0724524;-0.0817552;0.0934208;0.881235;0.0934208;-0.0817552;0.0724524;-0.0566032;0.0408145;-0.0337854;0.0276085;-0.0206302;0.0218085;-0.0173333;0.0146759;-0.00815634;0.00282658;0.00659085;-0.00521827;0.0127548;-0.0127855;0.0106951;-0.00560423;-0.00239404
48000,0.35,21,43,0,0,1e+300,0,0,0;0;0;0;0;0;0;0;0;0;0;0;0;0;0;0;0;0;0;0;0;0;0;0;0;0;0;0;0;0;0;0;0;0;0;0;0;0;0;0;0;0;0
48000,0.35,22,45,0,0,1e+300,0,0,0;0;0;0;0;0;0;0;0;0;0;0;0;0;0;0;0;0;0;0;0;0;0;0;0;0;0;0;0;0;0;0;0;0;0;0;0;0;0;0;0;0;0;0;0
48000,0.35,23,47,0,0,1e+300,0,0,0;0;0;0;0;0;0;0;0;0;0;0;0;0;0;0;0;0;0;0;0;0;0;0;0;0;0;0;0;0;0;0;0;0;0;0;0;0;0;0;0;0;0;0;0;0;0
48000,0.35,24,49,0,0,1e+300,0,0,0;0;0;0;0;0;0;0;0;0;0;0;0;0;0;0;0;0;0;0;0;0;0;0;0;0;0;0;0;0;0;0;0;0;0;0;0;0;0;0;0;0;0;0;0;0;0;0;0
48000,0.4,8,17,0,0,1e+300,0,0,0;0;0;0;0;0;0;0;0;0;0;0;0;0;0;0;0
48000,0.4,9,19,0,0,1e+300,0,0,0;0;0;0;0;0;0;0;0;0;0;0;0;0;0;0;0;0;0
48000,0.4,10,21,1,-94.9993,14.4491,20,0.416667,0.0162823;-0.0109406;0.0136053;-0.0074739;-0.0100238;0.0358635;-0.0643067;0.0924654;-0.119673;0.140081;0.828241;0.140081;-0.119673;0.0924654;-0.0643067;0.0358635;-0.0100238;-0.0074739;0.0136053;-0.0109406;0.0162823
48000,0.4,11,23,1,-95,13.0859,22,0.458333,-0.00953722;0.0160245;-0.0116793;0.00943511;0.00281638;-0.0195006;0.0393916;-0.0674402;0.0955703;-0.110418;0.133443;0.843789;0.133443;-0.110418;0.0955703;-0.0674402;0.0393916;-0.0195006;0.00281638;0.00943511;-0.0116793;0.0160245;-0.00953722
48000,0.4,12,25,1,-94.999,12.1094,24,0.5,0.00970539;-0.0126211;0.0128172;-0.0110927;-0.000199457;0.00931445;-0.0260114;0.047174;-0.0687918;0.0953663;-0.103062;0.121855;0.851093;0.121855;-0.103062;0.0953663;-0.0687918;0.047174;-0.0260114;0.00931445;-0.000199457;-0.0110927;0.0128172;-0.0126211;0.00970539
48000,0.4,13,27,1,-94.9988,10.9375,26,0.541667,-0.00831982;0.0141086;-0.0118624;0.0126184;-0.00382615;-0.00709246;0.0175533;-0.0356147;0.0534851;-0.0724481;0.0914778;-0.0947612;0.111488;0.866388;0.111488;-0.0947612;0.0914778;-0.0724481;0.0534851;-0.0356147;0.0175533;-0.00709246;-0.00382615;0.0126184;-0.0118624;0.0141086;-0.00831982
48000,0.4,14,29,1,-94.9987,8.95729,28,0.583333,0.0174543;-0.0149531;0.0167114;-0.0126885;0.00489512;0.00765324;-0.0248216;0.0415578;-0.0564809;0.0694138;-0.0766653;0.0791845;-0.0805105;0.0798364;0.898827;0.0798364;-0.0805105;0.0791845;-0.0766653;0.0694138;-0.0564809;0.0415578;-0.0248216;0.00765324;0.00489512;-0.0126885;0.0167114;-0.0149531;0.0174543
48000,0.4,15,31,1,-94.9997,8.10547,30,0.625,-0.0118855;0.0170515;-0.0147054;0.0160786;-0.00883909;0.00206004;0.0160744;-0.0321434;0.0506977;-0.0598625;0.0735995;-0.0735995;0.0735995;-0.0735995;0.0714622;0.908023;0.0714622;-0.0735995;0.0735995;-0.0735995;0.0735995;-0.0598625;0.0506977;-0.0321434;0.0160744;0.00206004;-0.00883909;0.0160786;-0.0147054;0.0170515;-0.0118855
48000,0.4,16,33,1,-94.9964,27.5868,32,0.666667,-0.0167192;0.0253902;-0.0241751;0.0259105;-0.00947642;-0.00998297;0.0422257;-0.0674373;0.088078;-0.0858828;0.0633471;-0.0135309;-0.0536754;0.129208;-0.197413;0.24633;0.715609;0.24633;-0.197413;0.129208;-0.0536754;-0.0135309;0.0633471;-0.0858828;0.088078;-0.0674373;0.0422257;-0.00998297;-0.00947642;0.0259105;-0.0241751;0.0253902;-0.0167192
48000,0.4,17,35,0,0,1e+300,0,0,0;0;0;0;0;0;0;0;0;0;0;0;0;0;0;0;0;0;0;0;0;0;0;0;0;0;0;0;0;0;0;0;0;0;0
48000,0.4,18,37,1,-94.9949,7.91016,36,0.75,0.00205793;-0.00575668;0.0094905;-0.0127632;0.0180423;-0.0174201;0.0147866;-0.00455173;-0.00995266;0.0303365;-0.0469245;0.0737331;-0.0737331;0.0737331;-0.0737331;0.0663115;-0.0560953;0.0463731;0.932132;0.0463731;-0.0560953;0.0663115;-0.0737331;0.0737331;-0.0737331;0.0737331;-0.0469245;0.0303365;-0.00995266;-0.00455173;0.0147866;-0.0174201;0.0180423;-0.0127632;0.0094905;-0.00575668;0.00205793
48000,0.4,19,39,0,0,1e+300,0,0,0;0;0;0;0;0;0;0;0;0;0;0;0;0;0;0;0;0;0;0;0;0;0;0;0;0;0;0;0;0;0;0;0;0;0;0;0;0;0
48000,0.4,20,41,1,-94.9973,12.5,40,0.833333,0.00521005;-0.0115317;0.0223726;-0.00910057;0.00901499;-0.000511858;-0.0124178;0.0217054;-0.0280607;0.0275524;-0.0213096;0.00981691;0.0006315;-0.00556011;0.0009056;0.0155834;-0.0420735;0.0746183;-0.105244;0.127423;0.84195;0.127423;-0.105244;0.0746183;-0.0420735;0.0155834;0.0009056;-0.00556011;0.0006315;0.00981691;-0.0213096;0.0275524;-0.0280607;0.0217054;-0.0124178;-0.000511858;0.00901499;-0.00910057;0.0223726;-0.0115317;0.00521005
48000,0.4,21,43,1,-94.9975,12.5,42,0.875,-0.00767466;0.00310033;-0.00925851;0.0162289;-0.00822911;0.00637965;0.00299959;-0.0108343;0.0237009;-0.0258505;0.02451;-0.0147244;0.00553865;0.00630264;-0.00819243;0.000628708;0.0200213;-0.0447965;0.0750179;-0.104523;0.131562;0.836187;0.131562;-0.104523;0.0750179;-0.0447965;0.0200213;0.000628708;-0.00819243;0.00630264;0.00553865;-0.0147244;0.02451;-0.0258505;0.0237009;-0.0108343;0.00299959;0.00637965;-0.00822911;0.0162289;-0.00925851;0.00310033;-0.00767466
48000,0.4,22,45,0,-2.39686,61.0446,44,0.916667,0.0221778;-0.0123405;0.0443835;-0.00989997;0.0294547;0.0313341;-0.0410749;0.10859;-0.110813;0.138364;-0.0795809;0.0367911;0.0852396;-0.158465;0.267065;-0.270583;0.269748;-0.138053;0.0130968;-0.149004;-0.331539;0.483552;0.543109;0.483552;-0.331539;-0.149004;0.0130968;-0.138053;0.269748;-0.270583;0.267065;-0.158465;0.0852396;0.0367911;-0.0795809;0.138364;-0.110813;0.10859;-0.0410749;0.0313341;0.0294547;-0.00989997;0.0443835;-0.0123405;0.0221778
48000,0.4,23,47,0,0,1e+300,0,0,0;0;0;0;0;0;0;0;0;0;0;0;0;0;0;0;0;0;0;0;0;0;0;0;0;0;0;0;0;0;0;0;0;0;0;0;0;0;0;0;0;0;0;0;0;0;0
48000,0.4,24,49,1,-94.9963,62.5,48,1,-0.0045898;0.00167221;0.016476;-0.0276264;0.0354613;-0.0376987;0.0257093;0.00497052;-0.0458853;0.0922857;-0.127992;0.138929;-0.1135;0.0534623;0.042457;-0.137264;0.22808;-0.264122;0.244487;-0.158484;0.0126023;0.154684;-0.316506;0.429188;0.506409;0.429188;-0.316506;0.154684;0.0126023;-0.158484;0.244487;-0.264122;0.22808;-0.137264;0.042457;0.0534623;-0.1135;0.138929;-0.127992;0.0922857;-0.0458853;0.00497052;0.0257093;-0.0376987;0.0354613;-0.0276264;0.016476;0.00167221;-0.0045898
48000,0.4,25,51,0,0,1e+300,0,0,0;0;0;0;0;0;0;0;0;0;0;0;0;0;0;0;0;0;0;0;0;0;0;0;0;0;0;0;0;0;0;0;0;0;0;0;0;0;0;0;0;0;0;0;0;0;0;0;0;0;0
48000,0.4,26,53,0,-59.3638,83.7415,52,1.08333,0.0193886;-0.0367637;0.0427511;-0.0497057;0.0389964;-0.00883827;-0.0334397;0.0914255;-0.142574;0.182216;-0.189546;0.160492;-0.093236;-0.00779949;0.120249;-0.23132;0.310864;-0.349457;0.332104;-0.262651;0.149929;-0.00524369;-0.143745;0.289038;-0.400752;0.478339;0.478559;0.478339;-0.400752;0.289038;-0.143745;-0.00524369;0.149929;-0.262651;0.332104;-0.349457;0.310864;-0.23132;0.120249;-0.00779949;-0.093236;0.160492;-0.189546;0.182216;-0.142574;0.0914255;-0.0334397;-0.00883827;0.0389964;-0.0497057;0.0427511;-0.0367637;0.0193886
48000,0.45,8,17,0,0,1e+300,0,0,0;0;0;0;0;0;0;0;0;0;0;0;0;0;0;0;0
48000,0.45,9,19,0,0,1e+300,0,0,0;0;0;0;0;0;0;0;0;0;0;0;0;0;0;0;0;0;0
48000,0.45,10,21,1,-95,13.9648,20,0.416667,0.0123561;-0.0156617;0.0129311;-0.00796636;-0.011024;0.032847;-0.0621678;0.0974926;-0.115447;0.143291;0.8267;0.143291;-0.115447;0.0974926;-0.0621678;0.032847;-0.011024;-0.00796636;0.0129311;-0.0156617;0.0123561
48000,0.45,11,23,1,-94.9986,12.8906,22,0.458333,-0.0083875;0.0149988;-0.0123901;0.0109157;0.00153385;-0.0192446;0.0385053;-0.0680676;0.0957435;-0.108168;0.134999;0.839123;0.134999;-0.108168;0.0957435;-0.0680676;0.0385053;-0.0192446;0.00153385;0.0109157;-0.0123901;0.0149988;-0.0083875
48000,0.45,12,25,1,-94.9991,11.9141,24,0.5,0.0101798;-0.0117966;0.0132713;-0.0122348;-0.00176707;0.0106179;-0.025451;0.0477856;-0.0697745;0.0944046;-0.101209;0.121228;0.849492;0.121228;-0.101209;0.0944046;-0.0697745;0.0477856;-0.025451;0.0106179;-0.00176707;-0.0122348;0.0132713;-0.0117966;0.0101798
48000,0.45,13,27,1,-94.9971,10.6445,26,0.541667,-0.00990721;0.01557;-0.0121159;0.0123341;-0.00232539;-0.00798182;0.0199924;-0.0383984;0.0549744;-0.0728957;0.0910725;-0.0923326;0.108305;0.867418;0.108305;-0.0923326;0.0910725;-0.0728957;0.0549744;-0.0383984;0.0199924;-0.00798182;-0.00232539;0.0123341;-0.0121159;0.01557;-0.00990721
48000,0.45,14,29,1,-94.9997,8.59375,28,0.583333,0.018598;-0.0164081;0.0182993;-0.0122459;0.00473673;0.00890662;-0.0280509;0.0448672;-0.0595063;0.0720212;-0.0775026;0.0775026;-0.0775026;0.0753605;0.901849;0.0753605;-0.0775026;0.0775026;-0.0775026;0.0720212;-0.0595063;0.0448672;-0.0280509;0.00890662;0.00473673;-0.0122459;0.0182993;-0.0164081;0.018598
48000,0.45,15,31,1,-94.9995,13.2567,30,0.625,0.00940035;0.00669631;-0.00720184;0.00796627;-0.00919682;0.0100211;-0.00879007;0.00391474;0.00604258;-0.0217706;0.0427465;-0.0671008;0.0914296;-0.111945;0.125565;0.844446;0.125565;-0.111945;0.0914296;-0.0671008;0.0427465;-0.0217706;0.00604258;0.00391474;-0.00879007;0.0100211;-0.00919682;0.00796627;-0.00720184;0.00669631;0.00940035
48000,0.45,16,33,1,-94.9997,7.42187,32,0.666667,0.0166259;-0.0103616;0.0154153;-0.0169041;0.0120109;-0.00305066;-0.00873863;0.0237483;-0.0424293;0.0584576;-0.0660258;0.0678001;-0.0678001;0.0678001;-0.0658183;0.0625118;0.913517;0.0625118;-0.0658183;0.0678001;-0.0678001;0.0678001;-0.0660258;0.0584576;-0.0424293;0.0237483;-0.00873863;-0.00305066;0.0120109;-0.0169041;0.0154153;-0.0103616;0.0166259
48000,0.45,17,35,1,-94.9974,21.3459,34,0.708333,0.00527781;-0.0143646;0.0190137;-0.010842;0.00628876;0.00210178;-0.0151413;0.0359838;-0.04449;0.0525879;-0.0451261;0.0243664;0.0173904;-0.0584701;0.11695;-0.16287;0.189841;0.763004;0.189841;-0.16287;0.11695;-0.0584701;0.0173904;0.0243664;-0.0451261;0.0525879;-0.04449;0.0359838;-0.0151413;0.00210178;0.00628876;-0.010842;0.0190137;-0.0143646;0.00527781
48000,0.45,18,37,0,0,1e+300,0,0,0;0;0;0;0;0;0;0;0;0;0;0;0;0;0;0;0;0;0;0;0;0;0;0;0;0;0;0;0;0;0;0;0;0;0;0;0
48000,0.45,19,39,0,0,1e+300,0,0,0;0;0;0;0;0;0;0;0;0;0;0;0;0;0;0;0;0;0;0;0;0;0;0;0;0;0;0;0;0;0;0;0;0;0;0;0;0;0
48000,0.45,20,41,1,-94.9956,8.00781,40,0.833333,-0.00230272;-0.00370774;0.00989241;-0.0154014;0.0144679;-0.0106564;0.0137685;4.04924e-05;-0.00280593;0.0175921;-0.0259681;0.03121;-0.0359308;0.0403148;-0.0436758;0.053535;-0.0572152;0.0628753;-0.0724217;0.0741951;0.904388;0.0741951;-0.0724217;0.0628753;-0.0572152;0.053535;-0.0436758;0.0403148;-0.0359308;0.03121;-0.0259681;0.0175921;-0.00280593;4.04924e-05;0.0137685;-0.0106564;0.0144679;-0.0154014;0.00989241;-0.00370774;-0.00230272
48000,0.45,21,43,0,0,1e+300,0,0,0;0;0;0;0;0;0;0;0;0;0;0;0;0;0;0;0;0;0;0;0;0;0;0;0;0;0;0;0;0;0;0;0;0;0;0;0;0;0;0;0;0;0
48000,0.45,22,45,0,0,1e+300,0,0,0;0;0;0;0;0;0;0;0;0;0;0;0;0;0;0;0;0;0;0;0;0;0;0;0;0;0;0;0;0;0;0;0;0;0;0;0;0;0;0;0;0;0;0;0
48000,0.45,23,47,0,0,1e+300,0,0,0;0;0;0;0;0;0;0;0;0;0;0;0;0;0;0;0;0;0;0;0;0;0;0;0;0;0;0;0;0;0;0;0;0;0;0;0;0;0;0;0;0;0;0;0;0;0
48000,0.45,24,49,0,0,1e+300,0,0,0;0;0;0;0;0;0;0;0;0;0;0;0;0;0;0;0;0;0;0;0;0;0;0;0;0;0;0;0;0;0;0;0;0;0;0;0;0;0;0;0;0;0;0;0;0;0;0;0
48000,0.5,8,17,0,0,1e+300,0,0,0;0;0;0;0;0;0;0;0;0;0;0;0;0;0;0;0
48000,0.5,9,19,0,0,1e+300,0,0,0;0;0;0;0;0;0;0;0;0;0;0;0;0;0;0;0;0;0
48000,0.5,10,21,1,-94.998,13.7695,20,0.416667,0.0133331;-0.0161999;0.0112152;-0.00722533;-0.0119916;0.0345066;-0.0620224;0.0968299;-0.113811;0.142093;0.826545;0.142093;-0.113811;0.0968299;-0.0620224;0.0345066;-0.0119916;-0.00722533;0.0112152;-0.0161999;0.0133331
48000,0.5,11,23,0,0,1e+300,0,0,0;0;0;0;0;0;0;0;0;0;0;0;0;0;0;0;0;0;0;0;0;0;0
48000,0.5,12,25,1,-94.9975,13.6251,24,0.5,0.00273817;-0.0049182;0.0106196;-0.0115369;0.013025;-0.0011072;-0.0109158;0.0397931;-0.0615907;0.0949851;-0.110922;0.13278;0.8141;0.13278;-0.110922;0.0949851;-0.0615907;0.0397931;-0.0109158;-0.0011072;0.013025;-0.0115369;0.0106196;-0.0049182;0.00273817
48000,0.5,13,27,1,-94.9999,10.2539,26,0.541667,-0.0114974;0.0188434;-0.0118574;0.0115087;-0.0020324;-0.0127018;0.0230527;-0.0411886;0.0585907;-0.0732636;0.0894701;-0.0894701;0.104273;0.872546;0.104273;-0.0894701;0.0894701;-0.0732636;0.0585907;-0.0411886;0.0230527;-0.0127018;-0.0020324;0.0115087;-0.0118574;0.0188434;-0.0114974
48000,0.5,14,29,1,-94.9966,8.49609,28,0.583333,0.0189386;-0.0166547;0.0194912;-0.01391;0.00361751;0.0102155;-0.0274686;0.0462847;-0.0628566;0.0733108;-0.0767768;0.0767768;-0.0767768;0.0739724;0.903672;0.0739724;-0.0767768;0.0767768;-0.0767768;0.0733108;-0.0628566;0.0462847;-0.0274686;0.0102155;0.00361751;-0.01391;0.0194912;-0.0166547;0.0189386
48000,0.5,15,31,1,-94.9976,7.91016,30,0.625,-0.0129171;0.0167959;-0.0161543;0.0173943;-0.00735935;-0.000119284;0.0174472;-0.0316272;0.0523634;-0.0637238;0.0720384;-0.0720384;0.0720384;-0.0720384;0.0725467;0.910707;0.0725467;-0.0720384;0.0720384;-0.0720384;0.0720384;-0.0637238;0.0523634;-0.0316272;0.0174472;-0.000119284;-0.00735935;0.0173943;-0.0161543;0.0167959;-0.0129171
48000,0.5,16,33,1,-94.9998,12.5,32,0.666667,0.00650457;-0.00545593;0.00658279;-0.00121007;-0.000358897;0.00074855;0.00427197;-0.00308423;-0.00145438;0.0167591;-0.015995;0.042738;-0.0672248;0.0825037;-0.10589;0.117005;0.847118;0.117005;-0.10589;0.0825037;-0.0672248;0.042738;-0.015995;0.0167591;-0.00145438;-0.00308423;0.00427197;0.00074855;-0.000358897;-0.00121007;0.00658279;-0.00545593;0.00650457
48000,0.5,17,35,1,-94.9937,33.2936,34,0.708333,0.00444987;-0.0169412;0.0349078;-0.0355685;0.0322443;-0.0124435;-0.011691;0.0523533;-0.0858199;0.118217;-0.113996;0.0864194;-0.0368531;-0.0534856;0.14164;-0.222094;0.285123;0.667078;0.285123;-0.222094;0.14164;-0.0534856;-0.0368531;0.0864194;-0.113996;0.118217;-0.0858199;0.0523533;-0.011691;-0.0124435;0.0322443;-0.0355685;0.0349078;-0.0169412;0.00444987
48000,0.5,18,37,1,-94.9979,29.2086,36,0.75,0.0127057;0.00677439;-0.0149153;0.0248776;-0.0312743;0.0309007;-0.0182952;-0.00545918;0.0376121;-0.070289;0.0933865;-0.0969293;0.0738999;-0.0241366;-0.0479417;0.128525;-0.203446;0.25574;0.696528;0.25574;-0.203446;0.128525;-0.0479417;-0.0241366;0.0738999;-0.0969293;0.0933865;-0.070289;0.0376121;-0.00545918;-0.0182952;0.0309007;-0.0312743;0.0248776;-0.0149153;0.00677439;0.0127057
48000,0.5,19,39,1,-94.9999,18.5465,38,0.791667,0.000922058;0.0101448;-0.00405419;-0.00764408;0.00462495;-0.0133976;0.0146387;-0.0139616;0.0031733;0.013888;-0.030056;0.0421946;-0.0360616;0.0232986;0.0112299;-0.0503541;0.102361;-0.144951;0.183227;0.781556;0.183227;-0.144951;0.102361;-0.0503541;0.0112299;0.0232986;-0.0360616;0.0421946;-0.030056;0.013888;0.0031733;-0.0139616;0.0146387;-0.0133976;0.00462495;-0.00764408;-0.00405419;0.0101448;0.000922058
48000,0.5,20,41,0,0,1e+300,0,0,0;0;0;0;0;0;0;0;0;0;0;0;0;0;0;0;0;0;0;0;0;0;0;0;0;0;0;0;0;0;0;0;0;0;0;0;0;0;0;0;0
48000,0.5,21,43,0,0,1e+300,0,0,0;0;0;0;0;0;0;0;0;0;0;0;0;0;0;0;0;0;0;0;0;0;0;0;0;0;0;0;0;0;0;0;0;0;0;0;0;0;0;0;0;0;0
48000,0.5,22,45,0,-94.9978,76.008,44,0.916667,0.0120905;-0.0208733;0.0313206;-0.0171822;0.00355215;0.0291837;-0.0612026;0.0988997;-0.120653;0.110514;-0.0727871;-0.00334434;0.0957078;-0.190636;0.26196;-0.28125;0.242343;-0.133795;-0.0199501;0.187935;-0.357655;0.470549;0.470549;0.470549;-0.357655;0.187935;-0.0199501;-0.133795;0.242343;-0.28125;0.26196;-0.190636;0.0957078;-0.00334434;-0.0727871;0.110514;-0.120653;0.0988997;-0.0612026;0.0291837;0.00355215;-0.0171822;0.0313206;-0.0208733;0.0120905
48000,0.5,23,47,0,0,1e+300,0,0,0;0;0;0;0;0;0;0;0;0;0;0;0;0;0;0;0;0;0;0;0;0;0;0;0;0;0;0;0;0;0;0;0;0;0;0;0;0;0;0;0;0;0;0;0;0;0
88200,0.05,8,17,1,-95,12.207,16,0.181406,0.00341002;0.00459035;-0.0204368;0.00596605;0.0531291;-0.0690893;-0.0690893;0.30853;0.56598;0.30853;-0.0690893;-0.0690893;0.0531291;0.00596605;-0.0204368;0.00459035;0.00341002
88200,0.05,9,19,1,-94.9911,8.00781,18,0.204082,-0.00680852;0.0198998;-0.010534;-0.0310803;0.0491081;0.00366719;-0.0491081;-0.0491081;0.267338;0.613252;0.267338;-0.0491081;-0.0491081;0.00366719;0.0491081;-0.0310803;-0.010534;0.0198998;-0.00680852
88200,0.05,10,21,1,-94.9997,8.00781,18,0.204082,0.00056685;-0.00755631;0.019485;-0.00914158;-0.0325087;0.049225;0.00432237;-0.049225;-0.049225;0.266701;0.614712;0.266701;-0.049225;-0.049225;0.00432237;0.049225;-0.0325087;-0.00914158;0.019485;-0.00755631;0.00056685
88200,0.05,11,23,1,-94.9972,7.91016,22,0.249433,0.00279783;-0.00890558;0.00215753;0.0243722;-0.0313548;-0.0114273;0.0471251;-0.00479571;-0.0471251;-0.0471251;0.276404;0.595754;0.276404;-0.0471251;-0.0471251;-0.00479571;0.0471251;-0.0114273;-0.0313548;0.0243722;0.00215753;-0.00890558;0.00279783
88200,0.05,12,25,1,-94.994,6.83594,24,0.272109,0.00814515;-0.0104238;-0.00619295;0.0205337;-0.000670704;-0.0248926;0.000178125;0.0413848;-0.0127709;-0.0413848;-0.0413848;0.264778;0.605401;0.264778;-0.0413848;-0.0413848;-0.0127709;0.0413848;0.000178125;-0.0248926;-0.000670704;0.0205337;-0.00619295;-0.0104238;0.00814515
88200,0.05,13,27,1,-94.9918,6.34766,26,0.294785,-0.00212024;0.0133986;-0.012738;-0.0150534;0.036866;-0.0068722;-0.0380194;0.0180011;0.0380194;-0.0209258;-0.0380194;-0.0380194;0.266007;0.598951;0.266007;-0.0380194;-0.0380194;-0.0209258;0.0380194;0.0180011;-0.0380194;-0.0068722;0.036866;-0.0150534;-0.012738;0.0133986;-0.00212024
88200,0.05,14,29,1,-94.9944,5.66406,28,0.31746,-0.00587009;0.00620786;0.0155136;-0.0348053;0.0117427;0.0348053;-0.0330302;-0.00974176;0.00960935;0.034233;-0.0204023;-0.0348053;-0.0348053;0.254102;0.614493;0.254102;-0.0348053;-0.0348053;-0.0204023;0.034233;0.00960935;-0.00974176;-0.0330302;0.0348053;0.0117427;-0.0348053;0.0155136;0.00620786;-0.00587009
88200,0.05,15,31,1,-94.9952,5.66406,28,0.31746,0.000526939;-0.00577273;0.00584563;0.0163897;-0.0348686;0.0111419;0.0348686;-0.0327193;-0.00975252;0.00875509;0.0348686;-0.0207274;-0.0348686;-0.0348686;0.253375;0.615611;0.253375;-0.0348686;-0.0348686;-0.0207274;0.0348686;0.00875509;-0.00975252;-0.0327193;0.0348686;0.0111419;-0.0348686;0.0163897;0.00584563;-0.00577273;0.000526939
88200,0.05,16,33,1,-94.9963,61.1328,32,0.362812,0.027892;-0.0836331;0.0799163;0.077435;-0.290223;0.292021;2.77105e-05;-0.292021;0.269999;-0.0443463;-0.0180875;-0.150334;0.233651;-0.0268009;-0.292021;0.477684;0.477684;0.477684;-0.292021;-0.0268009;0.233651;-0.150334;-0.0180875;-0.0443463;0.269999;-0.292021;2.77105e-05;0.292021;-0.290223;0.077435;0.0799163;-0.0836331;0.027892
88200,0.05,17,35,1,-94.9926,5.17578,34,0.385488,0.00344476;0.000578054;-0.00815581;0.00298797;0.0101366;-0.000402945;-0.0248494;0.013185;0.0312361;-0.0312361;-0.0193521;0.0236902;0.0312361;-0.0293144;-0.0312361;-0.0312361;0.257535;0.603506;0.257535;-0.0312361;-0.0312361;-0.0293144;0.0312361;0.0236902;-0.0193521;-0.0312361;0.0312361;0.013185;-0.0248494;-0.000402945;0.0101366;0.00298797;-0.00815581;0.000578054;0.00344476
88200,0.05,18,37,1,-94.999,50,36,0.408163,0.0231534;-0.0672972;0.0640874;0.0494588;-0.190053;0.190053;-0.0389345;-0.0842115;0.088201;-0.0997778;0.190053;-0.190053;-0.0115133;0.190053;-0.0896545;-0.118335;0.0246121;0.380106;0.380106;0.380106;0.0246121;-0.118335;-0.0896545;0.190053;-0.0115133;-0.190053;0.190053;-0.0997778;0.088201;-0.0842115;-0.0389345;0.190053;-0.190053;0.0494588;0.0640874;-0.0672972;0.0231534
88200,0.05,19,39,1,-94.9939,4.88281,38,0.430839,0.00152129;-0.00729373;0.0125128;0.00363069;-0.0299771;0.0299771;0.00255974;-0.0188478;7.68331e-05;0.00199412;0.0299771;-0.0299771;-0.0169969;0.0224537;0.0299771;-0.0289207;-0.0299771;-0.0299771;0.250322;0.61393;0.250322;-0.0299771;-0.0299771;-0.0289207;0.0299771;0.0224537;-0.0169969;-0.0299771;0.0299771;0.00199412;7.68331e-05;-0.0188478;0.00255974;0.0299771;-0.0299771;0.00363069;0.0125128;-0.00729373;0.00152129
88200,0.05,20,41,1,-94.9976,5.07813,40,0.453515,0.00732028;-0.0139694;-0.00114822;0.0302386;-0.0302386;-0.00876971;0.0302386;-0.00424454;-0.0122104;-0.017294;0.0302386;0.0104085;-0.0302386;-0.00832855;0.0187864;0.0302386;-0.0302386;-0.0302386;-0.0302386;0.261955;0.595467;0.261955;-0.0302386;-0.0302386;-0.0302386;0.0302386;0.0187864;-0.00832855;-0.0302386;0.0104085;0.0302386;-0.017294;-0.0122104;-0.00424454;0.0302386;-0.00876971;-0.0302386;0.0302386;-0.00114822;-0.0139694;0.00732028
88200,0.05,21,43,1,-94.9969,13.2813,42,0.47619,-0.0127565;0.033609;-0.0274892;-0.02004;0.0684324;-0.0684324;0.0361426;-0.00665923;-0.0262476;0.0684324;-0.0684324;0.00771746;0.0283669;0.0225795;-0.0684324;0.00896932;0.0684324;-0.0202436;-0.0684324;-0.0335558;0.320412;0.515256;0.320412;-0.0335558;-0.0684324;-0.0202436;0.0684324;0.00896932;-0.0684324;0.0225795;0.0283669;0.00771746;-0.0684324;0.0684324;-0.0262476;-0.00665923;0.0361426;-0.0684324;0.0684324;-0.02004;-0.0274892;0.033609;-0.0127565
88200,0.05,22,45,1,-94.9984,50,44,0.498866,-0.0306787;0.102711;-0.112903;-0.0599973;0.299501;-0.276441;-0.065771;0.299501;-0.0842342;-0.259909;0.200058;0.173766;-0.299501;0.0646811;0.0546124;0.159093;-0.299501;0.0465996;0.299501;-0.299501;-0.0105895;0.299501;0.599002;0.299501;-0.0105895;-0.299501;0.299501;0.0465996;-0.299501;0.159093;0.0546124;0.0646811;-0.299501;0.173766;0.200058;-0.259909;-0.0842342;0.299501;-0.065771;-0.276441;0.299501;-0.0599973;-0.112903;0.102711;-0.0306787
88200,0.05,23,47,1,-94.9877,62.5,46,0.521542,-0.0335369;0.118134;-0.143763;-0.0301849;0.288552;-0.288552;-0.0105454;0.167891;0.0700957;-0.288552;0.0670991;0.288552;-0.288552;0.110637;-0.174897;0.288552;-0.0473681;-0.288552;0.203627;0.128695;-0.142399;-0.187457;0.461683;0.461683;0.461683;-0.187457;-0.142399;0.128695;0.203627;-0.288552;-0.0473681;0.288552;-0.174897;0.110637;-0.288552;0.288552;0.0670991;-0.288552;0.0700957;0.167891;-0.0105454;-0.288552;0.288552;-0.0301849;-0.143763;0.118134;-0.0335369
88200,0.05,24,49,1,-94.9997,50,48,0.544218,-0.0207089;0.0606498;-0.0520248;-0.0648917;0.211415;-0.211415;0.0340018;0.150197;-0.211415;0.211415;-0.211415;0.140455;0.0307706;-0.17543;0.211415;-0.211415;0.211415;-0.124029;-0.0400416;0.104613;-0.00671233;-0.0529751;-0.118118;0.422829;0.422829;0.422829;-0.118118;-0.0529751;-0.00671233;0.104613;-0.0400416;-0.124029;0.211415;-0.211415;0.211415;-0.17543;0.0307706;0.140455;-0.211415;0.211415;-0.211415;0.150197;0.0340018;-0.211415;0.211415;-0.0648917;-0.0520248;0.0606498;-0.0207089
88200,0.05,25,51,0,0,1e+300,0,0,0;0;0;0;0;0;0;0;0;0;0;0;0;0;0;0;0;0;0;0;0;0;0;0;0;0;0;0;0;0;0;0;0;0;0;0;0;0;0;0;0;0;0;0;0;0;0;0;0;0;0
88200,0.05,26,53,0,0,1e+300,0,0,0;0;0;0;0;0;0;0;0;0;0;0;0;0;0;0;0;0;0;0;0;0;0;0;0;0;0;0;0;0;0;0;0;0;0;0;0;0;0;0;0;0;0;0;0;0;0;0;0;0;0;0;0
88200,0.05,27,55,0,0,1e+300,0,0,0;0;0;0;0;0;0;0;0;0;0;0;0;0;0;0;0;0;0;0;0;0;0;0;0;0;0;0;0;0;0;0;0;0;0;0;0;0;0;0;0;0;0;0;0;0;0;0;0;0;0;0;0;0;0
88200,0.05,28,57,0,0,1e+300,0,0,0;0;0;0;0;0;0;0;0;0;0;0;0;0;0;0;0;0;0;0;0;0;0;0;0;0;0;0;0;0;0;0;0;0;0;0;0;0;0;0;0;0;0;0;0;0;0;0;0;0;0;0;0;0;0;0;0
88200,0.1,8,17,1,-94.995,8.78906,16,0.181406,0.0126885;-0.0117777;-0.0183766;0.0353785;0.0113686;-0.0521053;-0.0521053;0.278508;0.592843;0.278508;-0.0521053;-0.0521053;0.0113686;0.0353785;-0.0183766;-0.0117777;0.0126885
88200,0.1,9,19,1,-94.9843,7.71484,18,0.204082,-0.00287311;0.0168706;-0.0152852;-0.0227367;0.0468006;-0.000644035;-0.0468006;-0.0468006;0.268154;0.606631;0.268154;-0.0468006;-0.0468006;-0.000644035;0.0468006;-0.0227367;-0.0152852;0.0168706;-0.00287311
88200,0.1,10,21,1,-94.9976,7.42188,20,0.226757,-0.00622407;0.00674713;0.0170125;-0.0310167;-0.00413943;0.0440159;-0.0091659;-0.0440159;-0.0440159;0.274274;0.593057;0.274274;-0.0440159;-0.0440159;-0.0091659;0.0440159;-0.00413943;-0.0310167;0.0170125;0.00674713;-0.00622407
88200,0.1,11,23,1,-94.9969,56.9885,22,0.249433,0.00200133;-0.0061952;-0.0061952;0.039559;-0.0194839;-0.0760575;0.113168;0.0409629;-0.212664;0.0651506;0.37317;0.37317;0.37317;0.0651506;-0.212664;0.0409629;0.113168;-0.0760575;-0.0194839;0.039559;-0.0061952;-0.0061952;0.00200133
88200,0.1,12,25,1,-94.9964,5.85938,24,0.272109,0.0100697;-0.0159666;-0.00635271;0.0350528;-0.0133843;-0.0329432;0.0204989;0.0350528;-0.0248934;-0.0350528;-0.0350528;0.263855;0.598234;0.263855;-0.0350528;-0.0350528;-0.0248934;0.0350528;0.0204989;-0.0329432;-0.0133843;0.0350528;-0.00635271;-0.0159666;0.0100697
88200,0.1,13,27,1,-94.994,5.66406,26,0.294785,0.00279104;0.00973123;-0.0208839;-0.000166086;0.0339814;-0.0208096;-0.0264629;0.0204218;0.0339814;-0.0251654;-0.0339814;-0.0339814;0.26057;0.599948;0.26057;-0.0339814;-0.0339814;-0.0251654;0.0339814;0.0204218;-0.0264629;-0.0208096;0.0339814;-0.000166086;-0.0208839;0.00973123;0.00279104
88200,0.1,14,29,1,-94.9957,5.37109,28,0.31746,-0.00418995;0.00906945;0.00999667;-0.0323776;0.0160295;0.0311855;-0.0323776;-0.0147517;0.0173279;0.0323776;-0.0258105;-0.0323776;-0.0323776;0.25687;0.602812;0.25687;-0.0323776;-0.0323776;-0.0258105;0.0323776;0.0173279;-0.0147517;-0.0323776;0.0311855;0.0160295;-0.0323776;0.00999667;0.00906945;-0.00418995
88200,0.1,15,31,1,-94.9963,50,30,0.340136,-0.0266249;0.0733244;-0.0592686;-0.0698221;0.225636;-0.225636;0.0379037;0.166165;-0.225636;0.181841;-0.149919;0.124131;-0.0033667;-0.225636;0.451272;0.451272;0.451272;-0.225636;-0.0033667;0.124131;-0.149919;0.181841;-0.225636;0.166165;0.0379037;-0.225636;0.225636;-0.0698221;-0.0592686;0.0733244;-0.0266249
88200,0.1,16,33,1,-94.9977,100,32,0.362812,0.0451301;-0.163646;0.197058;0.10209;-0.601149;0.683723;-0.0326998;-0.683723;0.605429;0.0166678;-0.138099;-0.385748;0.556792;0.0781129;-0.683723;0.602524;0.602524;0.602524;-0.683723;0.0781129;0.556792;-0.385748;-0.138099;0.0166678;0.605429;-0.683723;-0.0326998;0.683723;-0.601149;0.10209;0.197058;-0.163646;0.0451301
88200,0.1,17,35,1,-94.9942,4.78516,34,0.385488,0.00896102;-0.00403648;-0.0188269;0.0239078;0.0093719;-0.0289543;-0.00342256;0.0289543;0.0024155;-0.0289543;-0.000699194;0.0138634;0.0289543;-0.0289543;-0.0289543;-0.0283642;0.252196;0.605085;0.252196;-0.0283642;-0.0289543;-0.0289543;0.0289543;0.0138634;-0.000699194;-0.0289543;0.0024155;0.0289543;-0.00342256;-0.0289543;0.0093719;0.0239078;-0.0188269;-0.00403648;0.00896102
88200,0.1,18,37,0,0,1e+300,0,0,0;0;0;0;0;0;0;0;0;0;0;0;0;0;0;0;0;0;0;0;0;0;0;0;0;0;0;0;0;0;0;0;0;0;0;0;0
88200,0.1,19,39,1,-95,100,38,0.430839,-0.0098373;0.0379279;-0.0841107;0.0841107;0.0726785;-0.313522;0.336443;0.00436173;-0.336443;0.228448;0.0949985;-0.0434039;-0.32402;0.336443;0.117387;-0.336443;0.0464624;0.0838554;0.336443;0.336443;0.336443;0.0838554;0.0464624;-0.336443;0.117387;0.336443;-0.32402;-0.0434039;0.0949985;0.228448;-0.336443;0.00436173;0.336443;-0.313522;0.0726785;0.0841107;-0.0841107;0.0379279;-0.0098373
88200,0.1,20,41,1,-94.9995,6.25,40,0.453515,-0.00228367;0.0127856;-0.018288;-0.00202486;0.0399702;-0.0399702;-0.00595839;0.0354067;-0.00022271;-0.0399702;0.0142291;0.0399702;-0.0399702;0.00275177;-0.0103909;0.0399702;-0.00688095;-0.0399702;-0.0399702;0.241055;0.639522;0.241055;-0.0399702;-0.0399702;-0.00688095;0.0399702;-0.0103909;0.00275177;-0.0399702;0.0399702;0.0142291;-0.0399702;-0.00022271;0.0354067;-0.00595839;-0.0399702;0.0399702;-0.00202486;-0.018288;0.0127856;-0.00228367
88200,0.1,21,43,0,0,1e+300,0,0,0;0;0;0;0;0;0;0;0;0;0;0;0;0;0;0;0;0;0;0;0;0;0;0;0;0;0;0;0;0;0;0;0;0;0;0;0;0;0;0;0;0;0
88200,0.1,22,45,1,-94.9993,100,44,0.498866,0.0396213;-0.110479;0.0609548;0.184733;-0.354057;0.101048;0.343631;-0.34563;-0.133803;0.354057;0.0310341;-0.354057;0.0523571;0.354057;-0.146393;-0.354057;0.354057;0.0881842;-0.239009;-0.0219178;0.0645827;0.354057;0.354057;0.354057;0.0645827;-0.0219178;-0.239009;0.0881842;0.354057;-0.354057;-0.146393;0.354057;0.0523571;-0.354057;0.0310341;0.354057;-0.133803;-0.34563;0.343631;0.101048;-0.354057;0.184733;0.0609548;-0.110479;0.0396213
88200,0.1,23,47,0,0,1e+300,0,0,0;0;0;0;0;0;0;0;0;0;0;0;0;0;0;0;0;0;0;0;0;0;0;0;0;0;0;0;0;0;0;0;0;0;0;0;0;0;0;0;0;0;0;0;0;0;0
88200,0.1,24,49,0,0,1e+300,0,0,0;0;0;0;0;0;0;0;0;0;0;0;0;0;0;0;0;0;0;0;0;0;0;0;0;0;0;0;0;0;0;0;0;0;0;0;0;0;0;0;0;0;0;0;0;0;0;0;0
88200,0.1,25,51,0,0,1e+300,0,0,0;0;0;0;0;0;0;0;0;0;0;0;0;0;0;0;0;0;0;0;0;0;0;0;0;0;0;0;0;0;0;0;0;0;0;0;0;0;0;0;0;0;0;0;0;0;0;0;0;0;0
88200,0.15,8,17,1,-94.9992,7.42188,16,0.181406,0.0137906;-0.0188273;-0.0159665;0.0446272;-0.00384703;-0.0446272;-0.0446272;0.268831;0.601293;0.268831;-0.0446272;-0.0446272;-0.00384703;0.0446272;-0.0159665;-0.0188273;0.0137906
88200,0.15,9,19,1,-94.9991,7.42188,16,0.181406,-0.000121585;0.013745;-0.0186712;-0.0161708;0.0446419;-0.00368211;-0.0446419;-0.0446419;0.268797;0.601491;0.268797;-0.0446419;-0.0446419;-0.00368211;0.0446419;-0.0161708;-0.0186712;0.013745;-0.000121585
88200,0.15,10,21,1,-95,7.03125,20,0.226757,-0.00885558;0.0133596;0.0146964;-0.0409786;0.0100748;0.0409786;-0.0163416;-0.0409786;-0.0409786;0.27762;0.582807;0.27762;-0.0409786;-0.0409786;-0.0163416;0.0409786;0.0100748;-0.0409786;0.0146964;0.0133596;-0.00885558
88200,0.15,11,23,1,-94.9871,41.2109,22,0.249433,0.00452868;-0.00300668;-0.000157327;-0.0089342;0.0421842;-0.03761;-0.0532134;0.171778;-0.160165;-0.0806454;0.416827;0.416827;0.416827;-0.0806454;-0.160165;0.171778;-0.0532134;-0.03761;0.0421842;-0.0089342;-0.000157327;-0.00300668;0.00452868
88200,0.15,12,25,1,-94.9928,5.56641,24,0.272109,0.00890049;-0.0179407;-0.002257;0.0334386;-0.017801;-0.0269981;0.0184219;0.0334386;-0.0241824;-0.0334386;-0.0334386;0.261496;0.600722;0.261496;-0.0334386;-0.0334386;-0.0241824;0.0334386;0.0184219;-0.0269981;-0.017801;0.0334386;-0.002257;-0.0179407;0.00890049
88200,0.15,13,27,1,-94.9965,5.17578,26,0.294785,0.00769797;0.00469639;-0.0250713;0.0104554;0.0306532;-0.027439;-0.0241924;0.0274769;0.0306532;-0.0306532;-0.0306532;-0.0306532;0.260908;0.592242;0.260908;-0.0306532;-0.0306532;-0.0306532;0.0306532;0.0274769;-0.0241924;-0.027439;0.0306532;0.0104554;-0.0250713;0.00469639;0.00769797
88200,0.15,14,29,1,-94.9999,5.07813,28,0.31746,-0.00285918;0.0100407;0.00406411;-0.0301842;0.0173722;0.0280967;-0.0301842;-0.0193235;0.0247727;0.0301842;-0.0301842;-0.0301842;-0.0301842;0.261375;0.594397;0.261375;-0.0301842;-0.0301842;-0.0301842;0.0301842;0.0247727;-0.0193235;-0.0301842;0.0280967;0.0173722;-0.0301842;0.00406411;0.0100407;-0.00285918
88200,0.15,15,31,1,-94.9949,32.8125,30,0.340136,-0.0129904;0.0417621;-0.0385533;-0.0350899;0.134292;-0.134292;0.00515685;0.134292;-0.134292;0.0287864;0.0119622;0.0757801;-0.12485;-0.0658693;0.40927;0.40927;0.40927;-0.0658693;-0.12485;0.0757801;0.0119622;0.0287864;-0.134292;0.134292;0.00515685;-0.134292;0.134292;-0.0350899;-0.0385533;0.0417621;-0.0129904
88200,0.15,16,33,1,-94.9954,50,32,0.362812,-0.0312649;0.0682815;-0.0137525;-0.133459;0.207026;-0.0654284;-0.150946;0.207026;-0.101415;0.0270158;-0.017874;-0.0604561;0.207026;-0.207026;-0.0558287;0.414051;0.414051;0.414051;-0.0558287;-0.207026;0.207026;-0.0604561;-0.017874;0.0270158;-0.101415;0.207026;-0.150946;-0.0654284;0.207026;-0.133459;-0.0137525;0.0682815;-0.0312649
88200,0.15,17,35,1,-94.9927,4.58984,34,0.385488,0.00829388;-0.010665;-0.0100365;0.0278309;-0.0145816;-0.00736752;0.00302127;0.000903714;0.0243463;-0.0278309;-0.0129058;0.0196156;0.0278309;-0.0278309;-0.0278309;-0.0278309;0.251858;0.606359;0.251858;-0.0278309;-0.0278309;-0.0278309;0.0278309;0.0196156;-0.0129058;-0.0278309;0.0243463;0.000903714;0.00302127;-0.00736752;-0.0145816;0.0278309;-0.0100365;-0.010665;0.00829388
88200,0.15,18,37,1,-94.9945,62.5,36,0.408163,0.0427732;-0.119952;0.102176;0.0914626;-0.299915;0.299915;-0.116933;-0.0533088;0.178485;-0.299915;0.299915;-0.0958718;-0.0647769;-0.0338627;0.168255;-0.0183257;-0.299915;0.479863;0.479863;0.479863;-0.299915;-0.0183257;0.168255;-0.0338627;-0.0647769;-0.0958718;0.299915;-0.299915;0.178485;-0.0533088;-0.116933;0.299915;-0.299915;0.0914626;0.102176;-0.119952;0.0427732
88200,0.15,19,39,0,0,1e+300,0,0,0;0;0;0;0;0;0;0;0;0;0;0;0;0;0;0;0;0;0;0;0;0;0;0;0;0;0;0;0;0;0;0;0;0;0;0;0;0;0
88200,0.15,20,41,1,-94.9945,50,40,0.453515,-0.0482624;0.151771;-0.198202;0.060352;0.225045;-0.438416;0.438416;-0.282429;0.0904468;0.116014;-0.320053;0.438416;-0.438416;0.42554;-0.438416;0.313249;0.0626051;-0.438416;0.438416;-0.0960763;0.876831;-0.0960763;0.438416;-0.438416;0.0626051;0.313249;-0.438416;0.42554;-0.438416;0.438416;-0.320053;0.116014;0.0904468;-0.282429;0.438416;-0.438416;0.225045;0.060352;-0.198202;0.151771;-0.0482624
88200,0.15,21,43,0,0,1e+300,0,0,0;0;0;0;0;0;0;0;0;0;0;0;0;0;0;0;0;0;0;0;0;0;0;0;0;0;0;0;0;0;0;0;0;0;0;0;0;0;0;0;0;0;0
88200,0.15,22,45,0,-67.8682,100,44,0.498866,0.0626802;-0.194563;0.20338;0.072873;-0.404576;0.404564;-0.144521;0.0509966;-0.119422;-0.0522003;0.404541;-0.404576;0.0647119;-0.0095398;0.343235;-0.404576;-0.0461573;0.404553;-0.251509;-0.0222077;-0.0645215;0.404576;0.404517;0.404576;-0.0645215;-0.0222077;-0.251509;0.404553;-0.0461573;-0.404576;0.343235;-0.0095398;0.0647119;-0.404576;0.404541;-0.0522003;-0.119422;0.0509966;-0.144521;0.404564;-0.404576;0.072873;0.20338;-0.194563;0.0626802
88200,0.15,23,47,0,0,1e+300,0,0,0;0;0;0;0;0;0;0;0;0;0;0;0;0;0;0;0;0;0;0;0;0;0;0;0;0;0;0;0;0;0;0;0;0;0;0;0;0;0;0;0;0;0;0;0;0;0
88200,0.15,24,49,1,-94.9865,50,48,0.544218,0.0225257;-0.097465;0.129717;0.00177333;-0.189907;0.189907;-0.0231002;0.00287084;-0.167692;0.189907;0.0358468;-0.189907;0.13266;-0.102896;0.189907;-0.189907;0.0957633;-0.086832;0.0815444;0.0799058;-0.189907;0.0728238;-0.0572613;0.379815;0.379815;0.379815;-0.0572613;0.0728238;-0.189907;0.0799058;0.0815444;-0.086832;0.0957633;-0.189907;0.189907;-0.102896;0.13266;-0.189907;0.0358468;0.189907;-0.167692;0.00287084;-0.0231002;0.189907;-0.189907;0.00177333;0.129717;-0.097465;0.0225257
88200,0.15,25,51,0,0,1e+300,0,0,0;0;0;0;0;0;0;0;0;0;0;0;0;0;0;0;0;0;0;0;0;0;0;0;0;0;0;0;0;0;0;0;0;0;0;0;0;0;0;0;0;0;0;0;0;0;0;0;0;0;0
88200,0.2,8,17,1,-94.9877,7.32422,16,0.181406,0.0139148;-0.0186917;-0.0156792;0.0439474;-0.00429777;-0.0439474;-0.0439474;0.268687;0.600028;0.268687;-0.0439474;-0.0439474;-0.00429777;0.0439474;-0.0156792;-0.0186917;0.0139148
88200,0.2,9,19,1,-95,7.22656,18,0.204082,0.0012655;0.0119174;-0.0203783;-0.0118178;0.0432641;-0.00618102;-0.0432641;-0.0432641;0.269117;0.598682;0.269117;-0.0432641;-0.0432641;-0.00618102;0.0432641;-0.0118178;-0.0203783;0.0119174;0.0012655
88200,0.2,10,21,1,-94.9982,6.83594,20,0.226757,-0.00639834;0.0117979;0.0116093;-0.0382473;0.00862693;0.0398813;-0.0156552;-0.0398813;-0.0398813;0.276445;0.583406;0.276445;-0.0398813;-0.0398813;-0.0156552;0.0398813;0.00862693;-0.0382473;0.0116093;0.0117979;-0.00639834
88200,0.2,11,23,1,-94.9958,100,22,0.249433,-0.0433947;0.101722;-0.00908081;-0.266767;0.403912;-0.0420063;-0.539703;0.638028;-0.0946352;-0.447433;0.532905;0.532905;0.532905;-0.447433;-0.0946352;0.638028;-0.539703;-0.0420063;0.403912;-0.266767;-0.00908081;0.101722;-0.0433947
88200,0.2,12,25,1,-94.9921,5.27344,24,0.272109,0.0070758;-0.0180022;0.002528;0.0316299;-0.0218445;-0.02381;0.0190274;0.0316299;-0.0250504;-0.0316299;-0.0316299;0.260178;0.599796;0.260178;-0.0316299;-0.0316299;-0.0250504;0.0316299;0.0190274;-0.02381;-0.0218445;0.0316299;0.002528;-0.0180022;0.0070758
88200,0.2,13,27,1,-94.9911,4.98047,26,0.294785,0.00654839;0.0027134;-0.0249213;0.0113989;0.0293427;-0.0293427;-0.0226924;0.0293427;0.0293427;-0.0293427;-0.0293427;-0.0293427;0.261718;0.589155;0.261718;-0.0293427;-0.0293427;-0.0293427;0.0293427;0.0293427;-0.0226924;-0.0293427;0.0293427;0.0113989;-0.0249213;0.0027134;0.00654839
88200,0.2,14,29,1,-94.9995,4.98047,28,0.31746,-0.00337733;0.0102557;0.000383705;-0.0295202;0.0228306;0.0228485;-0.0295202;-0.0152765;0.0223683;0.0295202;-0.0295202;-0.0295202;-0.0295202;0.261688;0.59272;0.261688;-0.0295202;-0.0295202;-0.0295202;0.0295202;0.0223683;-0.0152765;-0.0295202;0.0228485;0.0228306;-0.0295202;0.000383705;0.0102557;-0.00337733
88200,0.2,15,31,1,-94.9956,6.25,30,0.340136,-0.0149404;0.0133598;0.0243553;-0.0371764;-0.00296122;0.0371764;-0.00266774;-0.0235904;-0.014716;0.0371764;0.0168812;-0.0371764;-0.0132252;-0.0371764;0.25727;0.594823;0.25727;-0.0371764;-0.0132252;-0.0371764;0.0168812;0.0371764;-0.014716;-0.0235904;-0.00266774;0.0371764;-0.00296122;-0.0371764;0.0243553;0.0133598;-0.0149404
88200,0.2,16,33,0,0,1e+300,0,0,0;0;0;0;0;0;0;0;0;0;0;0;0;0;0;0;0;0;0;0;0;0;0;0;0;0;0;0;0;0;0;0;0
88200,0.2,17,35,1,-94.9962,4.49219,34,0.385488,0.00703538;-0.0110126;-0.00721594;0.02712;-0.0182702;-0.00381781;0.00491207;-0.00350535;0.0270704;-0.02712;-0.0158912;0.0207226;0.02712;-0.02712;-0.02712;-0.02712;0.252355;0.603715;0.252355;-0.02712;-0.02712;-0.02712;0.02712;0.0207226;-0.0158912;-0.02712;0.0270704;-0.00350535;0.00491207;-0.00381781;-0.0182702;0.02712;-0.00721594;-0.0110126;0.00703538
88200,0.2,18,37,1,-94.9996,100,36,0.408163,0.057207;-0.142173;0.098591;0.177266;-0.470984;0.402556;0.0667814;-0.48677;0.48677;-0.232205;0.0676604;0.0445594;-0.304553;0.48677;-0.204068;-0.301727;0.301727;0.301727;0.301727;0.301727;0.301727;-0.301727;-0.204068;0.48677;-0.304553;0.0445594;0.0676604;-0.232205;0.48677;-0.48677;0.0667814;0.402556;-0.470984;0.177266;0.098591;-0.142173;0.057207
88200,0.2,19,39,0,0,1e+300,0,0,0;0;0;0;0;0;0;0;0;0;0;0;0;0;0;0;0;0;0;0;0;0;0;0;0;0;0;0;0;0;0;0;0;0;0;0;0;0;0
88200,0.2,20,41,1,-94.9984,50,40,0.453515,0.0303086;-0.0922955;0.0967703;0.037944;-0.195385;0.195385;-0.0883162;0.0558213;-0.056886;-0.0521774;0.195385;-0.195385;0.145804;-0.195385;0.195385;0.00768266;-0.164868;0.0976358;-0.103578;0.390769;0.390769;0.390769;-0.103578;0.0976358;-0.164868;0.00768266;0.195385;-0.195385;0.145804;-0.195385;0.195385;-0.0521774;-0.056886;0.0558213;-0.0883162;0.195385;-0.195385;0.037944;0.0967703;-0.0922955;0.0303086
88200,0.2,21,43,0,0,1e+300,0,0,0;0;0;0;0;0;0;0;0;0;0;0;0;0;0;0;0;0;0;0;0;0;0;0;0;0;0;0;0;0;0;0;0;0;0;0;0;0;0;0;0;0;0
88200,0.2,22,45,0,0,1e+300,0,0,0;0;0;0;0;0;0;0;0;0;0;0;0;0;0;0;0;0;0;0;0;0;0;0;0;0;0;0;0;0;0;0;0;0;0;0;0;0;0;0;0;0;0;0;0
88200,0.2,23,47,0,0,1e+300,0,0,0;0;0;0;0;0;0;0;0;0;0;0;0;0;0;0;0;0;0;0;0;0;0;0;0;0;0;0;0;0;0;0;0;0;0;0;0;0;0;0;0;0;0;0;0;0;0
88200,0.2,24,49,0,0,1e+300,0,0,0;0;0;0;0;0;0;0;0;0;0;0;0;0;0;0;0;0;0;0;0;0;0;0;0;0;0;0;0;0;0;0;0;0;0;0;0;0;0;0;0;0;0;0;0;0;0;0;0
88200,0.2,25,51,0,0,1e+300,0,0,0;0;0;0;0;0;0;0;0;0;0;0;0;0;0;0;0;0;0;0;0;0;0;0;0;0;0;0;0;0;0;0;0;0;0;0;0;0;0;0;0;0;0;0;0;0;0;0;0;0;0
88200,0.25,8,17,1,-94.9908,7.22656,16,0.181406,0.0140731;-0.0188306;-0.0167388;0.0433244;-0.00376991;-0.0418099;-0.0433244;0.267318;0.599516;0.267318;-0.0433244;-0.0418099;-0.00376991;0.0433244;-0.0167388;-0.0188306;0.0140731
88200,0.25,9,19,1,-94.9976,6.93359,18,0.204082,0.00446142;0.00891316;-0.0245798;-0.00456006;0.0410538;-0.00934482;-0.0410538;-0.0410538;0.270114;0.5921;0.270114;-0.0410538;-0.0410538;-0.00934482;0.0410538;-0.00456006;-0.0245798;0.00891316;0.00446142
88200,0.25,10,21,1,-94.9979,6.64063,20,0.226757,-0.00568063;0.0124136;0.00911578;-0.0385824;0.0114175;0.0385824;-0.0167692;-0.0385824;-0.0385824;0.276165;0.581005;0.276165;-0.0385824;-0.0385824;-0.0167692;0.0385824;0.0114175;-0.0385824;0.00911578;0.0124136;-0.00568063
88200,0.25,11,23,1,-94.9852,25.4883,22,0.249433,-0.0164627;0.0251736;0.00280401;-0.0450722;0.0689347;-0.0378022;-0.0346463;0.124543;-0.124543;-0.0611513;0.353909;0.488628;0.353909;-0.0611513;-0.124543;0.124543;-0.0346463;-0.0378022;0.0689347;-0.0450722;0.00280401;0.0251736;-0.0164627
88200,0.25,12,25,1,-94.9921,5.07813,24,0.272109,0.00607345;-0.0178894;0.00533208;0.0303916;-0.0242722;-0.0217642;0.0193517;0.0303916;-0.0253298;-0.0303916;-0.0303916;0.259258;0.598482;0.259258;-0.0303916;-0.0303916;-0.0253298;0.0303916;0.0193517;-0.0217642;-0.0242722;0.0303916;0.00533208;-0.0178894;0.00607345
88200,0.25,13,27,1,-94.9963,4.88281,26,0.294785,0.00485497;0.00232684;-0.0223872;0.0110617;0.0287155;-0.0287155;-0.02292;0.0287155;0.0287155;-0.0287155;-0.0287155;-0.0287155;0.261732;0.588094;0.261732;-0.0287155;-0.0287155;-0.0287155;0.0287155;0.0287155;-0.02292;-0.0287155;0.0287155;0.0110617;-0.0223872;0.00232684;0.00485497
88200,0.25,14,29,1,-94.9975,4.88281,28,0.31746,-0.00391698;0.0119199;-0.00275264;-0.0282063;0.0288143;0.0163628;-0.0288143;-0.0130709;0.0192352;0.0288143;-0.0288143;-0.0288143;-0.0288143;0.262999;0.590117;0.262999;-0.0288143;-0.0288143;-0.0288143;0.0288143;0.0192352;-0.0130709;-0.0288143;0.0163628;0.0288143;-0.0282063;-0.00275264;0.0119199;-0.00391698
88200,0.25,15,31,0,141.789,100,30,0.340136,384333;383975;384139;383788;383887;384935;383808;383637;383650;-6.22105e+06;384218;383855;384242;383953;383400;1.69046e+06;383400;383953;384242;383855;384218;-6.22105e+06;383650;383637;383808;384935;383887;383788;384139;383975;384333
88200,0.25,16,33,1,-94.9951,50,32,0.362812,-0.0240146;0.0990884;-0.111173;-0.0691857;0.340423;-0.340423;-0.0242999;0.340423;-0.216811;-0.082472;0.00751221;0.340423;-0.340423;-0.080926;0.278359;0.0430763;0.680847;0.0430763;0.278359;-0.080926;-0.340423;0.340423;0.00751221;-0.082472;-0.216811;0.340423;-0.0242999;-0.340423;0.340423;-0.0691857;-0.111173;0.0990884;-0.0240146
88200,0.25,17,35,1,-94.9995,4.39453,34,0.385488,0.00716224;-0.00997434;-0.0108644;0.0261699;-0.00352819;-0.0236698;0.00356776;0.0261699;-0.000875531;-0.0261699;-0.000769614;0.0120546;0.0261699;-0.0261699;-0.0261699;-0.0261699;0.255312;0.59551;0.255312;-0.0261699;-0.0261699;-0.0261699;0.0261699;0.0120546;-0.000769614;-0.0261699;-0.000875531;0.0261699;0.00356776;-0.0236698;-0.00352819;0.0261699;-0.0108644;-0.00997434;0.00716224
88200,0.25,18,37,0,0,1e+300,0,0,0;0;0;0;0;0;0;0;0;0;0;0;0;0;0;0;0;0;0;0;0;0;0;0;0;0;0;0;0;0;0;0;0;0;0;0;0
88200,0.25,19,39,0,0,1e+300,0,0,0;0;0;0;0;0;0;0;0;0;0;0;0;0;0;0;0;0;0;0;0;0;0;0;0;0;0;0;0;0;0;0;0;0;0;0;0;0;0
88200,0.25,20,41,1,-94.9986,6.25,40,0.453515,-0.0202367;0.032965;0.00118319;-0.0423783;0.0423783;-0.0100387;0.00760456;-0.0304589;0.0236;0.0148216;-0.0423783;0.0423783;-0.0383973;0.0423783;-0.0423783;0.0250501;0.0219717;-0.0423783;-0.0423783;0.217665;0.678053;0.217665;-0.0423783;-0.0423783;0.0219717;0.0250501;-0.0423783;0.0423783;-0.0383973;0.0423783;-0.0423783;0.0148216;0.0236;-0.0304589;0.00760456;-0.0100387;0.0423783;-0.0423783;0.00118319;0.032965;-0.0202367
88200,0.25,21,43,0,0,1e+300,0,0,0;0;0;0;0;0;0;0;0;0;0;0;0;0;0;0;0;0;0;0;0;0;0;0;0;0;0;0;0;0;0;0;0;0;0;0;0;0;0;0;0;0;0
88200,0.25,22,45,1,-94.997,100,44,0.498866,0.0171;0.0260415;-0.120515;0.0837827;0.182619;-0.365238;0.0960147;0.365238;-0.365238;-0.117199;0.343476;0.0272199;-0.365238;0.0949804;0.365238;-0.293941;-0.190485;0.365238;-0.0199855;-0.301355;0.124391;0.365238;0.365238;0.365238;0.124391;-0.301355;-0.0199855;0.365238;-0.190485;-0.293941;0.365238;0.0949804;-0.365238;0.0272199;0.343476;-0.117199;-0.365238;0.365238;0.0960147;-0.365238;0.182619;0.0837827;-0.120515;0.0260415;0.0171
88200,0.25,23,47,0,0,1e+300,0,0,0;0;0;0;0;0;0;0;0;0;0;0;0;0;0;0;0;0;0;0;0;0;0;0;0;0;0;0;0;0;0;0;0;0;0;0;0;0;0;0;0;0;0;0;0;0;0
88200,0.25,24,49,0,0,1e+300,0,0,0;0;0;0;0;0;0;0;0;0;0;0;0;0;0;0;0;0;0;0;0;0;0;0;0;0;0;0;0;0;0;0;0;0;0;0;0;0;0;0;0;0;0;0;0;0;0;0;0
88200,0.25,25,51,1,-94.9986,100,50,0.566893,0.0154114;0.0532783;-0.185781;0.0988553;0.306741;-0.487255;0.00770478;0.487255;-0.179144;-0.368162;0.100829;0.487255;-0.195865;-0.487255;0.227759;0.487255;-0.23546;-0.487255;0.230439;0.487255;-0.252656;-0.386664;0.166392;0.243628;0.243628;0.243628;0.243628;0.243628;0.166392;-0.386664;-0.252656;0.487255;0.230439;-0.487255;-0.23546;0.487255;0.227759;-0.487255;-0.195865;0.487255;0.100829;-0.368162;-0.179144;0.487255;0.00770478;-0.487255;0.306741;0.0988553;-0.185781;0.0532783;0.0154114
88200,0.3,8,17,1,-94.9908,7.12891,16,0.181406,0.0146448;-0.0184215;-0.0177116;0.0425842;-0.00301744;-0.0415626;-0.0425842;0.267395;0.597346;0.267395;-0.0425842;-0.0415626;-0.00301744;0.0425842;-0.0177116;-0.0184215;0.0146448
88200,0.3,9,19,1,-94.9968,6.64063,18,0.204082,0.0098199;0.00676456;-0.0300366;0.00540961;0.0388311;-0.0157211;-0.0388311;-0.0388311;0.27022;0.58475;0.27022;-0.0388311;-0.0388311;-0.0157211;0.0388311;0.00540961;-0.0300366;0.00676456;0.0098199
88200,0.3,10,21,1,-94.9979,6.44531,20,0.226757,-0.00332982;0.0124821;0.00576765;-0.0372795;0.0123679;0.0372795;-0.0167204;-0.0372795;-0.0372795;0.274793;0.578397;0.274793;-0.0372795;-0.0372795;-0.0167204;0.0372795;0.0123679;-0.0372795;0.00576765;0.0124821;-0.00332982
88200,0.3,11,23,1,-94.9996,7.71484,22,0.249433,-0.0087344;0.00473597;0.0172036;-0.0124921;-0.0136621;0.0132293;0.0179744;0.00170693;-0.0443012;-0.0443012;0.281524;0.574233;0.281524;-0.0443012;-0.0443012;0.00170693;0.0179744;0.0132293;-0.0136621;-0.0124921;0.0172036;0.00473597;-0.0087344
88200,0.3,12,25,1,-94.9921,4.98047,24,0.272109,0.00606029;-0.0176831;0.00563553;0.0298176;-0.0252228;-0.0211194;0.0209013;0.0298176;-0.0268977;-0.0298176;-0.0298176;0.25898;0.598691;0.25898;-0.0298176;-0.0298176;-0.0268977;0.0298176;0.0209013;-0.0211194;-0.0252228;0.0298176;0.00563553;-0.0176831;0.00606029
88200,0.3,13,27,1,-94.9998,4.78516,26,0.294785,0.0105054;-0.00758547;-0.0236033;0.0280784;0.012211;-0.0280784;-0.0108336;0.0203564;0.0280784;-0.0280784;-0.0280784;-0.0280784;0.261716;0.58678;0.261716;-0.0280784;-0.0280784;-0.0280784;0.0280784;0.0203564;-0.0108336;-0.0280784;0.012211;0.0280784;-0.0236033;-0.00758547;0.0105054
88200,0.3,14,29,1,-95,4.78516,26,0.294785,-0.000575727;0.00933947;-0.00488474;-0.0234703;0.0284943;0.013515;-0.0284943;-0.00772089;0.0147084;0.0284943;-0.0284943;-0.0284943;-0.0284943;0.258341;0.595472;0.258341;-0.0284943;-0.0284943;-0.0284943;0.0284943;0.0147084;-0.00772089;-0.0284943;0.013515;0.0284943;-0.0234703;-0.00488474;0.00933947;-0.000575727
88200,0.3,15,31,0,-51.0214,9.76818,30,0.340136,0.017362;-0.0286537;0.0157192;0.0402008;-0.0906783;0.0896693;-0.0257542;-0.0508347;0.0904388;-0.0906783;0.0801085;-0.0831653;0.0907618;-0.0904136;0.0713394;0.929157;0.0713394;-0.0904136;0.0907618;-0.0831653;0.0801085;-0.0906783;0.0904388;-0.0508347;-0.0257542;0.0896693;-0.0906783;0.0402008;0.0157192;-0.0286537;0.017362
88200,0.3,16,33,1,-94.9996,50,32,0.362812,-0.0368172;0.0721532;0.00952756;-0.166265;0.206209;-0.0126266;-0.203466;0.206209;-0.0592522;-0.00335141;-0.0184545;-0.0523324;0.206209;-0.206209;-0.0601601;0.412418;0.412418;0.412418;-0.0601601;-0.206209;0.206209;-0.0523324;-0.0184545;-0.00335141;-0.0592522;0.206209;-0.203466;-0.0126266;0.206209;-0.166265;0.00952756;0.0721532;-0.0368172
88200,0.3,17,35,1,-94.9951,4.29688,34,0.385488,0.00646821;-0.00885405;-0.00991042;0.0256646;-0.00999863;-0.013146;0.00548845;0.00725709;0.0163167;-0.0256646;-0.0118149;0.0174342;0.0256646;-0.0256646;-0.0256646;-0.0256646;0.253446;0.597285;0.253446;-0.0256646;-0.0256646;-0.0256646;0.0256646;0.0174342;-0.0118149;-0.0256646;0.0163167;0.00725709;0.00548845;-0.013146;-0.00999863;0.0256646;-0.00991042;-0.00885405;0.00646821
88200,0.3,18,37,1,-94.9966,100,36,0.408163,-0.0674442;0.135463;0.0119706;-0.307909;0.322935;0.0775459;-0.322935;0.0739811;0.134766;0.135796;-0.322935;-0.0384761;0.322935;-0.00167917;-0.232963;-0.147655;0.322935;0.322935;0.161467;0.322935;0.322935;-0.147655;-0.232963;-0.00167917;0.322935;-0.0384761;-0.322935;0.135796;0.134766;0.0739811;-0.322935;0.0775459;0.322935;-0.307909;0.0119706;0.135463;-0.0674442
88200,0.3,19,39,1,-94.9998,50,38,0.430839,-0.0405576;0.0627606;0.0288947;-0.158223;0.149828;0.0222451;-0.158223;0.158223;-0.0753817;-0.0369311;0.130395;-0.0666214;-0.101405;0.0762459;0.158223;-0.158223;-0.158223;0.192305;0.316446;0.316446;0.316446;0.192305;-0.158223;-0.158223;0.158223;0.0762459;-0.101405;-0.0666214;0.130395;-0.0369311;-0.0753817;0.158223;-0.158223;0.0222451;0.149828;-0.158223;0.0288947;0.0627606;-0.0405576
88200,0.3,20,41,1,-94.9875,100,40,0.453515,0.0703075;-0.203136;0.192113;0.0949894;-0.405755;0.405755;-0.201154;0.124947;-0.0953189;-0.134518;0.405755;-0.405755;0.315884;-0.405755;0.405755;-0.00148026;-0.405755;0.372339;-0.233133;0.40261;0.40261;0.40261;-0.233133;0.372339;-0.405755;-0.00148026;0.405755;-0.405755;0.315884;-0.405755;0.405755;-0.134518;-0.0953189;0.124947;-0.201154;0.405755;-0.405755;0.0949894;0.192113;-0.203136;0.0703075
88200,0.3,21,43,0,0,1e+300,0,0,0;0;0;0;0;0;0;0;0;0;0;0;0;0;0;0;0;0;0;0;0;0;0;0;0;0;0;0;0;0;0;0;0;0;0;0;0;0;0;0;0;0;0
88200,0.3,22,45,1,-94.9982,100,44,0.498866,0.0342232;-0.124166;0.131865;0.0643201;-0.312024;0.312024;-0.0654171;-0.0926559;0.0593292;-0.0990968;0.312024;-0.312024;-0.0570266;0.312024;-0.0477143;-0.312024;0.144943;0.312024;-0.312024;-0.122454;0.205814;0.312024;0.312024;0.312024;0.205814;-0.122454;-0.312024;0.312024;0.144943;-0.312024;-0.0477143;0.312024;-0.0570266;-0.312024;0.312024;-0.0990968;0.0593292;-0.0926559;-0.0654171;0.312024;-0.312024;0.0643201;0.131865;-0.124166;0.0342232
88200,0.3,23,47,0,0,1e+300,0,0,0;0;0;0;0;0;0;0;0;0;0;0;0;0;0;0;0;0;0;0;0;0;0;0;0;0;0;0;0;0;0;0;0;0;0;0;0;0;0;0;0;0;0;0;0;0;0
88200,0.3,24,49,0,0,1e+300,0,0,0;0;0;0;0;0;0;0;0;0;0;0;0;0;0;0;0;0;0;0;0;0;0;0;0;0;0;0;0;0;0;0;0;0;0;0;0;0;0;0;0;0;0;0;0;0;0;0;0
88200,0.3,25,51,1,-94.9961,100,50,0.566893,0.0308264;0.0317464;-0.228801;0.253406;0.170329;-0.588793;0.315555;0.315555;-0.315555;-0.23403;0.276684;0.250765;-0.315555;-0.163213;0.174585;0.315555;-0.315555;-0.130628;0.0751245;0.315555;-0.137199;-0.315555;0.204002;0.0418646;0.315555;0.315555;0.315555;0.0418646;0.204002;-0.315555;-0.137199;0.315555;0.0751245;-0.130628;-0.315555;0.315555;0.174585;-0.163213;-0.315555;0.250765;0.276684;-0.23403;-0.315555;0.315555;0.315555;-0.588793;0.170329;0.253406;-0.228801;0.0317464;0.0308264
88200,0.35,8,17,1,-94.9913,6.93359,16,0.181406,0.0105612;-0.0189288;-0.0101587;0.0413644;-0.00732357;-0.0413644;-0.0413644;0.268924;0.59658;0.268924;-0.0413644;-0.0413644;-0.00732357;0.0413644;-0.0101587;-0.0189288;0.0105612
88200,0.35,9,19,1,-94.997,6.34766,18,0.204082,0.0163133;0.00449817;-0.0365051;0.017214;0.0365051;-0.0227503;-0.0365051;-0.0365051;0.270187;0.575095;0.270187;-0.0365051;-0.0365051;-0.0227503;0.0365051;0.017214;-0.0365051;0.00449817;0.0163133
88200,0.35,10,21,1,-94.9997,6.34766,20,0.226757,0.00071029;0.0172427;0.00411787;-0.0364289;0.0179639;0.0364289;-0.0233156;-0.0364289;-0.0364289;0.269191;0.573896;0.269191;-0.0364289;-0.0364289;-0.0233156;0.0364289;0.0179639;-0.0364289;0.00411787;0.0172427;0.00071029
88200,0.35,11,23,1,-94.9938,4.98047,22,0.249433,-0.0172124;0.0105032;0.0290233;-0.0232053;-0.0205762;0.0287283;0.0291046;-0.0291046;-0.0291046;-0.0291046;0.258761;0.584375;0.258761;-0.0291046;-0.0291046;-0.0291046;0.0291046;0.0287283;-0.0205762;-0.0232053;0.0290233;0.0105032;-0.0172124
88200,0.35,12,25,1,-94.9919,4.78516,24,0.272109,0.00253306;-0.0189721;0.012802;0.0285463;-0.0285463;-0.0152703;0.0220284;0.0285463;-0.0285463;-0.027133;-0.0285463;0.254278;0.59656;0.254278;-0.0285463;-0.027133;-0.0285463;0.0285463;0.0220284;-0.0152703;-0.0285463;0.0285463;0.012802;-0.0189721;0.00253306
88200,0.35,13,27,1,-94.9978,4.6875,26,0.294785,0.00921935;-0.00727643;-0.0219612;0.0274949;0.0121788;-0.0274949;-0.0108016;0.0189917;0.0274949;-0.0274949;-0.0274949;-0.0274949;0.26136;0.586558;0.26136;-0.0274949;-0.0274949;-0.0274949;0.0274949;0.0189917;-0.0108016;-0.0274949;0.0121788;0.0274949;-0.0219612;-0.00727643;0.00921935
88200,0.35,14,29,1,-94.9976,100,28,0.31746,0.0273823;-0.108157;0.0907694;0.172177;-0.45169;0.294149;0.305883;-0.67219;0.336095;0.260199;-0.336095;-0.0322693;0.109604;0.336095;0.336095;0.336095;0.109604;-0.0322693;-0.336095;0.260199;0.336095;-0.67219;0.305883;0.294149;-0.45169;0.172177;0.0907694;-0.108157;0.0273823
88200,0.35,15,31,1,-94.9994,50,30,0.340136,0.0462929;-0.0611873;-0.0348651;0.177165;-0.169944;-0.0225039;0.201637;-0.201637;0.0945139;-0.00405819;-0.0892676;0.201637;-0.201637;-0.0410571;0.403274;0.403274;0.403274;-0.0410571;-0.201637;0.201637;-0.0892676;-0.00405819;0.0945139;-0.201637;0.201637;-0.0225039;-0.169944;0.177165;-0.0348651;-0.0611873;0.0462929
88200,0.35,16,33,1,-94.9966,4.39453,32,0.362812,-0.00632533;-0.00305946;0.0185164;0.0021051;-0.0203295;-0.00118989;0.0259845;-0.00263867;-0.0259845;1.0968e-05;0.0144657;0.0259845;-0.0259845;-0.0259845;-0.0259845;0.254768;0.591293;0.254768;-0.0259845;-0.0259845;-0.0259845;0.0259845;0.0144657;1.0968e-05;-0.0259845;-0.00263867;0.0259845;-0.00118989;-0.0203295;0.0021051;0.0185164;-0.00305946;-0.00632533
88200,0.35,17,35,1,-94.9944,100,34,0.385488,-0.0120701;0.116414;-0.171985;-0.05283;0.43288;-0.43288;-0.0762891;0.43288;-0.158917;-0.217171;0.0222914;0.43288;-0.43288;0.0379445;0.214086;-0.283673;0.43288;0.43288;0.43288;-0.283673;0.214086;0.0379445;-0.43288;0.43288;0.0222914;-0.217171;-0.158917;0.43288;-0.0762891;-0.43288;0.43288;-0.05283;-0.171985;0.116414;-0.0120701
88200,0.35,18,37,1,-94.9949,100,36,0.408163,-0.0794501;0.214214;-0.178661;-0.186503;0.650003;-0.650003;0.0244031;0.650003;-0.650003;0.0673572;0.297198;0.0130142;-0.493146;0.414626;0.19215;-0.597705;0.325001;0.325001;0.325001;0.325001;0.325001;-0.597705;0.19215;0.414626;-0.493146;0.0130142;0.297198;0.0673572;-0.650003;0.650003;0.0244031;-0.650003;0.650003;-0.186503;-0.178661;0.214214;-0.0794501
88200,0.35,19,39,1,-94.9997,50,38,0.430839,-0.0396577;0.044718;0.0648628;-0.156242;0.055686;0.145046;-0.156242;-8.1251e-05;0.0734833;-0.0261281;0.0212841;-0.00832937;-0.081898;0.0534733;0.156242;-0.156242;-0.156242;0.19754;0.312485;0.312485;0.312485;0.19754;-0.156242;-0.156242;0.156242;0.0534733;-0.081898;-0.00832937;0.0212841;-0.0261281;0.0734833;-8.1251e-05;-0.156242;0.145046;0.055686;-0.156242;0.0648628;0.044718;-0.0396577
88200,0.35,20,41,1,-94.9974,6.25,40,0.453515,-0.0263271;0.0356812;0.00306111;-0.0418571;0.0418571;-0.0198422;0.0367581;-0.0418571;0.00168768;0.0418571;-0.0418571;0.0369349;-0.0418571;0.0418571;-0.0384409;0.0418571;-0.0101135;-0.0418571;-0.00962949;0.197231;0.669714;0.197231;-0.00962949;-0.0418571;-0.0101135;0.0418571;-0.0384409;0.0418571;-0.0418571;0.0369349;-0.0418571;0.0418571;0.00168768;-0.0418571;0.0367581;-0.0198422;0.0418571;-0.0418571;0.00306111;0.0356812;-0.0263271
88200,0.35,21,43,0,0,1e+300,0,0,0;0;0;0;0;0;0;0;0;0;0;0;0;0;0;0;0;0;0;0;0;0;0;0;0;0;0;0;0;0;0;0;0;0;0;0;0;0;0;0;0;0;0
88200,0.35,22,45,1,-94.9977,100,44,0.498866,0.0288206;-0.00605041;-0.077898;0.122044;-0.0402801;-0.0868222;0.146622;-0.146622;0.113179;-0.024671;-0.0656526;0.0765277;-0.0789461;0.146622;-0.146622;0.0223546;-0.00761901;0.146622;-0.0614748;-0.293245;0.293245;0.293245;0.293245;0.293245;0.293245;-0.293245;-0.0614748;0.146622;-0.00761901;0.0223546;-0.146622;0.146622;-0.0789461;0.0765277;-0.0656526;-0.024671;0.113179;-0.146622;0.146622;-0.0868222;-0.0402801;0.122044;-0.077898;-0.00605041;0.0288206
88200,0.35,23,47,0,0,1e+300,0,0,0;0;0;0;0;0;0;0;0;0;0;0;0;0;0;0;0;0;0;0;0;0;0;0;0;0;0;0;0;0;0;0;0;0;0;0;0;0;0;0;0;0;0;0;0;0;0
88200,0.35,24,49,1,-94.9952,50,46,0.521542,-0.000347053;-0.0380605;0.0338755;0.116506;-0.235846;0.0670333;0.238886;-0.238886;0.00853125;-0.0268527;0.238886;-0.120272;-0.238886;0.230746;0.0712695;-0.0438571;-0.238886;0.238886;-0.105252;0.238886;-0.238886;-0.238886;0.477773;0.064753;0.477773;0.064753;0.477773;-0.238886;-0.238886;0.238886;-0.105252;0.238886;-0.238886;-0.0438571;0.0712695;0.230746;-0.238886;-0.120272;0.238886;-0.0268527;0.00853125;-0.238886;0.238886;0.0670333;-0.235846;0.116506;0.0338755;-0.0380605;-0.000347053
88200,0.4,8,17,1,-94.9913,6.83594,16,0.181406,0.0110597;-0.0184338;-0.0101862;0.0407963;-0.00846854;-0.0407963;-0.0407963;0.268429;0.596792;0.268429;-0.0407963;-0.0407963;-0.00846854;0.0407963;-0.0101862;-0.0184338;0.0110597
88200,0.4,9,19,1,-94.9906,13.0859,18,0.204082,0.0206032;-0.0235432;-0.0095626;0.0268181;-0.0302134;0.0598052;-0.066261;-0.066261;0.335438;0.506353;0.335438;-0.066261;-0.066261;0.0598052;-0.0302134;0.0268181;-0.0095626;-0.0235432;0.0206032
88200,0.4,10,21,1,-94.9969,6.15234,20,0.226757,-0.00144316;0.0126018;0.00249307;-0.0355328;0.0151576;0.0355328;-0.0194537;-0.0355328;-0.0355328;0.272935;0.577549;0.272935;-0.0355328;-0.0355328;-0.0194537;0.0355328;0.0151576;-0.0355328;0.00249307;0.0126018;-0.00144316
88200,0.4,11,23,1,-94.9917,4.78516,22,0.249433,-0.0184974;0.0164088;0.0267894;-0.0282389;-0.0117385;0.0232449;0.0282389;-0.0282389;-0.0282389;-0.0282389;0.253442;0.590135;0.253442;-0.0282389;-0.0282389;-0.0282389;0.0282389;0.0232449;-0.0117385;-0.0282389;0.0267894;0.0164088;-0.0184974
88200,0.4,12,25,1,-94.9932,4.6875,24,0.272109,0.00154912;-0.0166661;0.0119898;0.0275374;-0.0275374;-0.019072;0.0253456;0.0275374;-0.0275374;-0.0275374;-0.0275374;0.258196;0.587464;0.258196;-0.0275374;-0.0275374;-0.0275374;0.0275374;0.0253456;-0.019072;-0.0275374;0.0275374;0.0119898;-0.0166661;0.00154912
88200,0.4,13,27,1,-94.9934,50,26,0.294785,0.0449039;-0.0406197;-0.0610865;0.151672;-0.0739494;-0.112955;0.195594;-0.105629;-0.0510522;0.180287;-0.195594;-0.0183542;0.391189;0.391189;0.391189;-0.0183542;-0.195594;0.180287;-0.0510522;-0.105629;0.195594;-0.112955;-0.0739494;0.151672;-0.0610865;-0.0406197;0.0449039
88200,0.4,14,29,1,-94.9969,4.58984,28,0.31746,0.000705812;0.0039303;0.000821315;-0.0194568;0.0109483;0.0267078;-0.0267078;-0.0228488;0.0267078;0.0267078;-0.0267078;-0.0267078;-0.0267078;0.261663;0.581889;0.261663;-0.0267078;-0.0267078;-0.0267078;0.0267078;0.0267078;-0.0228488;-0.0267078;0.0267078;0.0109483;-0.0194568;0.000821315;0.0039303;0.000705812
88200,0.4,15,31,1,-94.9947,50,30,0.340136,-0.0235333;0.0793754;-0.0648902;-0.0757515;0.22174;-0.22174;0.0494124;0.138765;-0.22174;0.215896;-0.172161;0.113459;0.0176876;-0.22174;0.44348;0.44348;0.44348;-0.22174;0.0176876;0.113459;-0.172161;0.215896;-0.22174;0.138765;0.0494124;-0.22174;0.22174;-0.0757515;-0.0648902;0.0793754;-0.0235333
88200,0.4,16,33,1,-94.9986,100,32,0.362812,0.103454;-0.192305;-0.0178825;0.464838;-0.547563;-0.00539182;0.547563;-0.462337;0.113638;-0.049748;0.0133044;0.295964;-0.373189;-0.0747986;0.273781;0.273781;0.273781;0.273781;0.273781;-0.0747986;-0.373189;0.295964;0.0133044;-0.049748;0.113638;-0.462337;0.547563;-0.00539182;-0.547563;0.464838;-0.0178825;-0.192305;0.103454
88200,0.4,17,35,1,-94.9971,12.6886,8,0.0907029,0.000527425;-0.000527425;0.000527425;-0.000527425;0.000527425;-0.000527425;0.000527425;-0.000527425;0.000527425;0.000527425;0.000527425;0.000527425;0.000527425;0.0495374;-0.0639231;-0.0685288;0.310236;0.540084;0.310236;-0.0685288;-0.0639231;0.0495374;0.000527425;0.000527425;0.000527425;0.000527425;0.000527425;-0.000527425;0.000527425;-0.000527425;0.000527425;-0.000527425;0.000527425;-0.000527425;0.000527425
88200,0.4,18,37,1,-94.9952,100,36,0.408163,-0.0830043;0.215688;-0.173969;-0.192553;0.654318;-0.654318;0.0277392;0.654318;-0.654318;0.0619125;0.296718;0.0452864;-0.536966;0.420438;0.228739;-0.627927;0.327159;0.327159;0.327159;0.327159;0.327159;-0.627927;0.228739;0.420438;-0.536966;0.0452864;0.296718;0.0619125;-0.654318;0.654318;0.0277392;-0.654318;0.654318;-0.192553;-0.173969;0.215688;-0.0830043
88200,0.4,19,39,1,-94.9991,59.082,38,0.430839,-0.0627019;0.133783;-0.0748716;-0.102517;0.242292;-0.242292;0.184233;-0.0826903;-0.0888663;0.242292;-0.242292;0.196918;-0.242292;0.242292;-0.040722;-0.158048;0.165132;-0.184789;0.410094;0.410094;0.410094;-0.184789;0.165132;-0.158048;-0.040722;0.242292;-0.242292;0.196918;-0.242292;0.242292;-0.0888663;-0.0826903;0.184233;-0.242292;0.242292;-0.102517;-0.0748716;0.133783;-0.0627019
88200,0.4,20,41,1,-94.9961,50,40,0.453515,0.0147111;-0.0833456;0.105724;0.0228755;-0.185802;0.185802;-0.0654594;0.0443578;-0.069183;-0.0291483;0.185802;-0.185802;0.128019;-0.185802;0.185802;0.034643;-0.185802;0.0748114;-0.0496085;0.371603;0.371603;0.371603;-0.0496085;0.0748114;-0.185802;0.034643;0.185802;-0.185802;0.128019;-0.185802;0.185802;-0.0291483;-0.069183;0.0443578;-0.0654594;0.185802;-0.185802;0.0228755;0.105724;-0.0833456;0.0147111
88200,0.4,21,43,0,0,1e+300,0,0,0;0;0;0;0;0;0;0;0;0;0;0;0;0;0;0;0;0;0;0;0;0;0;0;0;0;0;0;0;0;0;0;0;0;0;0;0;0;0;0;0;0;0
88200,0.4,22,45,0,-12.4329,100,44,0.498866,0.00302134;-0.0373097;0.496461;0.137945;-1.61664;-0.0799465;1.63678;-0.0380838;-0.409276;-0.0380838;0.27769;0.277989;-1.06059;-0.28715;0.798536;0.277541;-0.28795;-0.286417;0.277614;0.278136;0.226949;0.105123;-0.304682;0.105123;0.226949;0.278136;0.277614;-0.286417;-0.28795;0.277541;0.798536;-0.28715;-1.06059;0.277989;0.27769;-0.0380838;-0.409276;-0.0380838;1.63678;-0.0799465;-1.61664;0.137945;0.496461;-0.0373097;0.00302134
88200,0.45,8,17,1,-94.9943,6.73828,16,0.181406,0.0117523;-0.0178935;-0.0122974;0.0400817;-0.00679446;-0.0400817;-0.0400817;0.267897;0.594836;0.267897;-0.0400817;-0.0400817;-0.00679446;0.0400817;-0.0122974;-0.0178935;0.0117523
88200,0.45,9,19,1,-94.9998,6.05469,18,0.204082,0.0140742;0.00194898;-0.0349222;0.0179718;0.0349222;-0.0233931;-0.0349222;-0.0349222;0.270852;0.57678;0.270852;-0.0349222;-0.0349222;-0.0233931;0.0349222;0.0179718;-0.0349222;0.00194898;0.0140742
88200,0.45,10,21,1,-94.9999,5.95703,20,0.226757,0.00201034;0.0138535;-0.00172865;-0.0341517;0.0169809;0.0334549;-0.0197658;-0.0341517;-0.0341517;0.271;0.573301;0.271;-0.0341517;-0.0341517;-0.0197658;0.0334549;0.0169809;-0.0341517;-0.00172865;0.0138535;0.00201034
88200,0.45,11,23,0,-83.8907,33.5935,22,0.249433,-0.0116114;0.0537923;-0.0604094;-0.0175281;0.157054;-0.17537;0.0137337;0.180077;-0.180068;-0.0589798;0.331287;0.536047;0.331287;-0.0589798;-0.180068;0.180077;0.0137337;-0.17537;0.157054;-0.0175281;-0.0604094;0.0537923;-0.0116114
88200,0.45,12,25,1,-94.9948,4.58984,24,0.272109,0.00264412;-0.0137524;0.0092098;0.0267777;-0.0267777;-0.0247295;0.0267777;0.0267777;-0.0267777;-0.0267777;-0.0267777;0.2617;0.583412;0.2617;-0.0267777;-0.0267777;-0.0267777;0.0267777;0.0267777;-0.0247295;-0.0267777;0.0267777;0.0092098;-0.0137524;0.00264412
88200,0.45,13,27,1,-94.995,50,26,0.294785,0.0313616;-0.0211509;-0.0688972;0.127554;-0.0292699;-0.137245;0.195361;-0.082042;-0.0739205;0.195361;-0.195361;-0.0278336;0.390722;0.390722;0.390722;-0.0278336;-0.195361;0.195361;-0.0739205;-0.082042;0.195361;-0.137245;-0.0292699;0.127554;-0.0688972;-0.0211509;0.0313616
88200,0.45,14,29,1,-94.996,4.49219,28,0.31746,0.00181198;0.00221761;-0.000333082;-0.0174376;0.00993077;0.0261318;-0.0261318;-0.0213926;0.0261318;0.0261318;-0.0261318;-0.0261318;-0.0261318;0.260476;0.581717;0.260476;-0.0261318;-0.0261318;-0.0261318;0.0261318;0.0261318;-0.0213926;-0.0261318;0.0261318;0.00993077;-0.0174376;-0.000333082;0.00221761;0.00181198
88200,0.45,15,31,1,-94.9947,50,30,0.340136,-0.0225632;0.0801312;-0.0658438;-0.0759271;0.221132;-0.221132;0.0507511;0.135171;-0.221132;0.219864;-0.174997;0.111897;0.0203851;-0.221132;0.442263;0.442263;0.442263;-0.221132;0.0203851;0.111897;-0.174997;0.219864;-0.221132;0.135171;0.0507511;-0.221132;0.221132;-0.0759271;-0.0658438;0.0801312;-0.0225632
88200,0.45,16,33,1,-94.9963,100,32,0.362812,0.115159;-0.204886;-0.0365761;0.496897;-0.516533;-0.0873086;0.516533;-0.251187;-0.041628;-0.206244;0.342177;0.166249;-0.516533;0.0782147;0.258267;0.258267;0.258267;0.258267;0.258267;0.0782147;-0.516533;0.166249;0.342177;-0.206244;-0.041628;-0.251187;0.516533;-0.0873086;-0.516533;0.496897;-0.0365761;-0.204886;0.115159
88200,0.45,17,35,1,-94.9953,100,34,0.385488,-0.0100672;0.0743004;-0.0724853;-0.103198;0.282405;-0.146147;-0.195085;0.282405;-0.0554807;-0.047483;-0.102583;0.0489244;0.282405;-0.282405;-0.161517;0.282405;0.282405;0.282405;0.282405;0.282405;-0.161517;-0.282405;0.282405;0.0489244;-0.102583;-0.047483;-0.0554807;0.282405;-0.195085;-0.146147;0.282405;-0.103198;-0.0724853;0.0743004;-0.0100672
88200,0.45,18,37,1,-94.993,13.4766,36,0.408163,0.0189562;-0.0246618;0.00129223;0.0225364;-0.0384404;0.0573587;-0.0573587;0.0124474;0.0573587;-0.0573587;0.0437594;-0.0573587;0.0573587;-0.0102066;0.0116189;-0.0573587;-0.0573587;0.364607;0.425618;0.364607;-0.0573587;-0.0573587;0.0116189;-0.0102066;0.0573587;-0.0573587;0.0437594;-0.0573587;0.0573587;0.0124474;-0.0573587;0.0573587;-0.0384404;0.0225364;0.00129223;-0.0246618;0.0189562
88200,0.45,19,39,1,-94.9957,62.5,38,0.430839,-0.0551172;0.140316;-0.110422;-0.0909703;0.273137;-0.273137;0.176462;-0.0756673;-0.032956;0.187404;-0.273137;0.273137;-0.273137;0.243248;-0.088613;-0.0996982;0.196761;-0.273137;0.437019;0.437019;0.437019;-0.273137;0.196761;-0.0996982;-0.088613;0.243248;-0.273137;0.273137;-0.273137;0.187404;-0.032956;-0.0756673;0.176462;-0.273137;0.273137;-0.0909703;-0.110422;0.140316;-0.0551172
88200,0.45,20,41,1,-94.9979,3.61328,40,0.453515,-0.0123027;0.00866378;0.0218168;-0.0218168;-0.00955701;0.0180202;0.0163747;-0.0218168;-0.0218168;0.0218168;0.0218168;-0.0186261;-0.0218168;0.0218168;-0.00277465;0.0218168;-0.0218168;-0.0218168;-0.0218168;0.241938;0.603795;0.241938;-0.0218168;-0.0218168;-0.0218168;0.0218168;-0.00277465;0.0218168;-0.0218168;-0.0186261;0.0218168;0.0218168;-0.0218168;-0.0218168;0.0163747;0.0180202;-0.00955701;-0.0218168;0.0218168;0.00866378;-0.0123027
88200,0.45,21,43,1,-94.9898,100,42,0.47619,0.0284239;0.0848159;-0.323126;0.219697;0.494889;-0.996081;0.281047;0.956422;-0.936695;-0.384604;0.996081;0.00593769;-0.982931;0.498041;0.498041;-0.498041;-0.234658;0.498041;-0.0691083;-0.383253;0.498041;0.498041;0.498041;-0.383253;-0.0691083;0.498041;-0.234658;-0.498041;0.498041;0.498041;-0.982931;0.00593769;0.996081;-0.384604;-0.936695;0.956422;0.281047;-0.996081;0.494889;0.219697;-0.323126;0.0848159;0.0284239
88200,0.45,22,45,0,0,1e+300,0,0,0;0;0;0;0;0;0;0;0;0;0;0;0;0;0;0;0;0;0;0;0;0;0;0;0;0;0;0;0;0;0;0;0;0;0;0;0;0;0;0;0;0;0;0;0
88200,0.45,23,47,0,0,1e+300,0,0,0;0;0;0;0;0;0;0;0;0;0;0;0;0;0;0;0;0;0;0;0;0;0;0;0;0;0;0;0;0;0;0;0;0;0;0;0;0;0;0;0;0;0;0;0;0;0
88200,0.45,24,49,1,-94.9994,13.4797,48,0.544218,-0.00128879;0.00128879;0.00128879;-0.00128879;0.00128879;0.00128879;0.00128879;-0.000846724;0.00128879;0.00128879;0.00128879;0.00128879;0.00128879;0.00128879;0.00128879;0.00128879;-0.00128879;-0.00128879;0.00128879;0.00128879;0.00128879;0.00128879;-0.0889476;0.24311;0.659861;0.24311;-0.0889476;0.00128879;0.00128879;0.00128879;0.00128879;-0.00128879;-0.00128879;0.00128879;0.00128879;0.00128879;0.00128879;0.00128879;0.00128879;0.00128879;0.00128879;-0.000846724;0.00128879;0.00128879;0.00128879;-0.00128879;0.00128879;0.00128879;-0.00128879
88200,0.45,25,51,0,0,1e+300,0,0,0;0;0;0;0;0;0;0;0;0;0;0;0;0;0;0;0;0;0;0;0;0;0;0;0;0;0;0;0;0;0;0;0;0;0;0;0;0;0;0;0;0;0;0;0;0;0;0;0;0;0
88200,0.45,26,53,0,0,1e+300,0,0,0;0;0;0;0;0;0;0;0;0;0;0;0;0;0;0;0;0;0;0;0;0;0;0;0;0;0;0;0;0;0;0;0;0;0;0;0;0;0;0;0;0;0;0;0;0;0;0;0;0;0;0;0
88200,0.45,27,55,0,0,1e+300,0,0,0;0;0;0;0;0;0;0;0;0;0;0;0;0;0;0;0;0;0;0;0;0;0;0;0;0;0;0;0;0;0;0;0;0;0;0;0;0;0;0;0;0;0;0;0;0;0;0;0;0;0;0;0;0;0
88200,0.45,28,57,0,0,1e+300,0,0,0;0;0;0;0;0;0;0;0;0;0;0;0;0;0;0;0;0;0;0;0;0;0;0;0;0;0;0;0;0;0;0;0;0;0;0;0;0;0;0;0;0;0;0;0;0;0;0;0;0;0;0;0;0;0;0;0
88200,0.5,8,17,1,-94.9938,6.64063,16,0.181406,0.0124562;-0.0178286;-0.0163016;0.039116;-0.00156247;-0.039116;-0.039116;0.267832;0.589041;0.267832;-0.039116;-0.039116;-0.00156247;0.039116;-0.0163016;-0.0178286;0.0124562
88200,0.5,9,19,1,-95,5.95703,18,0.204082,0.0137837;0.00148848;-0.0343749;0.0192492;0.0343749;-0.0248817;-0.0343749;-0.0343749;0.270587;0.577047;0.270587;-0.0343749;-0.0343749;-0.0248817;0.0343749;0.0192492;-0.0343749;0.00148848;0.0137837
88200,0.5,10,21,1,-94.9995,5.76172,20,0.226757,0.00314986;0.0130266;-0.00385775;-0.0330034;0.0172468;0.0330034;-0.0199338;-0.0330034;-0.0330034;0.269972;0.572806;0.269972;-0.0330034;-0.0330034;-0.0199338;0.0330034;0.0172468;-0.0330034;-0.00385775;0.0130266;0.00314986
88200,0.5,11,23,1,-94.9966,100,22,0.249433,-0.0578554;0.114439;0.0382485;-0.33646;0.398674;0.0619851;-0.626005;0.626005;-0.0328428;-0.480852;0.529776;0.529776;0.529776;-0.480852;-0.0328428;0.626005;-0.626005;0.0619851;0.398674;-0.33646;0.0382485;0.114439;-0.0578554
88200,0.5,12,25,1,-95,4.6875,24,0.272109,-0.00405927;-0.016095;0.0226518;0.0203511;-0.027503;-0.00643047;0.020552;0.027503;-0.027503;-0.027503;-0.027503;0.252174;0.58673;0.252174;-0.027503;-0.027503;-0.027503;0.027503;0.020552;-0.00643047;-0.027503;0.0203511;0.0226518;-0.016095;-0.00405927
88200,0.5,13,27,1,-94.9934,50,26,0.294785,-0.0116391;0.062231;-0.036306;-0.118415;0.226716;-0.0369914;-0.257443;0.257443;0.0411925;-0.194823;0.0300323;0.0231174;0.257443;0.514886;0.257443;0.0231174;0.0300323;-0.194823;0.0411925;0.257443;-0.257443;-0.0369914;0.226716;-0.118415;-0.036306;0.062231;-0.0116391
88200,0.5,14,29,1,-94.9979,100,28,0.31746,0.0692028;-0.104151;-0.0373026;0.311682;-0.36791;-0.0349549;0.573566;-0.586144;-0.04359;0.586144;-0.383578;-0.215645;0.293072;0.293072;0.293072;0.293072;0.293072;-0.215645;-0.383578;0.586144;-0.04359;-0.586144;0.573566;-0.0349549;-0.36791;0.311682;-0.0373026;-0.104151;0.0692028
88200,0.5,15,31,1,-94.9935,50,30,0.340136,-0.0482892;0.0610781;0.0552504;-0.1719;0.122966;0.067223;-0.1719;0.143846;-0.0518294;-0.0717643;0.1719;-0.0619697;-0.1719;0.111589;0.3438;0.3438;0.3438;0.111589;-0.1719;-0.0619697;0.1719;-0.0717643;-0.0518294;0.143846;-0.1719;0.067223;0.122966;-0.1719;0.0552504;0.0610781;-0.0482892
88200,0.5,16,33,1,-94.9996,50,32,0.362812,-0.0451063;0.0762886;0.0227123;-0.184836;0.204038;-0.000105749;-0.204038;0.204038;-0.0673685;0.00928277;-0.0175887;-0.0587016;0.204038;-0.204038;-0.0507296;0.408076;0.408076;0.408076;-0.0507296;-0.204038;0.204038;-0.0587016;-0.0175887;0.00928277;-0.0673685;0.204038;-0.204038;-0.000105749;0.204038;-0.184836;0.0227123;0.0762886;-0.0451063
88200,0.5,17,35,0,0,1e+300,0,0,0;0;0;0;0;0;0;0;0;0;0;0;0;0;0;0;0;0;0;0;0;0;0;0;0;0;0;0;0;0;0;0;0;0;0
88200,0.5,18,37,0,0,1e+300,0,0,0;0;0;0;0;0;0;0;0;0;0;0;0;0;0;0;0;0;0;0;0;0;0;0;0;0;0;0;0;0;0;0;0;0;0;0;0
88200,0.5,19,39,0,0,1e+300,0,0,0;0;0;0;0;0;0;0;0;0;0;0;0;0;0;0;0;0;0;0;0;0;0;0;0;0;0;0;0;0;0;0;0;0;0;0;0;0;0
88200,0.5,20,41,1,-94.9996,3.61328,40,0.453515,-0.012161;0.014062;0.0111684;-0.0218083;0.00744352;0.00062086;0.0168315;-0.0145291;-0.0218083;0.0218083;0.00889683;-0.0012981;-0.0218083;0.00860327;0.00327692;0.0218083;-0.0218083;-0.0218083;-0.0218083;0.242538;0.603559;0.242538;-0.0218083;-0.0218083;-0.0218083;0.0218083;0.00327692;0.00860327;-0.0218083;-0.0012981;0.00889683;0.0218083;-0.0218083;-0.0145291;0.0168315;0.00062086;0.00744352;-0.0218083;0.0111684;0.014062;-0.012161
88200,0.5,21,43,0,0,1e+300,0,0,0;0;0;0;0;0;0;0;0;0;0;0;0;0;0;0;0;0;0;0;0;0;0;0;0;0;0;0;0;0;0;0;0;0;0;0;0;0;0;0;0;0;0
88200,0.5,22,45,1,-94.9969,8.98438,44,0.498866,0.0273808;-0.0425883;0.00236018;0.0427715;-0.0427715;0.0366969;-0.0427715;0.0427715;0.000910766;-0.0395196;0.0427715;-0.0385704;0.0427715;-0.0286412;0.0310465;-0.0427715;0.0244109;0.0427715;-0.0313659;-0.0427715;-0.0427715;0.319847;0.476065;0.319847;-0.0427715;-0.0427715;-0.0313659;0.0427715;0.0244109;-0.0427715;0.0310465;-0.0286412;0.0427715;-0.0385704;0.0427715;-0.0395196;0.000910766;0.0427715;-0.0427715;0.0366969;-0.0427715;0.0427715;0.00236018;-0.0425883;0.0273808
88200,0.5,23,47,0,0,1e+300,0,0,0;0;0;0;0;0;0;0;0;0;0;0;0;0;0;0;0;0;0;0;0;0;0;0;0;0;0;0;0;0;0;0;0;0;0;0;0;0;0;0;0;0;0;0;0;0;0
88200,0.5,24,49,0,0,1e+300,0,0,0;0;0;0;0;0;0;0;0;0;0;0;0;0;0;0;0;0;0;0;0;0;0;0;0;0;0;0;0;0;0;0;0;0;0;0;0;0;0;0;0;0;0;0;0;0;0;0;0
88200,0.5,25,51,1,-94.9964,100,50,0.566893,0.121584;-0.216846;-0.00649089;0.413102;-0.413102;-0.0340327;0.212088;0.054608;-0.0318775;-0.413102;0.413102;0.143333;-0.253593;-0.197016;0.157491;0.413102;-0.413102;-0.13707;0.185736;0.120643;0.108841;-0.413102;-0.0372241;0.413102;0.206551;0.206551;0.206551;0.413102;-0.0372241;-0.413102;0.108841;0.120643;0.185736;-0.13707;-0.413102;0.413102;0.157491;-0.197016;-0.253593;0.143333;0.413102;-0.413102;-0.0318775;0.054608;0.212088;-0.0340327;-0.413102;0.413102;-0.00649089;-0.216846;0.121584
88200,0.5,26,53,0,0,1e+300,0,0,0;0;0;0;0;0;0;0;0;0;0;0;0;0;0;0;0;0;0;0;0;0;0;0;0;0;0;0;0;0;0;0;0;0;0;0;0;0;0;0;0;0;0;0;0;0;0;0;0;0;0;0;0
88200,0.5,27,55,0,0,1e+300,0,0,0;0;0;0;0;0;0;0;0;0;0;0;0;0;0;0;0;0;0;0;0;0;0;0;0;0;0;0;0;0;0;0;0;0;0;0;0;0;0;0;0;0;0;0;0;0;0;0;0;0;0;0;0;0;0
88200,0.5,28,57,0,0,1e+300,0,0,0;0;0;0;0;0;0;0;0;0;0;0;0;0;0;0;0;0;0;0;0;0;0;0;0;0;0;0;0;0;0;0;0;0;0;0;0;0;0;0;0;0;0;0;0;0;0;0;0;0;0;0;0;0;0;0;0
96000,0.05,8,17,1,-94.9915,48.148,16,0.166667,0.00631644;0.00458169;-0.0460338;0.0453746;0.0764352;-0.185758;0.0203747;0.385806;0.385806;0.385806;0.0203747;-0.185758;0.0764352;0.0453746;-0.0460338;0.00458169;0.00631644
96000,0.05,9,19,1,-94.9953,14.9414,18,0.1875,0.000905658;-0.0060552;0.0163378;-0.0165993;-0.0198889;0.0814755;-0.0777368;-0.0814755;0.330387;0.5453;0.330387;-0.0814755;-0.0777368;0.0814755;-0.0198889;-0.0165993;0.0163378;-0.0060552;0.000905658
96000,0.05,10,21,1,-94.9985,6.34766,20,0.208333,-0.00594682;0.0120123;0.00813314;-0.0368848;0.0170075;0.0368848;-0.0228522;-0.0368848;-0.0368848;0.274877;0.581077;0.274877;-0.0368848;-0.0368848;-0.0228522;0.0368848;0.0170075;-0.0368848;0.00813314;0.0120123;-0.00594682
96000,0.05,11,23,1,-94.9996,6.05469,22,0.229167,-0.00179301;-0.00419518;0.0136669;0.00401565;-0.0352465;0.0196533;0.0352465;-0.0252906;-0.0352465;-0.0352465;0.273368;0.582135;0.273368;-0.0352465;-0.0352465;-0.0252906;0.0352465;0.0196533;-0.0352465;0.00401565;0.0136669;-0.00419518;-0.00179301
96000,0.05,12,25,1,-94.9924,4.98047,24,0.25,0.00543483;-0.0150425;0.00434542;0.0276898;-0.0257492;-0.0208082;0.0294244;0.0238008;-0.0294244;-0.0294244;-0.0294244;0.26378;0.590796;0.26378;-0.0294244;-0.0294244;-0.0294244;0.0238008;0.0294244;-0.0208082;-0.0257492;0.0276898;0.00434542;-0.0150425;0.00543483
96000,0.05,13,27,1,-94.9965,4.6875,26,0.270833,0.00686347;-0.00536356;-0.0174765;0.0281048;0.00269896;-0.0281048;0.00320538;0.0117934;0.0261686;-0.0281048;-0.0281048;-0.0281048;0.25664;0.599568;0.25664;-0.0281048;-0.0281048;-0.0281048;0.0261686;0.0117934;0.00320538;-0.0281048;0.00269896;0.0281048;-0.0174765;-0.00536356;0.00686347
96000,0.05,14,29,1,-94.9976,100,28,0.291667,0.00685293;-0.0261586;0.0100934;0.0877337;-0.147465;-0.0226235;0.316475;-0.298432;-0.158262;0.509476;-0.236397;-0.305805;0.305805;0.305805;0.305805;0.305805;0.305805;-0.305805;-0.236397;0.509476;-0.158262;-0.298432;0.316475;-0.0226235;-0.147465;0.0877337;0.0100934;-0.0261586;0.00685293
96000,0.05,15,31,1,-94.9952,4.58984,30,0.3125,-0.00161291;0.00176233;0.00667629;-0.00758358;-0.015017;0.0277282;0.00139638;-0.0277282;0.0046426;0.00922155;0.0277282;-0.0277282;-0.0277282;-0.0277282;0.25391;0.604121;0.25391;-0.0277282;-0.0277282;-0.0277282;0.0277282;0.00922155;0.0046426;-0.0277282;0.00139638;0.0277282;-0.015017;-0.00758358;0.00667629;0.00176233;-0.00161291
96000,0.05,16,33,1,-94.9977,16.2109,32,0.333333,0.00294757;-0.0203057;0.0315025;0.0081239;-0.0703563;0.0703563;-0.0065083;-0.0237585;0.00919527;-0.0277838;0.0703563;-0.0703563;0.0662212;-0.0703563;-0.0703563;0.384076;0.434005;0.384076;-0.0703563;-0.0703563;0.0662212;-0.0703563;0.0703563;-0.0277838;0.00919527;-0.0237585;-0.0065083;0.0703563;-0.0703563;0.0081239;0.0315025;-0.0203057;0.00294757
96000,0.05,17,35,1,-94.996,6.25,34,0.354167,-0.0056;0.0121619;-0.00956673;-0.00861703;0.0345239;-0.0345239;4.94619e-05;0.0259127;-0.0113246;0.00434543;-0.0345239;0.0345239;0.0214253;-0.0254656;-0.0345239;-0.0345239;0.289536;0.552382;0.289536;-0.0345239;-0.0345239;-0.0254656;0.0214253;0.0345239;-0.0345239;0.00434543;-0.0113246;0.0259127;4.94619e-05;-0.0345239;0.0345239;-0.00861703;-0.00956673;0.0121619;-0.0056
96000,0.05,18,37,1,-94.9969,4.10156,36,0.375,0.0043207;0.000488623;-0.015586;0.007978;0.0241808;-0.0241808;-0.0181969;0.0227771;0.0227615;-0.0241808;-0.0241808;0.0241808;0.0102916;0.00933986;-0.0241808;-0.0241808;-0.0241808;0.257774;0.58955;0.257774;-0.0241808;-0.0241808;-0.0241808;0.00933986;0.0102916;0.0241808;-0.0241808;-0.0241808;0.0227615;0.0227771;-0.0181969;-0.0241808;0.0241808;0.007978;-0.015586;0.000488623;0.0043207
96000,0.05,19,39,1,-94.9994,4.29688,38,0.395833,0.00509887;-0.0100658;0.00641808;0.00817373;-0.0265079;0.0265079;0.00204288;-0.0265079;0.00877416;0.0202571;-0.00435683;-0.0265079;0.0133345;0.00269883;0.0265079;-0.0265079;-0.0265079;-0.0265079;0.245201;0.616911;0.245201;-0.0265079;-0.0265079;-0.0265079;0.0265079;0.00269883;0.0133345;-0.0265079;-0.00435683;0.0202571;0.00877416;-0.0265079;0.00204288;0.0265079;-0.0265079;0.00817373;0.00641808;-0.0100658;0.00509887
96000,0.05,20,41,1,-94.9973,6.25,40,0.416667,0.00977094;-0.0152842;-0.00521185;0.0390431;-0.0390431;-0.00150411;0.0289316;-0.0185104;0.0150213;-0.0390431;0.0390431;0.00694806;-0.0390431;0.0272858;-0.0237464;0.0390431;-0.00902849;-0.0390431;-0.0390431;0.251069;0.624689;0.251069;-0.0390431;-0.0390431;-0.00902849;0.0390431;-0.0237464;0.0272858;-0.0390431;0.00694806;0.0390431;-0.0390431;0.0150213;-0.0185104;0.0289316;-0.00150411;-0.0390431;0.0390431;-0.00521185;-0.0152842;0.00977094
96000,0.05,21,43,0,0,1e+300,0,0,0;0;0;0;0;0;0;0;0;0;0;0;0;0;0;0;0;0;0;0;0;0;0;0;0;0;0;0;0;0;0;0;0;0;0;0;0;0;0;0;0;0;0
96000,0.05,22,45,0,-24.6879,37.7315,44,0.458333,0.00934498;-0.0175384;0.004879;0.0370621;-0.0344116;-0.0139587;0.0370621;0.0106023;-0.0344116;-0.00297423;0.0370621;-0.00573655;-0.0249638;0.0183861;-0.0121266;-0.0344116;0.0024659;0.0370621;0.0370621;-0.146438;0.0194114;0.382518;0.388107;0.382518;0.0194114;-0.146438;0.0370621;0.0370621;0.0024659;-0.0344116;-0.0121266;0.0183861;-0.0249638;-0.00573655;0.0370621;-0.00297423;-0.0344116;0.0106023;0.0370621;-0.0139587;-0.0344116;0.0370621;0.004879;-0.0175384;0.00934498
96000,0.05,23,47,0,0,1e+300,0,0,0;0;0;0;0;0;0;0;0;0;0;0;0;0;0;0;0;0;0;0;0;0;0;0;0;0;0;0;0;0;0;0;0;0;0;0;0;0;0;0;0;0;0;0;0;0;0
96000,0.05,24,49,0,0,1e+300,0,0,0;0;0;0;0;0;0;0;0;0;0;0;0;0;0;0;0;0;0;0;0;0;0;0;0;0;0;0;0;0;0;0;0;0;0;0;0;0;0;0;0;0;0;0;0;0;0;0;0
96000,0.05,25,51,0,0,1e+300,0,0,0;0;0;0;0;0;0;0;0;0;0;0;0;0;0;0;0;0;0;0;0;0;0;0;0;0;0;0;0;0;0;0;0;0;0;0;0;0;0;0;0;0;0;0;0;0;0;0;0;0;0
96000,0.05,26,53,0,0,1e+300,0,0,0;0;0;0;0;0;0;0;0;0;0;0;0;0;0;0;0;0;0;0;0;0;0;0;0;0;0;0;0;0;0;0;0;0;0;0;0;0;0;0;0;0;0;0;0;0;0;0;0;0;0;0;0
96000,0.1,8,17,1,-94.9905,6.64063,16,0.166667,0.00875718;-0.0184823;-0.00499828;0.0396384;-0.0125696;-0.0396384;-0.0396384;0.268478;0.596907;0.268478;-0.0396384;-0.0396384;-0.0125696;0.0396384;-0.00499828;-0.0184823;0.00875718
96000,0.1,9,19,1,-94.9984,6.05469,18,0.1875,0.00771692;0.00371055;-0.0274357;0.0126873;0.0357034;-0.0255398;-0.032437;-0.0357034;0.266457;0.589682;0.266457;-0.0357034;-0.032437;-0.0255398;0.0357034;0.0126873;-0.0274357;0.00371055;0.00771692
96000,0.1,10,21,1,-94.9967,5.76172,20,0.208333,-0.00218579;0.0120142;0.0026043;-0.0333854;0.0211726;0.0333854;-0.0279273;-0.0333854;-0.0333854;0.271376;0.579434;0.271376;-0.0333854;-0.0333854;-0.0279273;0.0333854;0.0211726;-0.0333854;0.0026043;0.0120142;-0.00218579
96000,0.1,11,23,1,-94.9878,30.3711,22,0.229167,-0.0101756;0.010843;0.0256142;-0.0586503;0.0368413;0.0245935;-0.075932;0.125705;-0.125705;-0.0594404;0.399358;0.413897;0.399358;-0.0594404;-0.125705;0.125705;-0.075932;0.0245935;0.0368413;-0.0586503;0.0256142;0.010843;-0.0101756
96000,0.1,12,25,1,-94.9999,4.78516,24,0.25,0.00112928;-0.0125787;0.0120461;0.0188286;-0.0280305;-0.010327;0.0280305;0.0190956;-0.0280305;-0.0280305;-0.0280305;0.263007;0.58578;0.263007;-0.0280305;-0.0280305;-0.0280305;0.0190956;0.0280305;-0.010327;-0.0280305;0.0188286;0.0120461;-0.0125787;0.00112928
96000,0.1,13,27,1,-94.993,4.49219,26,0.270833,0.00425569;-0.00411064;-0.0152663;0.0272649;-0.000231548;-0.0272649;0.00921807;0.00517335;0.0272649;-0.0272649;-0.0272649;-0.0272649;0.252021;0.60694;0.252021;-0.0272649;-0.0272649;-0.0272649;0.0272649;0.00517335;0.00921807;-0.0272649;-0.000231548;0.0272649;-0.0152663;-0.00411064;0.00425569
96000,0.1,14,29,1,-94.9943,5.85938,28,0.291667,-0.00634156;0.00958235;0.0113805;-0.0344416;0.0168466;0.0344416;-0.0344416;-0.0193598;0.0248843;0.0344416;-0.0344416;-0.0344416;-0.0217835;0.259773;0.587803;0.259773;-0.0217835;-0.0344416;-0.0344416;0.0344416;0.0248843;-0.0193598;-0.0344416;0.0344416;0.0168466;-0.0344416;0.0113805;0.00958235;-0.00634156
96000,0.1,15,31,1,-94.9951,4.39453,28,0.291667,-0.000291557;0.00188136;0.00326264;-0.00682971;-0.0108753;0.0264561;-0.00329074;-0.0264561;0.00884939;0.00685332;0.0264561;-0.0264561;-0.0264561;-0.0264561;0.252341;0.602023;0.252341;-0.0264561;-0.0264561;-0.0264561;0.0264561;0.00685332;0.00884939;-0.0264561;-0.00329074;0.0264561;-0.0108753;-0.00682971;0.00326264;0.00188136;-0.000291557
96000,0.1,16,33,0,0,1e+300,0,0,0;0;0;0;0;0;0;0;0;0;0;0;0;0;0;0;0;0;0;0;0;0;0;0;0;0;0;0;0;0;0;0;0
96000,0.1,17,35,0,0,1e+300,0,0,0;0;0;0;0;0;0;0;0;0;0;0;0;0;0;0;0;0;0;0;0;0;0;0;0;0;0;0;0;0;0;0;0;0;0
96000,0.1,18,37,0,0,1e+300,0,0,0;0;0;0;0;0;0;0;0;0;0;0;0;0;0;0;0;0;0;0;0;0;0;0;0;0;0;0;0;0;0;0;0;0;0;0;0
96000,0.1,19,39,1,-94.9972,6.25,38,0.395833,0.0137906;-0.0179543;-0.00569327;0.0362195;-0.0362195;0.0118346;0.00622645;-0.0141591;0.0243769;-0.0362195;0.0362195;-0.00737441;-0.0362195;0.0362195;0.0110456;-0.012098;-0.0362195;-0.0362195;0.272688;0.579511;0.272688;-0.0362195;-0.0362195;-0.012098;0.0110456;0.0362195;-0.0362195;-0.00737441;0.0362195;-0.0362195;0.0243769;-0.0141591;0.00622645;0.0118346;-0.0362195;0.0362195;-0.00569327;-0.0179543;0.0137906
96000,0.1,20,41,1,-94.9935,50,40,0.416667,-0.0164288;0.0684111;-0.0743152;-0.05047;0.216434;-0.216434;0.0320261;0.146323;-0.216434;0.216434;-0.117314;-0.0970338;0.216434;-0.065138;-0.126072;0.0314783;0.216434;-0.216434;-0.0972012;0.432867;0.432867;0.432867;-0.0972012;-0.216434;0.216434;0.0314783;-0.126072;-0.065138;0.216434;-0.0970338;-0.117314;0.216434;-0.216434;0.146323;0.0320261;-0.216434;0.216434;-0.05047;-0.0743152;0.0684111;-0.0164288
96000,0.1,21,43,0,0,1e+300,0,0,0;0;0;0;0;0;0;0;0;0;0;0;0;0;0;0;0;0;0;0;0;0;0;0;0;0;0;0;0;0;0;0;0;0;0;0;0;0;0;0;0;0;0
96000,0.1,22,45,0,0,1e+300,0,0,0;0;0;0;0;0;0;0;0;0;0;0;0;0;0;0;0;0;0;0;0;0;0;0;0;0;0;0;0;0;0;0;0;0;0;0;0;0;0;0;0;0;0;0;0
96000,0.1,23,47,0,0,1e+300,0,0,0;0;0;0;0;0;0;0;0;0;0;0;0;0;0;0;0;0;0;0;0;0;0;0;0;0;0;0;0;0;0;0;0;0;0;0;0;0;0;0;0;0;0;0;0;0;0
96000,0.15,8,17,1,-94.9905,6.44531,16,0.166667,0.00823258;-0.0182397;-0.00289866;0.0384943;-0.0154577;-0.0376093;-0.0384943;0.26735;0.597245;0.26735;-0.0384943;-0.0376093;-0.0154577;0.0384943;-0.00289866;-0.0182397;0.00823258
96000,0.15,9,19,1,-94.9999,5.37109,18,0.1875,0.0118166;-0.00117922;-0.0309475;0.024977;0.0309475;-0.0309475;-0.0309475;-0.0309475;0.269135;0.576185;0.269135;-0.0309475;-0.0309475;-0.0309475;0.0309475;0.024977;-0.0309475;-0.00117922;0.0118166
96000,0.15,10,21,1,-94.9974,5.27344,18,0.1875,0.000307834;0.0110281;-0.00212531;-0.0304587;0.0239372;0.0304587;-0.0304587;-0.0304587;-0.0304587;0.269435;0.577586;0.269435;-0.0304587;-0.0304587;-0.0304587;0.0304587;0.0239372;-0.0304587;-0.00212531;0.0110281;0.000307834
96000,0.15,11,23,1,-94.995,25,22,0.229167,-0.0211719;0.0339537;0.024493;-0.101086;0.0804868;0.0407674;-0.128214;0.128214;-0.0583612;-0.108272;0.352762;0.512855;0.352762;-0.108272;-0.0583612;0.128214;-0.128214;0.0407674;0.0804868;-0.101086;0.024493;0.0339537;-0.0211719
96000,0.15,12,25,1,-94.9916,4.49219,24,0.25,-0.00243005;-0.0101161;0.0212833;0.00489348;-0.0267256;0.00518162;0.0138603;0.0219662;-0.0267256;-0.0267256;-0.0267256;0.254796;0.594936;0.254796;-0.0267256;-0.0267256;-0.0267256;0.0219662;0.0138603;0.00518162;-0.0267256;0.00489348;0.0212833;-0.0101161;-0.00243005
96000,0.15,13,27,1,-94.9901,4.39453,26,0.270833,0.00452967;-0.00514398;-0.0132209;0.0261822;-0.0013384;-0.0261822;0.00528942;0.00961773;0.0261822;-0.0261822;-0.0261822;-0.0261822;0.254736;0.59579;0.254736;-0.0261822;-0.0261822;-0.0261822;0.0261822;0.00961773;0.00528942;-0.0261822;-0.0013384;0.0261822;-0.0132209;-0.00514398;0.00452967
96000,0.15,14,29,1,-94.9998,5.07813,28,0.291667,0.0128213;-0.0026204;-0.0283393;0.0283393;0.0125399;-0.0283393;0.00933471;-0.0140618;0.0212934;0.0184534;-0.0283393;-0.0283393;-0.0283393;0.276564;0.558066;0.276564;-0.0283393;-0.0283393;-0.0283393;0.0184534;0.0212934;-0.0140618;0.00933471;-0.0283393;0.0125399;0.0283393;-0.0283393;-0.0026204;0.0128213
96000,0.15,15,31,1,-94.9952,4.19922,30,0.3125,0.00328689;0.001485;-0.00276801;-0.0037829;-0.00832435;0.0254183;-0.00807001;-0.0254183;0.0175923;0.000483523;0.0254183;-0.0254183;-0.0254183;-0.0254183;0.248279;0.605311;0.248279;-0.0254183;-0.0254183;-0.0254183;0.0254183;0.000483523;0.0175923;-0.0254183;-0.00807001;0.0254183;-0.00832435;-0.0037829;-0.00276801;0.001485;0.00328689
96000,0.15,16,33,1,-94.9991,100,32,0.333333,0.0382619;-0.166087;0.195127;0.18624;-0.726781;0.603107;0.356563;-1.02748;0.51374;0.430788;-0.51374;-0.172512;0.51374;-0.117792;-0.383786;0.51374;0.51374;0.51374;-0.383786;-0.117792;0.51374;-0.172512;-0.51374;0.430788;0.51374;-1.02748;0.356563;0.603107;-0.726781;0.18624;0.195127;-0.166087;0.0382619
96000,0.15,17,35,0,0,1e+300,0,0,0;0;0;0;0;0;0;0;0;0;0;0;0;0;0;0;0;0;0;0;0;0;0;0;0;0;0;0;0;0;0;0;0;0;0
96000,0.15,18,37,1,-94.9944,3.80859,36,0.375,0.000876729;0.00154707;-0.0100704;0.00368299;0.0226005;-0.0226005;-0.0144906;0.0226005;0.0167482;-0.0208949;-0.0226005;0.0226005;0.00543802;0.0129481;-0.0226005;-0.0226005;-0.0226005;0.252712;0.593407;0.252712;-0.0226005;-0.0226005;-0.0226005;0.0129481;0.00543802;0.0226005;-0.0226005;-0.0208949;0.0167482;0.0226005;-0.0144906;-0.0226005;0.0226005;0.00368299;-0.0100704;0.00154707;0.000876729
96000,0.15,19,39,0,0,1e+300,0,0,0;0;0;0;0;0;0;0;0;0;0;0;0;0;0;0;0;0;0;0;0;0;0;0;0;0;0;0;0;0;0;0;0;0;0;0;0;0;0
96000,0.15,20,41,1,-94.9966,3.61328,40,0.416667,-0.00147019;0.0116148;-0.0144399;-0.00525065;0.0226015;-0.0226015;0.0185065;-0.009889;-0.0128145;0.0226015;-0.000904755;-0.0036524;-0.0226015;0.0226015;-0.0064299;0.0226015;-0.0226015;-0.0226015;-0.0226015;0.234575;0.625513;0.234575;-0.0226015;-0.0226015;-0.0226015;0.0226015;-0.0064299;0.0226015;-0.0226015;-0.0036524;-0.000904755;0.0226015;-0.0128145;-0.009889;0.0185065;-0.0226015;0.0226015;-0.00525065;-0.0144399;0.0116148;-0.00147019
96000,0.15,21,43,0,0,1e+300,0,0,0;0;0;0;0;0;0;0;0;0;0;0;0;0;0;0;0;0;0;0;0;0;0;0;0;0;0;0;0;0;0;0;0;0;0;0;0;0;0;0;0;0;0
96000,0.15,22,45,1,-94.9978,100,44,0.458333,-0.0502362;0.105648;0.0228288;-0.306945;0.357646;0.00616653;-0.357646;0.357646;-0.25477;0.233329;-0.0146214;-0.357646;0.357646;-0.0158723;0.00640544;-0.357646;0.344555;0.138798;-0.357646;0.0888722;0.0170207;0.357646;0.357646;0.357646;0.0170207;0.0888722;-0.357646;0.138798;0.344555;-0.357646;0.00640544;-0.0158723;0.357646;-0.357646;-0.0146214;0.233329;-0.25477;0.357646;-0.357646;0.00616653;0.357646;-0.306945;0.0228288;0.105648;-0.0502362
96000,0.15,23,47,0,0,1e+300,0,0,0;0;0;0;0;0;0;0;0;0;0;0;0;0;0;0;0;0;0;0;0;0;0;0;0;0;0;0;0;0;0;0;0;0;0;0;0;0;0;0;0;0;0;0;0;0;0
96000,0.15,24,49,0,0,1e+300,0,0,0;0;0;0;0;0;0;0;0;0;0;0;0;0;0;0;0;0;0;0;0;0;0;0;0;0;0;0;0;0;0;0;0;0;0;0;0;0;0;0;0;0;0;0;0;0;0;0;0
96000,0.15,25,51,0,0,1e+300,0,0,0;0;0;0;0;0;0;0;0;0;0;0;0;0;0;0;0;0;0;0;0;0;0;0;0;0;0;0;0;0;0;0;0;0;0;0;0;0;0;0;0;0;0;0;0;0;0;0;0;0;0
96000,0.15,26,53,0,0,1e+300,0,0,0;0;0;0;0;0;0;0;0;0;0;0;0;0;0;0;0;0;0;0;0;0;0;0;0;0;0;0;0;0;0;0;0;0;0;0;0;0;0;0;0;0;0;0;0;0;0;0;0;0;0;0;0
96000,0.15,27,55,0,0,1e+300,0,0,0;0;0;0;0;0;0;0;0;0;0;0;0;0;0;0;0;0;0;0;0;0;0;0;0;0;0;0;0;0;0;0;0;0;0;0;0;0;0;0;0;0;0;0;0;0;0;0;0;0;0;0;0;0;0
96000,0.15,28,57,0,0,1e+300,0,0,0;0;0;0;0;0;0;0;0;0;0;0;0;0;0;0;0;0;0;0;0;0;0;0;0;0;0;0;0;0;0;0;0;0;0;0;0;0;0;0;0;0;0;0;0;0;0;0;0;0;0;0;0;0;0;0;0
96000,0.2,8,17,1,-94.9906,6.25,16,0.166667,0.0074896;-0.0180319;-0.000843455;0.0372923;-0.0176877;-0.0357783;-0.0372923;0.266513;0.596676;0.266513;-0.0372923;-0.0357783;-0.0176877;0.0372923;-0.000843455;-0.0180319;0.0074896
96000,0.2,9,19,1,-94.9998,5.07813,18,0.1875,0.00920504;-0.00359054;-0.0292558;0.0240496;0.0292558;-0.0292558;-0.0292558;-0.0292558;0.270046;0.576114;0.270046;-0.0292558;-0.0292558;-0.0292558;0.0292558;0.0240496;-0.0292558;-0.00359054;0.00920504
96000,0.2,10,21,1,-94.9992,5.07813,20,0.208333,0.000700415;0.00981313;-0.00366942;-0.0292464;0.0234928;0.0292464;-0.0292464;-0.0292464;-0.0292464;0.269438;0.575929;0.269438;-0.0292464;-0.0292464;-0.0292464;0.0292464;0.0234928;-0.0292464;-0.00366942;0.00981313;0.000700415
96000,0.2,11,23,1,-94.9942,30.4688,22,0.229167,-0.0189511;0.0244417;0.0427352;-0.102883;0.0510733;0.0698767;-0.12183;0.12183;-0.102875;-0.0631955;0.399851;0.399851;0.399851;-0.0631955;-0.102875;0.12183;-0.12183;0.0698767;0.0510733;-0.102883;0.0427352;0.0244417;-0.0189511
96000,0.2,12,25,1,-94.9992,4.29688,24,0.25,-0.00468226;-0.007195;0.0256115;-0.0036037;-0.0256115;0.0119035;0.00788402;0.0214771;-0.0256115;-0.0256115;-0.0256115;0.253026;0.596049;0.253026;-0.0256115;-0.0256115;-0.0256115;0.0214771;0.00788402;0.0119035;-0.0256115;-0.0036037;0.0256115;-0.007195;-0.00468226
96000,0.2,13,27,1,-94.9999,4.29688,26,0.270833,0.00407078;-0.00505007;-0.0115062;0.0254907;-0.00303952;-0.0254907;0.00574892;0.009413;0.0254907;-0.0254907;-0.0254907;-0.0254907;0.254725;0.593239;0.254725;-0.0254907;-0.0254907;-0.0254907;0.0254907;0.009413;0.00574892;-0.0254907;-0.00303952;0.0254907;-0.0115062;-0.00505007;0.00407078
96000,0.2,14,29,1,-94.9999,100,28,0.291667,0.0386253;-0.143406;0.146297;0.169215;-0.554603;0.47406;0.101615;-0.554603;0.554603;-0.360999;0.156613;0.151317;-0.450356;0.514414;0.514414;0.514414;-0.450356;0.151317;0.156613;-0.360999;0.554603;-0.554603;0.101615;0.47406;-0.554603;0.169215;0.146297;-0.143406;0.0386253
96000,0.2,15,31,1,-94.9951,4.10156,30,0.3125,0.000885762;0.0123956;-0.00674917;-0.0231318;0.0169503;0.0233002;-0.0210205;-0.0233002;0.0154575;0.0233002;0.0018577;-0.0233002;-0.0233002;-0.0233002;0.265914;0.568082;0.265914;-0.0233002;-0.0233002;-0.0233002;0.0018577;0.0233002;0.0154575;-0.0233002;-0.0210205;0.0233002;0.0169503;-0.0231318;-0.00674917;0.0123956;0.000885762
96000,0.2,16,33,0,0,1e+300,0,0,0;0;0;0;0;0;0;0;0;0;0;0;0;0;0;0;0;0;0;0;0;0;0;0;0;0;0;0;0;0;0;0;0
96000,0.2,17,35,1,-94.9963,3.71094,34,0.354167,0.00216278;-0.00853313;0.00233098;0.0220315;-0.0220315;-0.0131794;0.0220315;0.0149048;-0.0198719;-0.0220315;0.0220315;0.0040302;0.0145648;-0.0220315;-0.0220315;-0.0220315;0.250809;0.59369;0.250809;-0.0220315;-0.0220315;-0.0220315;0.0145648;0.0040302;0.0220315;-0.0220315;-0.0198719;0.0149048;0.0220315;-0.0131794;-0.0220315;0.0220315;0.00233098;-0.00853313;0.00216278
96000,0.2,18,37,1,-94.9946,3.71094,34,0.354167,1.72902e-05;0.00211869;-0.00856028;0.00240097;0.0220286;-0.0220286;-0.0132012;0.0220286;0.014944;-0.0198945;-0.0220286;0.0220286;0.004056;0.0145149;-0.0220286;-0.0220286;-0.0220286;0.250856;0.593611;0.250856;-0.0220286;-0.0220286;-0.0220286;0.0145149;0.004056;0.0220286;-0.0220286;-0.0198945;0.014944;0.0220286;-0.0132012;-0.0220286;0.0220286;0.00240097;-0.00856028;0.00211869;1.72902e-05
96000,0.2,19,39,0,0,1e+300,0,0,0;0;0;0;0;0;0;0;0;0;0;0;0;0;0;0;0;0;0;0;0;0;0;0;0;0;0;0;0;0;0;0;0;0;0;0;0;0;0
96000,0.2,20,41,1,-94.9975,3.41797,40,0.416667,-0.00380316;0.0125339;-0.00535214;-0.0207447;0.0207447;0.00573219;-0.0031694;-0.0207447;0.0087402;0.0207447;-0.00981434;-0.00298068;-0.0207447;0.0207447;0.00142694;0.0130429;-0.0207447;-0.0207447;-0.0207447;0.242412;0.606932;0.242412;-0.0207447;-0.0207447;-0.0207447;0.0130429;0.00142694;0.0207447;-0.0207447;-0.00298068;-0.00981434;0.0207447;0.0087402;-0.0207447;-0.0031694;0.00573219;0.0207447;-0.0207447;-0.00535214;0.0125339;-0.00380316
96000,0.2,21,43,0,0,1e+300,0,0,0;0;0;0;0;0;0;0;0;0;0;0;0;0;0;0;0;0;0;0;0;0;0;0;0;0;0;0;0;0;0;0;0;0;0;0;0;0;0;0;0;0;0
96000,0.2,22,45,1,-94.999,50,44,0.458333,0.0267271;-0.0554552;-0.01429;0.138313;-0.121871;-0.0283485;0.0874367;-0.056942;0.115401;-0.138313;-0.0359426;0.138313;0.00926042;-0.0517847;-0.138313;0.138313;0.0449617;0.0275948;-0.138313;-0.138313;0.276626;0.276626;0.276626;0.276626;0.276626;-0.138313;-0.138313;0.0275948;0.0449617;0.138313;-0.138313;-0.0517847;0.00926042;0.138313;-0.0359426;-0.138313;0.115401;-0.056942;0.0874367;-0.0283485;-0.121871;0.138313;-0.01429;-0.0554552;0.0267271
96000,0.2,23,47,0,0,1e+300,0,0,0;0;0;0;0;0;0;0;0;0;0;0;0;0;0;0;0;0;0;0;0;0;0;0;0;0;0;0;0;0;0;0;0;0;0;0;0;0;0;0;0;0;0;0;0;0;0
96000,0.2,24,49,0,0,1e+300,0,0,0;0;0;0;0;0;0;0;0;0;0;0;0;0;0;0;0;0;0;0;0;0;0;0;0;0;0;0;0;0;0;0;0;0;0;0;0;0;0;0;0;0;0;0;0;0;0;0;0
96000,0.2,25,51,0,0,1e+300,0,0,0;0;0;0;0;0;0;0;0;0;0;0;0;0;0;0;0;0;0;0;0;0;0;0;0;0;0;0;0;0;0;0;0;0;0;0;0;0;0;0;0;0;0;0;0;0;0;0;0;0;0
96000,0.2,26,53,0,0,1e+300,0,0,0;0;0;0;0;0;0;0;0;0;0;0;0;0;0;0;0;0;0;0;0;0;0;0;0;0;0;0;0;0;0;0;0;0;0;0;0;0;0;0;0;0;0;0;0;0;0;0;0;0;0;0;0
96000,0.2,27,55,0,0,1e+300,0,0,0;0;0;0;0;0;0;0;0;0;0;0;0;0;0;0;0;0;0;0;0;0;0;0;0;0;0;0;0;0;0;0;0;0;0;0;0;0;0;0;0;0;0;0;0;0;0;0;0;0;0;0;0;0;0
96000,0.2,28,57,0,0,1e+300,0,0,0;0;0;0;0;0;0;0;0;0;0;0;0;0;0;0;0;0;0;0;0;0;0;0;0;0;0;0;0;0;0;0;0;0;0;0;0;0;0;0;0;0;0;0;0;0;0;0;0;0;0;0;0;0;0;0;0
96000,0.25,8,17,1,-94.9907,6.05469,16,0.166667,0.00695321;-0.0174916;0.000389807;0.0360099;-0.0187011;-0.0352568;-0.0360099;0.266734;0.594745;0.266734;-0.0360099;-0.0352568;-0.0187011;0.0360099;0.000389807;-0.0174916;0.00695321
96000,0.25,9,19,1,-94.997,4.98047,18,0.1875,0.00931114;-0.00621284;-0.0283451;0.0283451;0.0266165;-0.0283451;-0.0283451;-0.0283451;0.270758;0.569125;0.270758;-0.0283451;-0.0283451;-0.0283451;0.0266165;0.0283451;-0.0283451;-0.00621284;0.00931114
96000,0.25,10,21,1,-94.998,4.88281,20,0.208333,0.00129453;0.00738525;-0.00590211;-0.0260522;0.0233632;0.0280631;-0.0280631;-0.0280631;-0.0280631;0.268671;0.574732;0.268671;-0.0280631;-0.0280631;-0.0280631;0.0280631;0.0233632;-0.0260522;-0.00590211;0.00738525;0.00129453
96000,0.25,11,23,1,-94.9921,4.29688,22,0.229167,-0.00697359;0.0157092;0.00367559;-0.0252895;-0.000531231;0.015886;0.0209129;-0.0252895;-0.0252895;-0.0252895;0.258201;0.588556;0.258201;-0.0252895;-0.0252895;-0.0252895;0.0209129;0.015886;-0.000531231;-0.0252895;0.00367559;0.0157092;-0.00697359
96000,0.25,12,25,1,-94.9967,4.19922,24,0.25,-0.00537313;-0.00313246;0.0251286;-0.0109082;-0.0195123;0.0121097;0.000810238;0.0251286;-0.0251286;-0.0251286;-0.0251286;0.251929;0.598411;0.251929;-0.0251286;-0.0251286;-0.0251286;0.0251286;0.000810238;0.0121097;-0.0195123;-0.0109082;0.0251286;-0.00313246;-0.00537313
96000,0.25,13,27,1,-94.9972,4.19922,26,0.270833,0.00294975;-0.00389822;-0.00841298;0.0250116;-0.00680868;-0.0250116;0.00916921;0.00610905;0.0250116;-0.0250116;-0.0250116;-0.0250116;0.253102;0.595626;0.253102;-0.0250116;-0.0250116;-0.0250116;0.0250116;0.00610905;0.00916921;-0.0250116;-0.00680868;0.0250116;-0.00841298;-0.00389822;0.00294975
96000,0.25,14,29,1,-94.9998,61.1668,28,0.291667,0.00479113;-0.0573892;0.0890467;0.0411012;-0.238358;0.238358;-0.00396361;-0.180153;0.213364;-0.238358;0.238358;-0.0302804;-0.291592;0.476717;0.476717;0.476717;-0.291592;-0.0302804;0.238358;-0.238358;0.213364;-0.180153;-0.00396361;0.238358;-0.238358;0.0411012;0.0890467;-0.0573892;0.00479113
96000,0.25,15,31,1,-94.9951,3.90625,30,0.3125,0.00460343;0.00894558;-0.0100755;-0.0137101;0.0128793;0.0226814;-0.0226814;-0.0226814;0.0226814;0.00980965;0.00939883;-0.0226814;-0.0226814;-0.0226814;0.255871;0.580644;0.255871;-0.0226814;-0.0226814;-0.0226814;0.00939883;0.00980965;0.0226814;-0.0226814;-0.0226814;0.0226814;0.0128793;-0.0137101;-0.0100755;0.00894558;0.00460343
96000,0.25,16,33,0,0,1e+300,0,0,0;0;0;0;0;0;0;0;0;0;0;0;0;0;0;0;0;0;0;0;0;0;0;0;0;0;0;0;0;0;0;0;0
96000,0.25,17,35,0,0,1e+300,0,0,0;0;0;0;0;0;0;0;0;0;0;0;0;0;0;0;0;0;0;0;0;0;0;0;0;0;0;0;0;0;0;0;0;0;0
96000,0.25,18,37,1,-94.9943,100,36,0.375,0.0362238;-0.109982;0.114677;0.0585304;-0.275164;0.275164;-0.0794545;-0.0118212;-0.017307;-0.0855198;0.275164;-0.275164;0.195858;-0.275164;0.275164;0.123632;-0.550328;0.550328;0.550328;0.550328;-0.550328;0.123632;0.275164;-0.275164;0.195858;-0.275164;0.275164;-0.0855198;-0.017307;-0.0118212;-0.0794545;0.275164;-0.275164;0.0585304;0.114677;-0.109982;0.0362238
96000,0.25,19,39,0,0,1e+300,0,0,0;0;0;0;0;0;0;0;0;0;0;0;0;0;0;0;0;0;0;0;0;0;0;0;0;0;0;0;0;0;0;0;0;0;0;0;0;0;0
96000,0.25,20,41,1,-94.9964,12.5,40,0.416667,0.0301383;-0.0454565;0.0014488;0.0625129;-0.0625129;0.0281975;-0.026341;0.0379693;0.00326328;-0.0625129;0.0625129;-0.0450385;0.0625129;-0.0625129;-0.00786361;0.0625129;-0.000692882;-0.0625129;-0.0625129;0.336837;0.500103;0.336837;-0.0625129;-0.0625129;-0.000692882;0.0625129;-0.00786361;-0.0625129;0.0625129;-0.0450385;0.0625129;-0.0625129;0.00326328;0.0379693;-0.026341;0.0281975;-0.0625129;0.0625129;0.0014488;-0.0454565;0.0301383
96000,0.25,21,43,0,0,1e+300,0,0,0;0;0;0;0;0;0;0;0;0;0;0;0;0;0;0;0;0;0;0;0;0;0;0;0;0;0;0;0;0;0;0;0;0;0;0;0;0;0;0;0;0;0
96000,0.25,22,45,1,-94.9995,100,44,0.458333,-0.0645837;0.116895;0.0585381;-0.300128;0.137639;0.300128;-0.238758;-0.281269;0.300128;0.246208;-0.300128;-0.216631;0.230388;0.300128;-0.300128;-0.215567;0.217051;0.258751;-0.240333;-0.258645;0.300128;0.300128;0.300128;0.300128;0.300128;-0.258645;-0.240333;0.258751;0.217051;-0.215567;-0.300128;0.300128;0.230388;-0.216631;-0.300128;0.246208;0.300128;-0.281269;-0.238758;0.300128;0.137639;-0.300128;0.0585381;0.116895;-0.0645837
96000,0.25,23,47,0,0,1e+300,0,0,0;0;0;0;0;0;0;0;0;0;0;0;0;0;0;0;0;0;0;0;0;0;0;0;0;0;0;0;0;0;0;0;0;0;0;0;0;0;0;0;0;0;0;0;0;0;0
96000,0.3,8,17,1,-94.9868,5.85938,16,0.166667,0.0062831;-0.0170139;0.00178669;0.0347258;-0.0196662;-0.0345844;-0.0347258;0.266868;0.592653;0.266868;-0.0347258;-0.0345844;-0.0196662;0.0347258;0.00178669;-0.0170139;0.0062831
96000,0.3,9,19,1,-94.9963,4.88281,18,0.1875,0.00903272;-0.00600713;-0.0277059;0.0277059;0.0270572;-0.0277059;-0.0277059;-0.0277059;0.269326;0.567417;0.269326;-0.0277059;-0.0277059;-0.0277059;0.0270572;0.0277059;-0.0277059;-0.00600713;0.00903272
96000,0.3,10,21,1,-94.9996,4.6875,20,0.208333,0.0044332;0.00436809;-0.00836536;-0.0199293;0.0196258;0.0270348;-0.0270348;-0.0270348;-0.0270348;0.265566;0.576743;0.265566;-0.0270348;-0.0270348;-0.0270348;0.0270348;0.0196258;-0.0199293;-0.00836536;0.00436809;0.0044332
96000,0.3,11,23,1,-94.9854,4.19922,22,0.229167,-0.00723614;0.0163641;0.00150537;-0.022065;0.00159757;0.00823793;0.0249791;-0.0249791;-0.0249791;-0.0249791;0.254129;0.594851;0.254129;-0.0249791;-0.0249791;-0.0249791;0.0249791;0.00823793;0.00159757;-0.022065;0.00150537;0.0163641;-0.00723614
96000,0.3,12,25,1,-94.9932,4.10156,24,0.25,-0.00457617;-0.00522658;0.024189;-0.00877867;-0.024189;0.0140252;0.00808355;0.024189;-0.024189;-0.024189;-0.024189;0.249976;0.58975;0.249976;-0.024189;-0.024189;-0.024189;0.024189;0.00808355;0.0140252;-0.024189;-0.00877867;0.024189;-0.00522658;-0.00457617
96000,0.3,13,27,1,-94.9949,4.10156,26,0.270833,0.00303949;-0.00462092;-0.00865564;0.0241676;-0.00534055;-0.0241676;0.00638442;0.00834638;0.0241676;-0.0241676;-0.0241676;-0.0241676;0.254568;0.589228;0.254568;-0.0241676;-0.0241676;-0.0241676;0.0241676;0.00834638;0.00638442;-0.0241676;-0.00534055;0.0241676;-0.00865564;-0.00462092;0.00303949
96000,0.3,14,29,1,-94.9952,100,28,0.291667,0.0646206;-0.110811;-0.0284702;0.320411;-0.385319;-0.0398047;0.589708;-0.589708;-0.0485274;0.589708;-0.384288;-0.214653;0.294854;0.294854;0.294854;0.294854;0.294854;-0.214653;-0.384288;0.589708;-0.0485274;-0.589708;0.589708;-0.0398047;-0.385319;0.320411;-0.0284702;-0.110811;0.0646206
96000,0.3,15,31,1,-94.9997,100,30,0.3125,0.0189491;-0.00347978;-0.10966;0.137475;0.137475;-0.420223;0.147976;0.420223;-0.420223;-0.130216;0.336015;0.0520697;-0.280753;-0.0159636;0.420223;0.420223;0.420223;-0.0159636;-0.280753;0.0520697;0.336015;-0.130216;-0.420223;0.420223;0.147976;-0.420223;0.137475;0.137475;-0.10966;-0.00347978;0.0189491
96000,0.3,16,33,1,-94.9912,100,32,0.333333,0.043086;-0.138098;0.0750047;0.282645;-0.488307;0.0479611;0.488307;-0.261723;-0.234326;-0.00866137;0.488307;-0.116404;-0.488307;0.200131;0.244154;0.244154;0.244154;0.244154;0.244154;0.200131;-0.488307;-0.116404;0.488307;-0.00866137;-0.234326;-0.261723;0.488307;0.0479611;-0.488307;0.282645;0.0750047;-0.138098;0.043086
96000,0.3,17,35,1,-94.9984,100,34,0.354167,0.0374464;-0.0738769;0.0222334;0.107922;-0.152548;0.0791886;-0.0196235;0.0109125;0.0573976;-0.152548;0.152548;-0.130326;0.152548;-0.0141991;-0.305096;0.270377;0.305096;0.305096;0.305096;0.270377;-0.305096;-0.0141991;0.152548;-0.130326;0.152548;-0.152548;0.0573976;0.0109125;-0.0196235;0.0791886;-0.152548;0.107922;0.0222334;-0.0738769;0.0374464
96000,0.3,18,37,1,-94.997,3.61328,36,0.375,0.000877231;-0.00640542;-0.00206363;0.021567;-0.00896919;-0.021567;0.021567;-0.00229775;0.00861713;-0.0092121;-0.021567;0.021567;-0.00376433;0.021567;-0.021567;-0.021567;-0.021567;0.246344;0.596883;0.246344;-0.021567;-0.021567;-0.021567;0.021567;-0.00376433;0.021567;-0.021567;-0.0092121;0.00861713;-0.00229775;0.021567;-0.021567;-0.00896919;0.021567;-0.00206363;-0.00640542;0.000877231
96000,0.3,19,39,0,0,1e+300,0,0,0;0;0;0;0;0;0;0;0;0;0;0;0;0;0;0;0;0;0;0;0;0;0;0;0;0;0;0;0;0;0;0;0;0;0;0;0;0;0
96000,0.3,20,41,1,-95,3.51563,40,0.416667,0.00461283;0.00825307;-0.0217658;0.00807941;0.0187519;-0.0217658;0.0217658;-0.0217658;0.00514978;0.0217658;-0.0120741;0.00200034;-0.0217658;0.0217658;-0.0106971;0.0217658;-0.0217658;-0.0217658;-0.0217658;0.231663;0.619117;0.231663;-0.0217658;-0.0217658;-0.0217658;0.0217658;-0.0106971;0.0217658;-0.0217658;0.00200034;-0.0120741;0.0217658;0.00514978;-0.0217658;0.0217658;-0.0217658;0.0187519;0.00807941;-0.0217658;0.00825307;0.00461283
96000,0.3,21,43,1,-94.9969,37.5,42,0.4375,-0.0491358;0.110377;-0.0650809;-0.0654289;0.153657;-0.153657;0.153657;-0.12949;0.0232248;0.104364;-0.153657;0.153657;-0.15187;0.153657;-0.153657;0.113953;0.000190463;-0.0886453;0.0829154;-0.153657;0.409751;0.409751;0.409751;-0.153657;0.0829154;-0.0886453;0.000190463;0.113953;-0.153657;0.153657;-0.15187;0.153657;-0.153657;0.104364;0.0232248;-0.12949;0.153657;-0.153657;0.153657;-0.0654289;-0.0650809;0.110377;-0.0491358
96000,0.3,22,45,0,26.6148,100,44,0.458333,-0.29114;-0.27027;-0.281859;-2.53591;8.92638;-0.302227;-0.262927;-0.279487;-0.292516;-0.295714;-0.271332;-0.262927;-0.302227;-0.274425;-0.302227;-0.262927;-0.291009;-0.262927;-0.302227;-0.302227;-0.302227;-0.0549458;-0.845407;-0.0549458;-0.302227;-0.302227;-0.302227;-0.262927;-0.291009;-0.262927;-0.302227;-0.274425;-0.302227;-0.262927;-0.271332;-0.295714;-0.292516;-0.279487;-0.262927;-0.302227;8.92638;-2.53591;-0.281859;-0.27027;-0.29114
96000,0.3,23,47,0,0,1e+300,0,0,0;0;0;0;0;0;0;0;0;0;0;0;0;0;0;0;0;0;0;0;0;0;0;0;0;0;0;0;0;0;0;0;0;0;0;0;0;0;0;0;0;0;0;0;0;0;0
96000,0.3,24,49,0,0,1e+300,0,0,0;0;0;0;0;0;0;0;0;0;0;0;0;0;0;0;0;0;0;0;0;0;0;0;0;0;0;0;0;0;0;0;0;0;0;0;0;0;0;0;0;0;0;0;0;0;0;0;0
96000,0.3,25,51,0,0,1e+300,0,0,0;0;0;0;0;0;0;0;0;0;0;0;0;0;0;0;0;0;0;0;0;0;0;0;0;0;0;0;0;0;0;0;0;0;0;0;0;0;0;0;0;0;0;0;0;0;0;0;0;0;0
96000,0.3,26,53,1,-94.9963,100,52,0.541667,0.0312183;-0.116176;0.143343;0.0395984;-0.283259;0.283259;-0.101164;0.0393015;-0.0441969;-0.106964;0.283259;-0.283259;0.273361;-0.283259;0.0677249;0.242024;-0.283259;0.20974;-0.283259;0.283259;-0.058957;-0.0575275;0.0803038;-0.283259;0.283259;0.283259;0.283259;0.283259;0.283259;-0.283259;0.0803038;-0.0575275;-0.058957;0.283259;-0.283259;0.20974;-0.283259;0.242024;0.0677249;-0.283259;0.273361;-0.283259;0.283259;-0.106964;-0.0441969;0.0393015;-0.101164;0.283259;-0.283259;0.0395984;0.143343;-0.116176;0.0312183
96000,0.3,27,55,0,0,1e+300,0,0,0;0;0;0;0;0;0;0;0;0;0;0;0;0;0;0;0;0;0;0;0;0;0;0;0;0;0;0;0;0;0;0;0;0;0;0;0;0;0;0;0;0;0;0;0;0;0;0;0;0;0;0;0;0;0
96000,0.3,28,57,0,0,1e+300,0,0,0;0;0;0;0;0;0;0;0;0;0;0;0;0;0;0;0;0;0;0;0;0;0;0;0;0;0;0;0;0;0;0;0;0;0;0;0;0;0;0;0;0;0;0;0;0;0;0;0;0;0;0;0;0;0;0;0
96000,0.35,8,17,1,-94.9872,5.56641,14,0.145833,-0.000129197;-0.0160944;0.012427;0.032147;-0.0189076;-0.032147;-0.032147;0.266092;0.577517;0.266092;-0.032147;-0.032147;-0.0189076;0.032147;0.012427;-0.0160944;-0.000129197
96000,0.35,9,19,1,-94.9999,4.78516,18,0.1875,0.00844691;-0.00584412;-0.0270768;0.0270768;0.0270768;-0.0270768;-0.0270768;-0.0270768;0.268625;0.565851;0.268625;-0.0270768;-0.0270768;-0.0270768;0.0270768;0.0270768;-0.0270768;-0.00584412;0.00844691
96000,0.35,10,21,1,-95,4.39453,20,0.208333,0.0144862;-0.0044848;-0.0146154;-0.00094486;0.00799323;0.0258203;-0.0258203;-0.0258203;-0.0258203;0.255428;0.587556;0.255428;-0.0258203;-0.0258203;-0.0258203;0.0258203;0.00799323;-0.00094486;-0.0146154;-0.0044848;0.0144862
96000,0.35,11,23,1,-94.9855,4.10156,22,0.229167,-0.00408868;0.019685;-0.00403122;-0.0242649;0.00807063;0.00731312;0.0216919;-0.0242649;-0.0242649;-0.0242649;0.252618;0.591602;0.252618;-0.0242649;-0.0242649;-0.0242649;0.0216919;0.00731312;0.00807063;-0.0242649;-0.00403122;0.019685;-0.00408868
96000,0.35,12,25,1,-94.9856,50,24,0.25,-0.1087;0.276852;-0.0422492;-0.664476;0.94321;-0.094794;-0.94321;0.94321;-0.351719;0.223557;-0.190546;-0.434344;1.88642;-0.434344;-0.190546;0.223557;-0.351719;0.94321;-0.94321;-0.094794;0.94321;-0.664476;-0.0422492;0.276852;-0.1087
96000,0.35,13,27,1,-94.9917,50,26,0.270833,-0.0364351;0.0702905;-0.00880652;-0.136658;0.217102;-0.0954171;-0.103467;0.217102;-0.217102;0.162102;-0.0354994;-0.184517;0.434204;0.434204;0.434204;-0.184517;-0.0354994;0.162102;-0.217102;0.217102;-0.103467;-0.0954171;0.217102;-0.136658;-0.00880652;0.0702905;-0.0364351
96000,0.35,14,29,1,-94.9897,100,28,0.291667,-0.0807646;0.189915;-0.0331912;-0.404871;0.595533;-0.137606;-0.487389;0.595533;-0.295656;0.075129;0.104813;-0.365862;0.297767;0.297767;0.297767;0.297767;0.297767;-0.365862;0.104813;0.075129;-0.295656;0.595533;-0.487389;-0.137606;0.595533;-0.404871;-0.0331912;0.189915;-0.0807646
96000,0.35,15,31,1,-94.994,100,30,0.3125,-0.0348763;0.159247;-0.16922;-0.12757;0.513645;-0.513645;0.0900111;0.324386;-0.485934;0.513645;-0.441844;0.150764;0.264569;-0.513645;0.513645;0.513645;0.513645;-0.513645;0.264569;0.150764;-0.441844;0.513645;-0.485934;0.324386;0.0900111;-0.513645;0.513645;-0.12757;-0.16922;0.159247;-0.0348763
96000,0.35,16,33,0,-94.6235,100,32,0.333333,0.0720348;-0.0931715;-0.10344;0.316571;-0.121765;-0.316571;0.316571;0.149692;-0.295567;-0.110045;0.316572;0.0226428;-0.238551;-0.0356858;0.145856;0.316571;0.316571;0.316571;0.145856;-0.0356858;-0.238551;0.0226428;0.316572;-0.110045;-0.295567;0.149692;0.316571;-0.316571;-0.121765;0.316571;-0.10344;-0.0931715;0.0720348
96000,0.35,17,35,1,-94.9992,50,34,0.354167,0.0169091;0.0325089;-0.0957918;0.0150897;0.169674;-0.169674;-0.0452593;0.126258;0.0152923;-0.026249;-0.169674;0.169674;0.101364;-0.169674;-0.0818675;0.102397;0.339349;0.339349;0.339349;0.102397;-0.0818675;-0.169674;0.101364;0.169674;-0.169674;-0.026249;0.0152923;0.126258;-0.0452593;-0.169674;0.169674;0.0150897;-0.0957918;0.0325089;0.0169091
96000,0.35,18,37,0,0,1e+300,0,0,0;0;0;0;0;0;0;0;0;0;0;0;0;0;0;0;0;0;0;0;0;0;0;0;0;0;0;0;0;0;0;0;0;0;0;0;0
96000,0.35,19,39,0,0,1e+300,0,0,0;0;0;0;0;0;0;0;0;0;0;0;0;0;0;0;0;0;0;0;0;0;0;0;0;0;0;0;0;0;0;0;0;0;0;0;0;0;0
96000,0.4,8,17,1,-94.9924,5.37109,16,0.166667,-0.000843971;-0.0157542;0.0144089;0.0309492;-0.0207206;-0.0307709;-0.0309492;0.265571;0.576219;0.265571;-0.0309492;-0.0307709;-0.0207206;0.0309492;0.0144089;-0.0157542;-0.000843971
96000,0.4,9,19,1,-94.9999,4.6875,18,0.1875,0.00805337;-0.00588246;-0.0264711;0.0264711;0.0264711;-0.0264711;-0.0264711;-0.0264711;0.268413;0.564716;0.268413;-0.0264711;-0.0264711;-0.0264711;0.0264711;0.0264711;-0.0264711;-0.00588246;0.00805337
96000,0.4,10,21,1,-94.9915,4.19922,20,0.208333,0.016381;-0.00744567;-0.0169746;0.00385982;0.0058507;0.0247045;-0.0247045;-0.0247045;-0.0247045;0.253581;0.588313;0.253581;-0.0247045;-0.0247045;-0.0247045;0.0247045;0.0058507;0.00385982;-0.0169746;-0.00744567;0.016381
96000,0.4,11,23,1,-94.9856,4.00391,22,0.229167,-0.00288912;0.0200965;-0.00674285;-0.0236598;0.00994996;0.0054286;0.0217786;-0.0236598;-0.0236598;-0.0236598;0.251559;0.590917;0.251559;-0.0236598;-0.0236598;-0.0236598;0.0217786;0.0054286;0.00994996;-0.0236598;-0.00674285;0.0200965;-0.00288912
96000,0.4,12,25,1,-94.9913,3.90625,24,0.25,-0.00206464;-0.00264083;0.0231665;-0.0112633;-0.0231665;0.0144852;0.00187135;0.0231665;-0.0231665;-0.0231665;-0.0231665;0.249414;0.593061;0.249414;-0.0231665;-0.0231665;-0.0231665;0.0231665;0.00187135;0.0144852;-0.0231665;-0.0112633;0.0231665;-0.00264083;-0.00206464
96000,0.4,13,27,1,-94.9933,50,24,0.25,-0.000368952;0.056623;-0.0713157;-0.0486594;0.208878;-0.180146;-0.0400425;0.208878;-0.208878;0.142107;-0.0560335;-0.137677;0.417756;0.417756;0.417756;-0.137677;-0.0560335;0.142107;-0.208878;0.208878;-0.0400425;-0.180146;0.208878;-0.0486594;-0.0713157;0.056623;-0.000368952
96000,0.4,14,29,1,-94.9906,100,28,0.291667,-0.0620927;0.115821;0.0354772;-0.293191;0.293191;0.0546996;-0.293191;0.194952;-0.0943058;0.175788;-0.0688603;-0.291265;0.293191;0.293191;0.293191;0.293191;0.293191;-0.291265;-0.0688603;0.175788;-0.0943058;0.194952;-0.293191;0.0546996;0.293191;-0.293191;0.0354772;0.115821;-0.0620927
96000,0.4,15,31,0,0,1e+300,0,0,0;0;0;0;0;0;0;0;0;0;0;0;0;0;0;0;0;0;0;0;0;0;0;0;0;0;0;0;0;0;0
96000,0.4,16,33,1,-94.995,100,32,0.333333,0.0232329;-0.133253;0.121865;0.249972;-0.523927;0.0878357;0.539196;-0.30466;-0.314759;0.0758794;0.539196;-0.182832;-0.539196;0.269598;0.269598;0.187457;0.269598;0.187457;0.269598;0.269598;-0.539196;-0.182832;0.539196;0.0758794;-0.314759;-0.30466;0.539196;0.0878357;-0.523927;0.249972;0.121865;-0.133253;0.0232329
96000,0.4,17,35,1,-94.9958,100,34,0.354167,0.00330534;0.0880708;-0.157524;-0.0349314;0.380306;-0.380306;-0.0511066;0.352109;-0.248178;0.14432;-0.211499;0.037751;0.380306;-0.380306;-0.127811;0.282198;0.282198;0.282198;0.282198;0.282198;-0.127811;-0.380306;0.380306;0.037751;-0.211499;0.14432;-0.248178;0.352109;-0.0511066;-0.380306;0.380306;-0.0349314;-0.157524;0.0880708;0.00330534
96000,0.4,18,37,1,-94.9966,3.41797,36,0.375,0.00316594;-0.00631659;-0.00521073;0.0196789;-0.00100018;-0.0196789;0.00543966;0.00916062;0.0140638;-0.0196789;-0.0196789;0.0196789;0.00470899;0.0130757;-0.0196789;-0.0196789;-0.0196789;0.253755;0.575747;0.253755;-0.0196789;-0.0196789;-0.0196789;0.0130757;0.00470899;0.0196789;-0.0196789;-0.0196789;0.0140638;0.00916062;0.00543966;-0.0196789;-0.00100018;0.0196789;-0.00521073;-0.00631659;0.00316594
96000,0.4,19,39,0,0,1e+300,0,0,0;0;0;0;0;0;0;0;0;0;0;0;0;0;0;0;0;0;0;0;0;0;0;0;0;0;0;0;0;0;0;0;0;0;0;0;0;0;0
96000,0.4,20,41,1,-94.9974,3.125,40,0.416667,0.00147879;0.00733078;-0.0152218;-0.00376335;0.0189831;-0.00899287;0.00617534;-0.0189831;0.00908932;0.0189831;-0.0117217;-0.000789445;-0.0189831;0.0189831;-0.00555953;0.0189831;-0.0189831;-0.0189831;-0.0189831;0.237227;0.60746;0.237227;-0.0189831;-0.0189831;-0.0189831;0.0189831;-0.00555953;0.0189831;-0.0189831;-0.000789445;-0.0117217;0.0189831;0.00908932;-0.0189831;0.00617534;-0.00899287;0.0189831;-0.00376335;-0.0152218;0.00733078;0.00147879
96000,0.4,21,43,0,0,1e+300,0,0,0;0;0;0;0;0;0;0;0;0;0;0;0;0;0;0;0;0;0;0;0;0;0;0;0;0;0;0;0;0;0;0;0;0;0;0;0;0;0;0;0;0;0
96000,0.4,22,45,1,-94.9966,40.8203,44,0.458333,0.00187732;-0.0250452;-0.0173109;0.10379;-0.0471673;-0.11475;0.11475;0.0423933;-0.0199531;-0.11475;0.0382607;0.11475;-0.0401444;-0.0218589;-0.11475;0.11475;0.0696969;-0.015635;-0.11475;-0.11475;0.238931;0.281111;0.281111;0.281111;0.238931;-0.11475;-0.11475;-0.015635;0.0696969;0.11475;-0.11475;-0.0218589;-0.0401444;0.11475;0.0382607;-0.11475;-0.0199531;0.0423933;0.11475;-0.11475;-0.0471673;0.10379;-0.0173109;-0.0250452;0.00187732
96000,0.4,23,47,0,0,1e+300,0,0,0;0;0;0;0;0;0;0;0;0;0;0;0;0;0;0;0;0;0;0;0;0;0;0;0;0;0;0;0;0;0;0;0;0;0;0;0;0;0;0;0;0;0;0;0;0;0
96000,0.4,24,49,0,0,1e+300,0,0,0;0;0;0;0;0;0;0;0;0;0;0;0;0;0;0;0;0;0;0;0;0;0;0;0;0;0;0;0;0;0;0;0;0;0;0;0;0;0;0;0;0;0;0;0;0;0;0;0
96000,0.4,25,51,0,0,1e+300,0,0,0;0;0;0;0;0;0;0;0;0;0;0;0;0;0;0;0;0;0;0;0;0;0;0;0;0;0;0;0;0;0;0;0;0;0;0;0;0;0;0;0;0;0;0;0;0;0;0;0;0;0
96000,0.4,26,53,0,0,1e+300,0,0,0;0;0;0;0;0;0;0;0;0;0;0;0;0;0;0;0;0;0;0;0;0;0;0;0;0;0;0;0;0;0;0;0;0;0;0;0;0;0;0;0;0;0;0;0;0;0;0;0;0;0;0;0
96000,0.4,27,55,1,-94.9888,100,54,0.5625,0.0833239;-0.146056;-0.0181096;0.283901;-0.283901;0.0445569;0.0851763;-0.129816;0.283901;-0.283901;-0.0306194;0.182664;0.0310557;-0.0341938;-0.283901;0.283901;0.0663765;-0.103855;-0.106827;-0.00457698;0.283901;-0.283901;0.139628;0.0154218;-0.283901;0.283901;0.283901;0.283901;0.283901;0.283901;-0.283901;0.0154218;0.139628;-0.283901;0.283901;-0.00457698;-0.106827;-0.103855;0.0663765;0.283901;-0.283901;-0.0341938;0.0310557;0.182664;-0.0306194;-0.283901;0.283901;-0.129816;0.0851763;0.0445569;-0.283901;0.283901;-0.0181096;-0.146056;0.0833239
96000,0.4,28,57,0,0,1e+300,0,0,0;0;0;0;0;0;0;0;0;0;0;0;0;0;0;0;0;0;0;0;0;0;0;0;0;0;0;0;0;0;0;0;0;0;0;0;0;0;0;0;0;0;0;0;0;0;0;0;0;0;0;0;0;0;0;0;0
96000,0.45,8,17,1,-94.9927,5.17578,16,0.166667,-0.00267339;-0.0154782;0.0182704;0.0296579;-0.0224415;-0.0285066;-0.0296579;0.264322;0.573014;0.264322;-0.0296579;-0.0285066;-0.0224415;0.0296579;0.0182704;-0.0154782;-0.00267339
96000,0.45,9,19,1,-95.0002,4.58984,18,0.1875,0.0076583;-0.00592202;-0.0258678;0.0258678;0.0258678;-0.0258678;-0.0258678;-0.0258678;0.268205;0.563589;0.268205;-0.0258678;-0.0258678;-0.0258678;0.0258678;0.0258678;-0.0258678;-0.00592202;0.0076583
96000,0.45,10,21,1,-94.9967,4.00391,20,0.208333,0.0194995;-0.0109642;-0.0197455;0.0105625;0.00230501;0.0236412;-0.0236412;-0.0236412;-0.0236412;0.250398;0.590453;0.250398;-0.0236412;-0.0236412;-0.0236412;0.0236412;0.00230501;0.0105625;-0.0197455;-0.0109642;0.0194995
96000,0.45,11,23,1,-94.991,3.90625,22,0.229167,-0.00246355;0.0191187;-0.00937664;-0.0230292;0.0114439;0.00519977;0.0230292;-0.0230292;-0.0230292;-0.0230292;0.250392;0.589547;0.250392;-0.0230292;-0.0230292;-0.0230292;0.0230292;0.00519977;0.0114439;-0.0230292;-0.00937664;0.0191187;-0.00246355
96000,0.45,12,25,1,-94.9985,3.80859,24,0.25,-0.00467413;0.00110294;0.0223395;-0.0161619;-0.0185153;0.0113134;0.00225001;0.0223395;-0.0223395;-0.0223395;-0.0223395;0.253747;0.586555;0.253747;-0.0223395;-0.0223395;-0.0223395;0.0223395;0.00225001;0.0113134;-0.0185153;-0.0161619;0.0223395;0.00110294;-0.00467413
96000,0.45,13,27,1,-94.9938,50.5859,26,0.270833,0.0356205;-0.0350756;-0.0679741;0.169644;-0.0453287;-0.169644;0.169644;-0.0162918;-0.00767948;0.00740037;-0.169644;0.126293;0.335357;0.335357;0.335357;0.126293;-0.169644;0.00740037;-0.00767948;-0.0162918;0.169644;-0.169644;-0.0453287;0.169644;-0.0679741;-0.0350756;0.0356205
96000,0.45,14,29,1,-94.9988,77.9297,28,0.291667,0.00756669;-0.0915641;0.139855;0.0699056;-0.38937;0.38937;0.0204481;-0.361827;0.38937;-0.312205;0.221684;0.0566741;-0.38937;0.499642;0.499642;0.499642;-0.38937;0.0566741;0.221684;-0.312205;0.38937;-0.361827;0.0204481;0.38937;-0.38937;0.0699056;0.139855;-0.0915641;0.00756669
96000,0.45,15,31,1,-94.9979,100,30,0.3125,-0.026931;0.0917998;-0.00190294;-0.216901;0.242245;0.044993;-0.276353;0.23064;-0.107046;-0.0387042;0.276353;-0.276353;-0.132722;0.276353;0.276353;0.276353;0.276353;0.276353;-0.132722;-0.276353;0.276353;-0.0387042;-0.107046;0.23064;-0.276353;0.044993;0.242245;-0.216901;-0.00190294;0.0917998;-0.026931
96000,0.45,16,33,0,0,1e+300,0,0,0;0;0;0;0;0;0;0;0;0;0;0;0;0;0;0;0;0;0;0;0;0;0;0;0;0;0;0;0;0;0;0;0
96000,0.45,17,35,1,-94.9969,100,34,0.354167,-0.0183983;0.157209;-0.218031;-0.0899884;0.558722;-0.558722;0.0350073;0.367678;-0.39908;0.4407;-0.484746;0.0728016;0.558722;-0.558722;-0.0615542;0.279361;0.279361;0.279361;0.279361;0.279361;-0.0615542;-0.558722;0.558722;0.0728016;-0.484746;0.4407;-0.39908;0.367678;0.0350073;-0.558722;0.558722;-0.0899884;-0.218031;0.157209;-0.0183983
96000,0.45,18,37,0,0,1e+300,0,0,0;0;0;0;0;0;0;0;0;0;0;0;0;0;0;0;0;0;0;0;0;0;0;0;0;0;0;0;0;0;0;0;0;0;0;0;0
96000,0.45,19,39,0,0,1e+300,0,0,0;0;0;0;0;0;0;0;0;0;0;0;0;0;0;0;0;0;0;0;0;0;0;0;0;0;0;0;0;0;0;0;0;0;0;0;0;0;0
96000,0.45,20,41,1,-94.9974,3.02734,38,0.395833,0.000189489;0.00770686;-0.0118787;-0.00753711;0.0182148;-0.00383256;0.00288109;-0.0182148;0.0089959;0.0182148;-0.0099407;-0.00335623;-0.0182148;0.0182148;-0.00465089;0.0182148;-0.0182148;-0.0182148;-0.0182148;0.2388;0.601676;0.2388;-0.0182148;-0.0182148;-0.0182148;0.0182148;-0.00465089;0.0182148;-0.0182148;-0.00335623;-0.0099407;0.0182148;0.0089959;-0.0182148;0.00288109;-0.00383256;0.0182148;-0.00753711;-0.0118787;0.00770686;0.000189489
96000,0.45,21,43,1,-94.9956,50,42,0.4375,0.0191698;0.0694902;-0.183665;0.0536283;0.242468;-0.242468;-0.019289;-0.00216888;0.239683;-0.10957;-0.242468;0.242468;-0.10692;0.242468;-0.242468;-0.125613;0.219972;0.121769;-0.161424;-0.242468;0.484937;0.484937;0.484937;-0.242468;-0.161424;0.121769;0.219972;-0.125613;-0.242468;0.242468;-0.10692;0.242468;-0.242468;-0.10957;0.239683;-0.00216888;-0.019289;-0.242468;0.242468;0.0536283;-0.183665;0.0694902;0.0191698
96000,0.45,22,45,0,0,1e+300,0,0,0;0;0;0;0;0;0;0;0;0;0;0;0;0;0;0;0;0;0;0;0;0;0;0;0;0;0;0;0;0;0;0;0;0;0;0;0;0;0;0;0;0;0;0;0
96000,0.45,23,47,0,0,1e+300,0,0,0;0;0;0;0;0;0;0;0;0;0;0;0;0;0;0;0;0;0;0;0;0;0;0;0;0;0;0;0;0;0;0;0;0;0;0;0;0;0;0;0;0;0;0;0;0;0
96000,0.45,24,49,0,0,1e+300,0,0,0;0;0;0;0;0;0;0;0;0;0;0;0;0;0;0;0;0;0;0;0;0;0;0;0;0;0;0;0;0;0;0;0;0;0;0;0;0;0;0;0;0;0;0;0;0;0;0;0
96000,0.45,25,51,0,0,1e+300,0,0,0;0;0;0;0;0;0;0;0;0;0;0;0;0;0;0;0;0;0;0;0;0;0;0;0;0;0;0;0;0;0;0;0;0;0;0;0;0;0;0;0;0;0;0;0;0;0;0;0;0;0
96000,0.45,26,53,0,0,1e+300,0,0,0;0;0;0;0;0;0;0;0;0;0;0;0;0;0;0;0;0;0;0;0;0;0;0;0;0;0;0;0;0;0;0;0;0;0;0;0;0;0;0;0;0;0;0;0;0;0;0;0;0;0;0;0
96000,0.45,27,55,0,0,1e+300,0,0,0;0;0;0;0;0;0;0;0;0;0;0;0;0;0;0;0;0;0;0;0;0;0;0;0;0;0;0;0;0;0;0;0;0;0;0;0;0;0;0;0;0;0;0;0;0;0;0;0;0;0;0;0;0;0
96000,0.45,28,57,0,0,1e+300,0,0,0;0;0;0;0;0;0;0;0;0;0;0;0;0;0;0;0;0;0;0;0;0;0;0;0;0;0;0;0;0;0;0;0;0;0;0;0;0;0;0;0;0;0;0;0;0;0;0;0;0;0;0;0;0;0;0;0
96000,0.5,8,17,1,-94.993,4.98047,16,0.166667,-0.00435837;-0.0151997;0.0218872;0.0283934;-0.0241783;-0.0263362;-0.0283934;0.263138;0.570095;0.263138;-0.0283934;-0.0263362;-0.0241783;0.0283934;0.0218872;-0.0151997;-0.00435837
96000,0.5,9,19,1,-94.9966,4.49219,18,0.1875,0.00689068;-0.00648804;-0.0252132;0.0252132;0.0252132;-0.0241416;-0.0252132;-0.0252132;0.268318;0.561268;0.268318;-0.0252132;-0.0252132;-0.0241416;0.0252132;0.0252132;-0.0252132;-0.00648804;0.00689068
96000,0.5,10,21,1,-94.9922,3.90625,20,0.208333,0.0163767;-0.008305;-0.0226157;0.00617016;0.0119943;0.0182705;-0.0226157;-0.0226157;-0.0226157;0.256476;0.578961;0.256476;-0.0226157;-0.0226157;-0.0226157;0.0182705;0.0119943;0.00617016;-0.0226157;-0.008305;0.0163767
96000,0.5,11,23,1,-94.991,14.1602,22,0.229167,-0.0153686;0.0355621;0.00131234;-0.0773457;0.0773457;0.0128755;-0.0773457;0.0773457;-0.0486059;-0.0715433;0.312658;0.54622;0.312658;-0.0715433;-0.0486059;0.0773457;-0.0773457;0.0128755;0.0773457;-0.0773457;0.00131234;0.0355621;-0.0153686
96000,0.5,12,25,1,-94.9952,3.71094,24,0.25,-0.00429802;0.000786253;0.0216563;-0.0149589;-0.0189372;0.010253;0.00310536;0.0216563;-0.0216563;-0.0216563;-0.0216563;0.253915;0.583581;0.253915;-0.0216563;-0.0216563;-0.0216563;0.0216563;0.00310536;0.010253;-0.0189372;-0.0149589;0.0216563;0.000786253;-0.00429802
96000,0.5,13,27,1,-94.9932,50,26,0.270833,0.00556255;0.0557156;-0.075443;-0.0485933;0.210187;-0.175408;-0.0465101;0.210187;-0.210187;0.147428;-0.0539875;-0.149512;0.420374;0.420374;0.420374;-0.149512;-0.0539875;0.147428;-0.210187;0.210187;-0.0465101;-0.175408;0.210187;-0.0485933;-0.075443;0.0557156;0.00556255
96000,0.5,14,29,1,-94.9939,100,28,0.291667,-0.0563467;0.190665;-0.0100886;-0.531949;0.552098;0.418837;-0.99184;0.00483617;0.99184;-0.202282;-0.979547;0.49592;0.49592;-0.126024;0.49592;-0.126024;0.49592;0.49592;-0.979547;-0.202282;0.99184;0.00483617;-0.99184;0.418837;0.552098;-0.531949;-0.0100886;0.190665;-0.0563467
96000,0.5,15,31,1,-94.9945,50,30,0.3125,-0.00475411;0.097058;-0.12936;-0.0602808;0.326682;-0.326682;0.0465311;0.211017;-0.31159;0.326682;-0.2354;0.00221064;0.231206;-0.326682;0.326682;0.653364;0.326682;-0.326682;0.231206;0.00221064;-0.2354;0.326682;-0.31159;0.211017;0.0465311;-0.326682;0.326682;-0.0602808;-0.12936;0.097058;-0.00475411
96000,0.5,16,33,1,-94.9947,100,32,0.333333,0.117264;-0.178147;-0.112794;0.516139;-0.332781;-0.350807;0.516139;0.0719842;-0.323325;-0.229277;0.516139;0.0749779;-0.516139;0.087057;0.256466;0.258069;0.258069;0.258069;0.256466;0.087057;-0.516139;0.0749779;0.516139;-0.229277;-0.323325;0.0719842;0.516139;-0.350807;-0.332781;0.516139;-0.112794;-0.178147;0.117264
96000,0.5,17,35,1,-94.9939,100,34,0.354167,-0.0865688;0.233595;-0.0451438;-0.47285;0.552508;0.129633;-0.552508;0.0102842;0.522087;-0.0920673;-0.552508;0.552508;-0.288725;0.165155;0.148346;-0.552508;0.552508;0.552508;0.552508;-0.552508;0.148346;0.165155;-0.288725;0.552508;-0.552508;-0.0920673;0.522087;0.0102842;-0.552508;0.129633;0.552508;-0.47285;-0.0451438;0.233595;-0.0865688
96000,0.5,18,37,1,-94.9966,3.22266,36,0.375,0.0022031;-0.00602691;-0.00358324;0.0185252;-0.00193313;-0.0185252;0.00706024;0.00791904;0.0121092;-0.0185252;-0.0185252;0.0185252;0.00230212;0.0153299;-0.0185252;-0.0185252;-0.0185252;0.251299;0.574844;0.251299;-0.0185252;-0.0185252;-0.0185252;0.0153299;0.00230212;0.0185252;-0.0185252;-0.0185252;0.0121092;0.00791904;0.00706024;-0.0185252;-0.00193313;0.0185252;-0.00358324;-0.00602691;0.0022031
96000,0.5,19,39,1,-94.9971,3.02734,38,0.395833,0.00692906;-0.0112756;-0.00587635;0.0180047;-0.010547;0.0066107;-0.00648833;-0.00651819;0.0180047;0.00353054;-0.0116594;-0.0180047;0.0180047;-0.00370226;0.0180047;-0.0180047;-0.0180047;-0.0180047;0.241628;0.594737;0.241628;-0.0180047;-0.0180047;-0.0180047;0.0180047;-0.00370226;0.0180047;-0.0180047;-0.0116594;0.00353054;0.0180047;-0.00651819;-0.00648833;0.0066107;-0.010547;0.0180047;-0.00587635;-0.0112756;0.00692906
96000,0.5,20,41,1,-95,2.92969,40,0.416667,-0.00355964;0.0100295;-0.00406838;-0.0173741;0.0173741;0.00629161;-0.00307675;-0.0173741;0.00762097;0.0173741;-0.00647605;-0.00699528;-0.0173741;0.0173741;-0.00220875;0.0173741;-0.0173741;-0.0173741;-0.0173741;0.240673;0.593036;0.240673;-0.0173741;-0.0173741;-0.0173741;0.0173741;-0.00220875;0.0173741;-0.0173741;-0.00699528;-0.00647605;0.0173741;0.00762097;-0.0173741;-0.00307675;0.00629161;0.0173741;-0.0173741;-0.00406838;0.0100295;-0.00355964
96000,0.5,21,43,0,0,1e+300,0,0,0;0;0;0;0;0;0;0;0;0;0;0;0;0;0;0;0;0;0;0;0;0;0;0;0;0;0;0;0;0;0;0;0;0;0;0;0;0;0;0;0;0;0
96000,0.5,22,45,0,0,1e+300,0,0,0;0;0;0;0;0;0;0;0;0;0;0;0;0;0;0;0;0;0;0;0;0;0;0;0;0;0;0;0;0;0;0;0;0;0;0;0;0;0;0;0;0;0;0;0
96000,0.5,23,47,0,0,1e+300,0,0,0;0;0;0;0;0;0;0;0;0;0;0;0;0;0;0;0;0;0;0;0;0;0;0;0;0;0;0;0;0;0;0;0;0;0;0;0;0;0;0;0;0;0;0;0;0;0
96000,0.5,24,49,0,0,1e+300,0,0,0;0;0;0;0;0;0;0;0;0;0;0;0;0;0;0;0;0;0;0;0;0;0;0;0;0;0;0;0;0;0;0;0;0;0;0;0;0;0;0;0;0;0;0;0;0;0;0;0
96000,0.5,25,51,0,0,1e+300,0,0,0;0;0;0;0;0;0;0;0;0;0;0;0;0;0;0;0;0;0;0;0;0;0;0;0;0;0;0;0;0;0;0;0;0;0;0;0;0;0;0;0;0;0;0;0;0;0;0;0;0;0
96000,0.5,26,53,0,0,1e+300,0,0,0;0;0;0;0;0;0;0;0;0;0;0;0;0;0;0;0;0;0;0;0;0;0;0;0;0;0;0;0;0;0;0;0;0;0;0;0;0;0;0;0;0;0;0;0;0;0;0;0;0;0;0;0
96000,0.5,27,55,0,0,1e+300,0,0,0;0;0;0;0;0;0;0;0;0;0;0;0;0;0;0;0;0;0;0;0;0;0;0;0;0;0;0;0;0;0;0;0;0;0;0;0;0;0;0;0;0;0;0;0;0;0;0;0;0;0;0;0;0;0
96000,0.5,28,57,0,0,1e+300,0,0,0;0;0;0;0;0;0;0;0;0;0;0;0;0;0;0;0;0;0;0;0;0;0;0;0;0;0;0;0;0;0;0;0;0;0;0;0;0;0;0;0;0;0;0;0;0;0;0;0;0;0;0;0;0;0;0;0
176400,0.05,8,17,1,-94.9919,1.85547,16,0.0907029,0.0041597;0.00236913;0.000220025;-0.00921306;-0.00984572;-0.00984572;-0.00984572;0.266685;0.530632;0.266685;-0.00984572;-0.00984572;-0.00984572;-0.00921306;0.000220025;0.00236913;0.0041597
176400,0.05,9,19,1,-94.9832,1.5625,18,0.102041,-0.00203241;0.00761958;0.00498809;-0.00673916;-0.00830413;-0.00830413;-0.00830413;-0.00830413;0.263648;0.531465;0.263648;-0.00830413;-0.00830413;-0.00830413;-0.00830413;-0.00673916;0.00498809;0.00761958;-0.00203241
176400,0.05,10,21,1,-94.9938,1.75781,20,0.113379,0.00228415;-0.00411504;0.00322758;0.00941287;-0.00442534;-0.00941287;-0.00941287;-0.00941287;-0.00941287;0.263523;0.535488;0.263523;-0.00941287;-0.00941287;-0.00941287;-0.00941287;-0.00442534;0.00941287;0.00322758;-0.00411504;0.00228415
176400,0.05,11,23,1,-94.9937,1.26953,22,0.124717,-0.00341396;-0.00030551;0.00619908;0.00669553;-0.0024747;-0.00669553;-0.00669553;-0.00669553;-0.00669553;-0.00669553;0.263076;0.527402;0.263076;-0.00669553;-0.00669553;-0.00669553;-0.00669553;-0.00669553;-0.0024747;0.00669553;0.00619908;-0.00030551;-0.00341396
176400,0.05,12,25,1,-94.9961,1.26953,22,0.124717,-0.000192331;-0.00402605;-0.000190278;0.0066976;0.0066976;-0.00200232;-0.0066976;-0.0066976;-0.0066976;-0.0066976;-0.0066976;0.262722;0.527564;0.262722;-0.0066976;-0.0066976;-0.0066976;-0.0066976;-0.0066976;-0.00200232;0.0066976;0.0066976;-0.000190278;-0.00402605;-0.000192331
176400,0.05,13,27,1,-94.9953,1.17188,26,0.147392,0.00299021;-0.00467276;-0.00611029;0.00611029;0.00599794;0.00611029;-0.00611029;-0.00603756;-0.00611029;-0.00611029;-0.00611029;-0.00611029;0.265457;0.521412;0.265457;-0.00611029;-0.00611029;-0.00611029;-0.00611029;-0.00603756;-0.00611029;0.00611029;0.00599794;0.00611029;-0.00611029;-0.00467276;0.00299021
176400,0.05,14,29,1,-94.9943,1.07422,28,0.15873,0.00277931;-0.00390649;-0.00562941;0.00382536;0.00280931;0.00478718;0.00491008;-0.00562941;-0.00562941;-0.00562941;-0.00562941;-0.00562941;-0.00562941;0.262178;0.524047;0.262178;-0.00562941;-0.00562941;-0.00562941;-0.00562941;-0.00562941;-0.00562941;0.00491008;0.00478718;0.00280931;0.00382536;-0.00562941;-0.00390649;0.00277931
176400,0.05,15,31,1,-94.9946,1.66016,30,0.170068,-0.00117686;-0.000894629;0.00880486;-0.00548667;-0.00880486;0.00880486;-0.00669437;0.00880486;0.00880486;-0.00880486;-0.00880486;-0.00880486;-0.00880486;-0.00880486;0.266681;0.530363;0.266681;-0.00880486;-0.00880486;-0.00880486;-0.00880486;-0.00880486;0.00880486;0.00880486;-0.00669437;0.00880486;-0.00880486;-0.00548667;0.00880486;-0.000894629;-0.00117686
176400,0.05,16,33,0,0,1e+300,0,0,0;0;0;0;0;0;0;0;0;0;0;0;0;0;0;0;0;0;0;0;0;0;0;0;0;0;0;0;0;0;0;0;0
176400,0.05,17,35,0,0,1e+300,0,0,0;0;0;0;0;0;0;0;0;0;0;0;0;0;0;0;0;0;0;0;0;0;0;0;0;0;0;0;0;0;0;0;0;0;0
176400,0.05,18,37,0,0,1e+300,0,0,0;0;0;0;0;0;0;0;0;0;0;0;0;0;0;0;0;0;0;0;0;0;0;0;0;0;0;0;0;0;0;0;0;0;0;0;0
176400,0.05,19,39,0,0,1e+300,0,0,0;0;0;0;0;0;0;0;0;0;0;0;0;0;0;0;0;0;0;0;0;0;0;0;0;0;0;0;0;0;0;0;0;0;0;0;0;0;0
176400,0.05,20,41,0,0,1e+300,0,0,0;0;0;0;0;0;0;0;0;0;0;0;0;0;0;0;0;0;0;0;0;0;0;0;0;0;0;0;0;0;0;0;0;0;0;0;0;0;0;0;0
176400,0.05,21,43,0,0,1e+300,0,0,0;0;0;0;0;0;0;0;0;0;0;0;0;0;0;0;0;0;0;0;0;0;0;0;0;0;0;0;0;0;0;0;0;0;0;0;0;0;0;0;0;0;0
176400,0.05,22,45,0,0,1e+300,0,0,0;0;0;0;0;0;0;0;0;0;0;0;0;0;0;0;0;0;0;0;0;0;0;0;0;0;0;0;0;0;0;0;0;0;0;0;0;0;0;0;0;0;0;0;0
176400,0.1,8,17,1,-94.9906,10.2195,16,0.0907029,0.00190599;-0.00297229;0.00297229;-0.00297229;0.00297229;-0.00297229;-0.0622089;0.258912;0.608726;0.258912;-0.0622089;-0.00297229;0.00297229;-0.00297229;0.00297229;-0.00297229;0.00190599
176400,0.1,9,19,1,-94.9971,1.36719,18,0.102041,0.00468677;0.00628265;-0.00497021;-0.00273007;-0.00712855;-0.00712855;-0.00712855;-0.00712855;0.264544;0.521402;0.264544;-0.00712855;-0.00712855;-0.00712855;-0.00712855;-0.00273007;-0.00497021;0.00628265;0.00468677
176400,0.1,10,21,1,-94.9925,1.75781,20,0.113379,0.0057792;-0.00324469;-0.00298052;0.00938947;-0.00109349;-0.00938947;-0.00938947;-0.00938947;-0.00938947;0.26263;0.534156;0.26263;-0.00938947;-0.00938947;-0.00938947;-0.00938947;-0.00109349;0.00938947;-0.00298052;-0.00324469;0.0057792
176400,0.1,11,23,1,-94.9945,10.3572,22,0.124717,0.00128071;0.00179454;-0.00179454;0.00179454;-0.00179454;0.00179454;-0.00179454;0.00179454;-0.00179454;-0.0634413;0.255893;0.612535;0.255893;-0.0634413;-0.00179454;0.00179454;-0.00179454;0.00179454;-0.00179454;0.00179454;-0.00179454;0.00179454;0.00128071
176400,0.1,12,25,1,-94.9902,24.0234,22,0.124717,-3.11845e-05;-0.00104587;-0.014905;-0.0101211;0.0577843;0.0358647;-0.0577843;-0.0577843;-0.0577843;0.0425491;0.202458;0.240533;0.240533;0.240533;0.202458;0.0425491;-0.0577843;-0.0577843;-0.0577843;0.0358647;0.0577843;-0.0101211;-0.014905;-0.00104587;-3.11845e-05
176400,0.1,13,27,1,-94.9954,1.85547,26,0.147392,-0.00392164;0.0037296;0.0037459;-0.00966175;0.00966175;0.00523968;-0.00966175;0.00966175;-0.00966175;-0.00966175;-0.00966175;-0.00966175;0.269495;0.520717;0.269495;-0.00966175;-0.00966175;-0.00966175;-0.00966175;0.00966175;-0.00966175;0.00523968;0.00966175;-0.00966175;0.0037459;0.0037296;-0.00392164
176400,0.1,14,29,1,-94.9929,100,28,0.15873,0.0644262;-0.14981;-0.100731;0.463152;-0.0657484;-0.463152;-0.0368552;0.311589;0.463152;-0.463152;-0.421604;0.319792;0.231576;0.231576;0.231576;0.231576;0.231576;0.319792;-0.421604;-0.463152;0.463152;0.311589;-0.0368552;-0.463152;-0.0657484;0.463152;-0.100731;-0.14981;0.0644262
176400,0.1,15,31,0,0,1e+300,0,0,0;0;0;0;0;0;0;0;0;0;0;0;0;0;0;0;0;0;0;0;0;0;0;0;0;0;0;0;0;0;0
176400,0.1,16,33,0,0,1e+300,0,0,0;0;0;0;0;0;0;0;0;0;0;0;0;0;0;0;0;0;0;0;0;0;0;0;0;0;0;0;0;0;0;0;0
176400,0.1,17,35,0,0,1e+300,0,0,0;0;0;0;0;0;0;0;0;0;0;0;0;0;0;0;0;0;0;0;0;0;0;0;0;0;0;0;0;0;0;0;0;0;0
176400,0.15,8,17,1,-95,6.91443,6,0.0340136,-4.27925e-05;0.000499318;0.000499318;0.000499318;0.000499318;-0.0353536;-0.00661128;0.284359;0.511302;0.284359;-0.00661128;-0.0353536;0.000499318;0.000499318;0.000499318;0.000499318;-4.27925e-05
176400,0.15,9,19,1,-94.9951,1.17188,18,0.102041,0.00445565;0.0060926;-0.0060926;-0.00385395;-0.0060926;-0.0060926;-0.0060926;-0.0060926;0.263818;0.519902;0.263818;-0.0060926;-0.0060926;-0.0060926;-0.0060926;-0.00385395;-0.0060926;0.0060926;0.00445565
176400,0.15,10,21,1,-94.9979,8.01183,8,0.0453515,-0.000501203;0.000501203;0.000501203;0.000501203;0.000501203;0.000501203;0.00260186;-0.0411192;-0.00971442;0.289611;0.513232;0.289611;-0.00971442;-0.0411192;0.00260186;0.000501203;0.000501203;0.000501203;0.000501203;0.000501203;-0.000501203
176400,0.15,11,23,1,-95,1.07422,22,0.124717,-0.000874374;0.000487212;0.00481007;0.00560121;-0.00535679;-0.00560121;-0.00560121;-0.00560121;-0.00560121;-0.00560121;0.262628;0.521422;0.262628;-0.00560121;-0.00560121;-0.00560121;-0.00560121;-0.00560121;-0.00535679;0.00560121;0.00481007;0.000487212;-0.000874374
176400,0.15,12,25,1,-94.9951,63.1836,24,0.136054,0.059681;-0.0540183;-0.174;0.174;0.174;-0.0873992;-0.136423;-0.174;0.174;0.116025;0.0150526;0.275388;0.275388;0.275388;0.0150526;0.116025;0.174;-0.174;-0.136423;-0.0873992;0.174;0.174;-0.174;-0.0540183;0.059681
176400,0.15,13,27,1,-94.9898,48.4375,26,0.147392,0.0524644;-0.0452066;-0.153705;0.153705;0.153705;-0.153705;-0.0980457;0.0376422;0.131965;-0.0548078;-0.153705;0.153705;0.317326;0.317326;0.317326;0.153705;-0.153705;-0.0548078;0.131965;0.0376422;-0.0980457;-0.153705;0.153705;0.153705;-0.153705;-0.0452066;0.0524644
176400,0.15,14,29,1,-94.9995,100,28,0.15873,0.0281905;0.0733903;-0.121096;-0.222478;0.222478;0.222478;-0.091507;0.0111786;-0.222478;-0.222478;0.222478;0.222478;0.156319;0.165427;0.111239;0.165427;0.156319;0.222478;0.222478;-0.222478;-0.222478;0.0111786;-0.091507;0.222478;0.222478;-0.222478;-0.121096;0.0733903;0.0281905
176400,0.15,15,31,0,0,1e+300,0,0,0;0;0;0;0;0;0;0;0;0;0;0;0;0;0;0;0;0;0;0;0;0;0;0;0;0;0;0;0;0;0
176400,0.15,16,33,0,0,1e+300,0,0,0;0;0;0;0;0;0;0;0;0;0;0;0;0;0;0;0;0;0;0;0;0;0;0;0;0;0;0;0;0;0;0;0
176400,0.15,17,35,1,-94.9949,100,34,0.192744,0.158807;-0.1035;-0.525603;0.525603;0.318301;-0.525603;0.525603;-0.474614;-0.43022;0.525603;0.039849;0.525603;-0.525603;-0.247406;0.163258;-0.238482;0.525603;0.525603;0.525603;-0.238482;0.163258;-0.247406;-0.525603;0.525603;0.039849;0.525603;-0.43022;-0.474614;0.525603;-0.525603;0.318301;0.525603;-0.525603;-0.1035;0.158807
176400,0.15,18,37,0,0,1e+300,0,0,0;0;0;0;0;0;0;0;0;0;0;0;0;0;0;0;0;0;0;0;0;0;0;0;0;0;0;0;0;0;0;0;0;0;0;0;0
176400,0.15,19,39,0,0,1e+300,0,0,0;0;0;0;0;0;0;0;0;0;0;0;0;0;0;0;0;0;0;0;0;0;0;0;0;0;0;0;0;0;0;0;0;0;0;0;0;0;0
176400,0.2,8,17,1,-94.9828,100,16,0.0907029,0.0527893;-0.0801424;-0.17923;0.330138;0.228221;-0.530708;-0.117129;0.530708;0.530708;0.530708;-0.117129;-0.530708;0.228221;0.330138;-0.17923;-0.0801424;0.0527893
176400,0.2,9,19,1,-94.9973,8.36431,6,0.0340136,0.000474148;-0.000474148;0.000474148;-0.000106852;0.000474148;0.000474148;-0.040611;0.00734747;0.289184;0.485528;0.289184;0.00734747;-0.040611;0.000474148;0.000474148;-0.000106852;0.000474148;-0.000474148;0.000474148
176400,0.2,10,21,1,-94.9936,1.5625,20,0.113379,0.00812141;0.00761093;-0.00812141;-0.00647498;0.0063622;-0.00586301;-0.00812141;-0.00812141;-0.00812141;0.262844;0.51977;0.262844;-0.00812141;-0.00812141;-0.00812141;-0.00586301;0.0063622;-0.00647498;-0.00812141;0.00761093;0.00812141
176400,0.2,11,23,1,-94.9969,0.976563,20,0.113379,0.000211742;0.00415205;0.00456644;0.00177603;-0.00506383;-0.00506383;-0.00506383;-0.00506383;-0.00506383;-0.00506383;0.260409;0.518536;0.260409;-0.00506383;-0.00506383;-0.00506383;-0.00506383;-0.00506383;-0.00506383;0.00177603;0.00456644;0.00415205;0.000211742
176400,0.2,12,25,1,-94.994,0.976563,22,0.124717,0.000313596;-0.00115275;0.00212619;0.00508529;0.00245367;-0.00508529;-0.00508529;-0.00508529;-0.00508529;-0.00508529;-0.00508529;0.261319;0.520734;0.261319;-0.00508529;-0.00508529;-0.00508529;-0.00508529;-0.00508529;-0.00508529;0.00245367;0.00508529;0.00212619;-0.00115275;0.000313596
176400,0.2,13,27,1,-94.9971,0.878906,26,0.147392,-0.00139633;-0.00336357;-0.000191285;0.00453342;0.00453342;0.00453342;-0.00453342;-0.00453342;-0.00453342;-0.00453342;-0.00453342;-0.00453342;0.26065;0.515803;0.26065;-0.00453342;-0.00453342;-0.00453342;-0.00453342;-0.00453342;-0.00453342;0.00453342;0.00453342;0.00453342;-0.000191285;-0.00336357;-0.00139633
176400,0.2,14,29,1,-94.9894,100,28,0.15873,0.0621445;0.0249118;-0.184791;-0.0848009;0.184791;0.184791;0.000921375;-0.159933;-0.184791;-0.0845452;0.184791;0.184791;0.0945344;0.184791;0.184791;0.184791;0.0945344;0.184791;0.184791;-0.0845452;-0.184791;-0.159933;0.000921375;0.184791;0.184791;-0.0848009;-0.184791;0.0249118;0.0621445
176400,0.2,15,31,1,-94.9987,0.78125,30,0.170068,0.00064615;-0.00402367;-0.00402367;0.00402367;0.00230098;0.00402367;0.00402367;0.000536664;-0.00402367;-0.00402367;-0.00402367;-0.00402367;-0.00402367;-0.00402367;0.259119;0.51503;0.259119;-0.00402367;-0.00402367;-0.00402367;-0.00402367;-0.00402367;-0.00402367;0.000536664;0.00402367;0.00402367;0.00230098;0.00402367;-0.00402367;-0.00402367;0.00064615
176400,0.2,16,33,0,0,1e+300,0,0,0;0;0;0;0;0;0;0;0;0;0;0;0;0;0;0;0;0;0;0;0;0;0;0;0;0;0;0;0;0;0;0;0
176400,0.2,17,35,0,0,1e+300,0,0,0;0;0;0;0;0;0;0;0;0;0;0;0;0;0;0;0;0;0;0;0;0;0;0;0;0;0;0;0;0;0;0;0;0;0
176400,0.2,18,37,0,0,1e+300,0,0,0;0;0;0;0;0;0;0;0;0;0;0;0;0;0;0;0;0;0;0;0;0;0;0;0;0;0;0;0;0;0;0;0;0;0;0;0
176400,0.2,19,39,0,0,1e+300,0,0,0;0;0;0;0;0;0;0;0;0;0;0;0;0;0;0;0;0;0;0;0;0;0;0;0;0;0;0;0;0;0;0;0;0;0;0;0;0;0
176400,0.2,20,41,0,0,1e+300,0,0,0;0;0;0;0;0;0;0;0;0;0;0;0;0;0;0;0;0;0;0;0;0;0;0;0;0;0;0;0;0;0;0;0;0;0;0;0;0;0;0;0
176400,0.2,21,43,0,0,1e+300,0,0,0;0;0;0;0;0;0;0;0;0;0;0;0;0;0;0;0;0;0;0;0;0;0;0;0;0;0;0;0;0;0;0;0;0;0;0;0;0;0;0;0;0;0
176400,0.2,22,45,0,0,1e+300,0,0,0;0;0;0;0;0;0;0;0;0;0;0;0;0;0;0;0;0;0;0;0;0;0;0;0;0;0;0;0;0;0;0;0;0;0;0;0;0;0;0;0;0;0;0;0
176400,0.2,23,47,0,0,1e+300,0,0,0;0;0;0;0;0;0;0;0;0;0;0;0;0;0;0;0;0;0;0;0;0;0;0;0;0;0;0;0;0;0;0;0;0;0;0;0;0;0;0;0;0;0;0;0;0;0
176400,0.25,8,17,1,-94.9908,1.07422,16,0.0907029,0.00560507;-0.000611441;-0.00528087;-0.00560507;-0.00560507;-0.00560507;-0.00560507;0.261817;0.521781;0.261817;-0.00560507;-0.00560507;-0.00560507;-0.00560507;-0.00528087;-0.000611441;0.00560507
176400,0.25,9,19,1,-94.9988,0.976563,18,0.102041,0.0028137;0.00506607;-0.00506607;-0.00432106;-0.00506607;-0.00506607;-0.00506607;-0.00506607;0.262389;0.518765;0.262389;-0.00506607;-0.00506607;-0.00506607;-0.00506607;-0.00432106;-0.00506607;0.00506607;0.0028137
176400,0.25,10,21,1,-94.996,0.976563,20,0.113379,0.00504858;0.00504858;-0.000710221;-0.00504858;-0.00272402;-0.00504858;-0.00504858;-0.00504858;-0.00504858;0.260093;0.516975;0.260093;-0.00504858;-0.00504858;-0.00504858;-0.00504858;-0.00272402;-0.00504858;-0.000710221;0.00504858;0.00504858
176400,0.25,11,23,1,-94.9984,0.878906,22,0.124717,-0.000609892;0.00456651;0.00426246;-0.0006543;-0.00456651;-0.00456651;-0.00456651;-0.00456651;-0.00456651;-0.00456651;0.26005;0.519568;0.26005;-0.00456651;-0.00456651;-0.00456651;-0.00456651;-0.00456651;-0.00456651;-0.0006543;0.00426246;0.00456651;-0.000609892
176400,0.25,12,25,1,-94.9946,0.878906,22,0.124717,0.000173077;-0.000816389;0.00456688;0.00456688;-0.000839578;-0.00456688;-0.00456688;-0.00456688;-0.00456688;-0.00456688;-0.00456688;0.259946;0.519609;0.259946;-0.00456688;-0.00456688;-0.00456688;-0.00456688;-0.00456688;-0.00456688;-0.000839578;0.00456688;0.00456688;-0.000816389;0.000173077
176400,0.25,13,27,1,-94.9957,0.78125,26,0.147392,-0.00285855;-0.00295731;0.00182888;0.00401527;0.00401527;0.00401527;-0.00401527;-0.00401527;-0.00401527;-0.00401527;-0.00401527;-0.00401527;0.259056;0.513954;0.259056;-0.00401527;-0.00401527;-0.00401527;-0.00401527;-0.00401527;-0.00401527;0.00401527;0.00401527;0.00401527;0.00182888;-0.00295731;-0.00285855
176400,0.25,14,29,0,-46.2375,14.2123,28,0.15873,-0.0100334;0.0122615;0.0466106;-0.0415313;-0.0415313;0.0292752;0.00736762;0.0412504;-0.00379762;-0.0415313;-0.0415313;-0.0415313;0.130155;0.290588;0.32796;0.290588;0.130155;-0.0415313;-0.0415313;-0.0415313;-0.00379762;0.0412504;0.00736762;0.0292752;-0.0415313;-0.0415313;0.0466106;0.0122615;-0.0100334
176400,0.25,15,31,1,-94.9935,0.78125,30,0.170068,0.00292273;-0.00402673;-0.00402673;0.00402673;-0.00182086;0.00402673;0.00402673;0.00034148;-0.00402673;-0.00402673;-0.00402673;-0.00402673;-0.00402673;-0.00402673;0.260979;0.515422;0.260979;-0.00402673;-0.00402673;-0.00402673;-0.00402673;-0.00402673;-0.00402673;0.00034148;0.00402673;0.00402673;-0.00182086;0.00402673;-0.00402673;-0.00402673;0.00292273
176400,0.25,16,33,0,0,1e+300,0,0,0;0;0;0;0;0;0;0;0;0;0;0;0;0;0;0;0;0;0;0;0;0;0;0;0;0;0;0;0;0;0;0;0
176400,0.25,17,35,0,0,1e+300,0,0,0;0;0;0;0;0;0;0;0;0;0;0;0;0;0;0;0;0;0;0;0;0;0;0;0;0;0;0;0;0;0;0;0;0;0
176400,0.25,18,37,0,0,1e+300,0,0,0;0;0;0;0;0;0;0;0;0;0;0;0;0;0;0;0;0;0;0;0;0;0;0;0;0;0;0;0;0;0;0;0;0;0;0;0
176400,0.25,19,39,0,0,1e+300,0,0,0;0;0;0;0;0;0;0;0;0;0;0;0;0;0;0;0;0;0;0;0;0;0;0;0;0;0;0;0;0;0;0;0;0;0;0;0;0;0
176400,0.25,20,41,1,-94.9972,0.585938,40,0.226757,0.00250454;0.002583;-0.00165275;-0.000202751;0.000310558;-0.00302237;-0.00302237;-0.00302237;0.00302237;0.00302237;0.00302237;0.00302237;-0.00302237;-0.00302237;-0.00302237;-0.00302237;-0.00302237;-0.00302237;-0.00302237;0.256682;0.515818;0.256682;-0.00302237;-0.00302237;-0.00302237;-0.00302237;-0.00302237;-0.00302237;-0.00302237;0.00302237;0.00302237;0.00302237;0.00302237;-0.00302237;-0.00302237;-0.00302237;0.000310558;-0.000202751;-0.00165275;0.002583;0.00250454
176400,0.25,21,43,0,0,1e+300,0,0,0;0;0;0;0;0;0;0;0;0;0;0;0;0;0;0;0;0;0;0;0;0;0;0;0;0;0;0;0;0;0;0;0;0;0;0;0;0;0;0;0;0;0
176400,0.25,22,45,0,0,1e+300,0,0,0;0;0;0;0;0;0;0;0;0;0;0;0;0;0;0;0;0;0;0;0;0;0;0;0;0;0;0;0;0;0;0;0;0;0;0;0;0;0;0;0;0;0;0;0
176400,0.25,23,47,0,0,1e+300,0,0,0;0;0;0;0;0;0;0;0;0;0;0;0;0;0;0;0;0;0;0;0;0;0;0;0;0;0;0;0;0;0;0;0;0;0;0;0;0;0;0;0;0;0;0;0;0;0
176400,0.25,24,49,0,0,1e+300,0,0,0;0;0;0;0;0;0;0;0;0;0;0;0;0;0;0;0;0;0;0;0;0;0;0;0;0;0;0;0;0;0;0;0;0;0;0;0;0;0;0;0;0;0;0;0;0;0;0;0
176400,0.25,25,51,0,0,1e+300,0,0,0;0;0;0;0;0;0;0;0;0;0;0;0;0;0;0;0;0;0;0;0;0;0;0;0;0;0;0;0;0;0;0;0;0;0;0;0;0;0;0;0;0;0;0;0;0;0;0;0;0;0
176400,0.25,26,53,0,0,1e+300,0,0,0;0;0;0;0;0;0;0;0;0;0;0;0;0;0;0;0;0;0;0;0;0;0;0;0;0;0;0;0;0;0;0;0;0;0;0;0;0;0;0;0;0;0;0;0;0;0;0;0;0;0;0;0
176400,0.25,27,55,0,0,1e+300,0,0,0;0;0;0;0;0;0;0;0;0;0;0;0;0;0;0;0;0;0;0;0;0;0;0;0;0;0;0;0;0;0;0;0;0;0;0;0;0;0;0;0;0;0;0;0;0;0;0;0;0;0;0;0;0;0
176400,0.25,28,57,0,0,1e+300,0,0,0;0;0;0;0;0;0;0;0;0;0;0;0;0;0;0;0;0;0;0;0;0;0;0;0;0;0;0;0;0;0;0;0;0;0;0;0;0;0;0;0;0;0;0;0;0;0;0;0;0;0;0;0;0;0;0;0
176400,0.3,8,17,1,-94.984,0.976563,16,0.0907029,0.00507834;-0.00117654;-0.00492841;-0.00507834;-0.00507834;-0.00507834;-0.00507834;0.261329;0.520022;0.261329;-0.00507834;-0.00507834;-0.00507834;-0.00507834;-0.00492841;-0.00117654;0.00507834
176400,0.3,9,19,1,-94.9993,0.878906,18,0.102041,0.001864;0.00450353;-0.00455552;-0.00455552;-0.00455552;-0.00455552;-0.00455552;-0.00455552;0.261807;0.518317;0.261807;-0.00455552;-0.00455552;-0.00455552;-0.00455552;-0.00455552;-0.00455552;0.00450353;0.001864
176400,0.3,10,21,1,-94.9999,0.878906,20,0.113379,0.00219172;0.00451611;0.0044357;-0.00451611;-0.00451611;-0.00451611;-0.00451611;-0.00451611;-0.00451611;0.259037;0.513833;0.259037;-0.00451611;-0.00451611;-0.00451611;-0.00451611;-0.00451611;-0.00451611;0.0044357;0.00451611;0.00219172
176400,0.3,11,23,1,-94.9989,0.878906,22,0.124717,0.00331638;0.0045279;0.0001318;0.00146427;-0.0045279;-0.0045279;-0.0045279;-0.0045279;-0.0045279;-0.0045279;0.26014;0.515174;0.26014;-0.0045279;-0.0045279;-0.0045279;-0.0045279;-0.0045279;-0.0045279;0.00146427;0.0001318;0.0045279;0.00331638
176400,0.3,12,25,1,-94.9999,9.95744,6,0.0340136,-0.000446078;0.000446078;-0.000446078;0.000446078;-0.000137271;0.000446078;0.000446078;0.000446078;0.000446078;-0.0454839;0.0217417;0.293703;0.456784;0.293703;0.0217417;-0.0454839;0.000446078;0.000446078;0.000446078;0.000446078;-0.000137271;0.000446078;-0.000446078;0.000446078;-0.000446078
176400,0.3,13,27,1,-94.9938,0.78125,26,0.147392,-0.00233358;0.000494075;0.00106693;0.00406605;0.00406605;-0.00406605;-0.00406605;-0.00406605;-0.00406605;-0.00258468;-0.00406605;-0.00406605;0.259394;0.520454;0.259394;-0.00406605;-0.00406605;-0.00258468;-0.00406605;-0.00406605;-0.00406605;-0.00406605;0.00406605;0.00406605;0.00106693;0.000494075;-0.00233358
176400,0.3,14,29,1,-94.9997,100,28,0.15873,0.122646;-0.0917112;-0.30798;0.30798;0.103712;-0.166653;0.30798;-0.30798;-0.250543;0.30798;-0.0333997;-0.00466498;0.205053;0.205053;0.205053;0.205053;0.205053;-0.00466498;-0.0333997;0.30798;-0.250543;-0.30798;0.30798;-0.166653;0.103712;0.30798;-0.30798;-0.0917112;0.122646
176400,0.3,15,31,1,-94.9999,0.683594,30,0.170068,-0.00350602;-0.00350602;0.00137125;0.00350602;0.00242616;0.00350602;0.00350602;0.000573958;-0.00350602;-0.00350602;-0.00350602;-0.00350602;-0.00350602;-0.00350602;0.256719;0.51288;0.256719;-0.00350602;-0.00350602;-0.00350602;-0.00350602;-0.00350602;-0.00350602;0.000573958;0.00350602;0.00350602;0.00242616;0.00350602;0.00137125;-0.00350602;-0.00350602
176400,0.3,16,33,0,0,1e+300,0,0,0;0;0;0;0;0;0;0;0;0;0;0;0;0;0;0;0;0;0;0;0;0;0;0;0;0;0;0;0;0;0;0;0
176400,0.3,17,35,0,0,1e+300,0,0,0;0;0;0;0;0;0;0;0;0;0;0;0;0;0;0;0;0;0;0;0;0;0;0;0;0;0;0;0;0;0;0;0;0;0
176400,0.3,18,37,0,0,1e+300,0,0,0;0;0;0;0;0;0;0;0;0;0;0;0;0;0;0;0;0;0;0;0;0;0;0;0;0;0;0;0;0;0;0;0;0;0;0;0
176400,0.3,19,39,0,0,1e+300,0,0,0;0;0;0;0;0;0;0;0;0;0;0;0;0;0;0;0;0;0;0;0;0;0;0;0;0;0;0;0;0;0;0;0;0;0;0;0;0;0
176400,0.3,20,41,0,0,1e+300,0,0,0;0;0;0;0;0;0;0;0;0;0;0;0;0;0;0;0;0;0;0;0;0;0;0;0;0;0;0;0;0;0;0;0;0;0;0;0;0;0;0;0
176400,0.3,21,43,0,0,1e+300,0,0,0;0;0;0;0;0;0;0;0;0;0;0;0;0;0;0;0;0;0;0;0;0;0;0;0;0;0;0;0;0;0;0;0;0;0;0;0;0;0;0;0;0;0
176400,0.3,22,45,0,0,1e+300,0,0,0;0;0;0;0;0;0;0;0;0;0;0;0;0;0;0;0;0;0;0;0;0;0;0;0;0;0;0;0;0;0;0;0;0;0;0;0;0;0;0;0;0;0;0;0
176400,0.3,23,47,0,0,1e+300,0,0,0;0;0;0;0;0;0;0;0;0;0;0;0;0;0;0;0;0;0;0;0;0;0;0;0;0;0;0;0;0;0;0;0;0;0;0;0;0;0;0;0;0;0;0;0;0;0
176400,0.35,8,17,1,-94.9911,0.878906,16,0.0907029,0.00452422;-0.00176119;-0.0045553;-0.0045553;-0.0045553;-0.0045553;-0.0045553;0.260867;0.518292;0.260867;-0.0045553;-0.0045553;-0.0045553;-0.0045553;-0.0045553;-0.00176119;0.00452422
176400,0.35,9,19,1,-94.9987,0.878906,18,0.102041,0.00258824;0.00452619;-0.00452619;-0.00296844;-0.00452619;-0.00452619;-0.00452619;-0.00452619;0.260995;0.51498;0.260995;-0.00452619;-0.00452619;-0.00452619;-0.00452619;-0.00296844;-0.00452619;0.00452619;0.00258824
176400,0.35,10,21,1,-94.9959,0.78125,20,0.113379,0.00401258;0.00394333;0.00122458;-0.00401258;-0.00401258;-0.00401258;-0.00401258;-0.00401258;-0.00401258;0.25809;0.51361;0.25809;-0.00401258;-0.00401258;-0.00401258;-0.00401258;-0.00401258;-0.00401258;0.00122458;0.00394333;0.00401258
176400,0.35,11,23,1,-94.9997,0.78125,22,0.124717,0.0017174;0.00403719;0.000301908;-0.000310339;-0.00403719;-0.00403719;-0.00403719;-0.00403719;-0.00403719;-0.00403719;0.260097;0.516761;0.260097;-0.00403719;-0.00403719;-0.00403719;-0.00403719;-0.00403719;-0.00403719;-0.000310339;0.000301908;0.00403719;0.0017174
176400,0.35,12,25,1,-94.9999,17.5781,24,0.136054,-0.0190698;-0.0189365;0.0423468;0.0423468;-0.00782516;-0.0143118;-0.0423468;-0.0423468;-0.00737915;0.0423468;0.163817;0.240906;0.240906;0.240906;0.163817;0.0423468;-0.00737915;-0.0423468;-0.0423468;-0.0143118;-0.00782516;0.0423468;0.0423468;-0.0189365;-0.0190698
176400,0.35,13,27,1,-94.9964,0.683594,26,0.147392,-0.00315036;-0.00153959;0.00348675;0.00348675;0.00348675;0.00348675;-0.00348675;-0.00348675;-0.00348675;-0.00348675;-0.00348675;-0.00348675;0.256633;0.510062;0.256633;-0.00348675;-0.00348675;-0.00348675;-0.00348675;-0.00348675;-0.00348675;0.00348675;0.00348675;0.00348675;0.00348675;-0.00153959;-0.00315036
176400,0.35,14,29,0,-81.3899,100,28,0.15873,0.0257451;0.0373996;-0.0780948;-0.0780948;0.0780875;0.0780875;0.0272767;-0.0780948;0.0408398;-0.0455021;-0.312368;0.312361;0.312361;0.0238226;0.312349;0.0238226;0.312361;0.312361;-0.312368;-0.0455021;0.0408398;-0.0780948;0.0272767;0.0780875;0.0780875;-0.0780948;-0.0780948;0.0373996;0.0257451
176400,0.35,15,31,1,-94.9968,0.683594,30,0.170068,0.00203611;-0.00348326;-0.00348326;0.00348326;1.07662e-05;0.00348326;0.00348326;0.00219362;-0.00348326;-0.00348326;-0.00348326;-0.00348326;-0.00348326;-0.00348326;0.2584;0.509551;0.2584;-0.00348326;-0.00348326;-0.00348326;-0.00348326;-0.00348326;-0.00348326;0.00219362;0.00348326;0.00348326;1.07662e-05;0.00348326;-0.00348326;-0.00348326;0.00203611
176400,0.35,16,33,0,0,1e+300,0,0,0;0;0;0;0;0;0;0;0;0;0;0;0;0;0;0;0;0;0;0;0;0;0;0;0;0;0;0;0;0;0;0;0
176400,0.35,17,35,0,0,1e+300,0,0,0;0;0;0;0;0;0;0;0;0;0;0;0;0;0;0;0;0;0;0;0;0;0;0;0;0;0;0;0;0;0;0;0;0;0
176400,0.35,18,37,0,0,1e+300,0,0,0;0;0;0;0;0;0;0;0;0;0;0;0;0;0;0;0;0;0;0;0;0;0;0;0;0;0;0;0;0;0;0;0;0;0;0;0
176400,0.35,19,39,1,-94.9953,12.5,38,0.21542,-0.0688582;0.0626109;0.108104;-0.108104;0.00977124;-0.0738684;0.0427023;0.108104;-0.108104;0.108104;-0.108104;0.00606142;0.0501722;-0.0691115;0.108104;-0.108104;0.108104;-0.108104;0.108104;0.864832;0.108104;-0.108104;0.108104;-0.108104;0.108104;-0.0691115;0.0501722;0.00606142;-0.108104;0.108104;-0.108104;0.108104;0.0427023;-0.0738684;0.00977124;-0.108104;0.108104;0.0626109;-0.0688582
176400,0.35,20,41,0,0,1e+300,0,0,0;0;0;0;0;0;0;0;0;0;0;0;0;0;0;0;0;0;0;0;0;0;0;0;0;0;0;0;0;0;0;0;0;0;0;0;0;0;0;0;0
176400,0.35,21,43,1,-94.999,0.488281,42,0.238095,0.00250065;0.00153628;-0.00025811;0.00240422;-5.43803e-05;-0.00250065;-0.00250065;-0.00250065;-0.00250065;0.00250065;0.00250065;0.00250065;0.00250065;-0.00250065;-0.00250065;-0.00250065;-0.00250065;-0.00250065;-0.00250065;-0.00250065;0.255309;0.512133;0.255309;-0.00250065;-0.00250065;-0.00250065;-0.00250065;-0.00250065;-0.00250065;-0.00250065;0.00250065;0.00250065;0.00250065;0.00250065;-0.00250065;-0.00250065;-0.00250065;-0.00250065;-5.43803e-05;0.00240422;-0.00025811;0.00153628;0.00250065
176400,0.35,22,45,0,0,1e+300,0,0,0;0;0;0;0;0;0;0;0;0;0;0;0;0;0;0;0;0;0;0;0;0;0;0;0;0;0;0;0;0;0;0;0;0;0;0;0;0;0;0;0;0;0;0;0
176400,0.35,23,47,0,0,1e+300,0,0,0;0;0;0;0;0;0;0;0;0;0;0;0;0;0;0;0;0;0;0;0;0;0;0;0;0;0;0;0;0;0;0;0;0;0;0;0;0;0;0;0;0;0;0;0;0;0
176400,0.35,24,49,0,0,1e+300,0,0,0;0;0;0;0;0;0;0;0;0;0;0;0;0;0;0;0;0;0;0;0;0;0;0;0;0;0;0;0;0;0;0;0;0;0;0;0;0;0;0;0;0;0;0;0;0;0;0;0
176400,0.35,25,51,0,0,1e+300,0,0,0;0;0;0;0;0;0;0;0;0;0;0;0;0;0;0;0;0;0;0;0;0;0;0;0;0;0;0;0;0;0;0;0;0;0;0;0;0;0;0;0;0;0;0;0;0;0;0;0;0;0
176400,0.35,26,53,0,0,1e+300,0,0,0;0;0;0;0;0;0;0;0;0;0;0;0;0;0;0;0;0;0;0;0;0;0;0;0;0;0;0;0;0;0;0;0;0;0;0;0;0;0;0;0;0;0;0;0;0;0;0;0;0;0;0;0
176400,0.35,27,55,0,0,1e+300,0,0,0;0;0;0;0;0;0;0;0;0;0;0;0;0;0;0;0;0;0;0;0;0;0;0;0;0;0;0;0;0;0;0;0;0;0;0;0;0;0;0;0;0;0;0;0;0;0;0;0;0;0;0;0;0;0
176400,0.35,28,57,0,0,1e+300,0,0,0;0;0;0;0;0;0;0;0;0;0;0;0;0;0;0;0;0;0;0;0;0;0;0;0;0;0;0;0;0;0;0;0;0;0;0;0;0;0;0;0;0;0;0;0;0;0;0;0;0;0;0;0;0;0;0;0
176400,0.35,29,59,0,0,1e+300,0,0,0;0;0;0;0;0;0;0;0;0;0;0;0;0;0;0;0;0;0;0;0;0;0;0;0;0;0;0;0;0;0;0;0;0;0;0;0;0;0;0;0;0;0;0;0;0;0;0;0;0;0;0;0;0;0;0;0;0;0
176400,0.4,8,17,1,-94.9913,0.78125,16,0.0907029,0.0037667;-0.0025046;-0.00403668;-0.00403668;-0.00403668;-0.00403668;-0.00403668;0.260574;0.516696;0.260574;-0.00403668;-0.00403668;-0.00403668;-0.00403668;-0.00403668;-0.0025046;0.0037667
176400,0.4,9,19,1,-94.9939,0.78125,18,0.102041,0.00149121;0.00401965;-0.00401965;-0.00323381;-0.00401965;-0.00401965;-0.00401965;-0.00401965;0.260563;0.514516;0.260563;-0.00401965;-0.00401965;-0.00401965;-0.00401965;-0.00323381;-0.00401965;0.00401965;0.00149121
176400,0.4,10,21,1,-94.9945,0.78125,20,0.113379,0.00203687;0.00398661;0.00398661;-0.00398661;-0.00318908;-0.00398661;-0.00398661;-0.00398661;-0.00398661;0.257969;0.510287;0.257969;-0.00398661;-0.00398661;-0.00398661;-0.00398661;-0.00318908;-0.00398661;0.00398661;0.00398661;0.00203687
176400,0.4,11,23,1,-94.996,0.683594,20,0.113379,-0.000387181;0.00353834;0.00140633;-0.00172312;-0.00353834;-0.00353834;-0.00353834;-0.00353834;-0.00353834;-0.00353834;0.259591;0.517608;0.259591;-0.00353834;-0.00353834;-0.00353834;-0.00353834;-0.00353834;-0.00353834;-0.00172312;0.00140633;0.00353834;-0.000387181
176400,0.4,12,25,1,-94.9987,9.33536,6,0.0340136,0.000461375;0.000461375;-0.000461375;0.000461375;-0.000461375;0.000461375;-0.000461375;0.000461375;-0.000461375;-0.0441047;0.0151644;0.292255;0.472448;0.292255;0.0151644;-0.0441047;-0.000461375;0.000461375;-0.000461375;0.000461375;-0.000461375;0.000461375;-0.000461375;0.000461375;0.000461375
176400,0.4,13,27,1,-94.9935,0.585938,26,0.147392,-0.0030297;0.000507174;0.00205191;0.0030297;0.0030297;-0.00297808;-0.0030297;-0.0030297;-0.0030297;-0.0030297;-0.0030297;-0.0030297;0.257033;0.51707;0.257033;-0.0030297;-0.0030297;-0.0030297;-0.0030297;-0.0030297;-0.0030297;-0.00297808;0.0030297;0.0030297;0.00205191;0.000507174;-0.0030297
176400,0.4,14,29,1,-94.9963,12.5473,6,0.0340136,-0.000409464;0.000409464;-0.000409464;0.000409464;-0.000409464;0.000409464;-0.000227025;0.000409464;0.000409464;0.000409464;0.000409464;-0.0526096;0.0409864;0.300567;0.419291;0.300567;0.0409864;-0.0526096;0.000409464;0.000409464;0.000409464;0.000409464;-0.000227025;0.000409464;-0.000409464;0.000409464;-0.000409464;0.000409464;-0.000409464
176400,0.4,15,31,1,-95,0.683594,30,0.170068,-0.00176328;-0.0035029;0.0035029;0.0035029;-0.0035029;0.0035029;0.0035029;0.000797926;-0.0035029;-0.0035029;-0.0035029;-0.0035029;-0.0035029;-0.0035029;0.258765;0.512425;0.258765;-0.0035029;-0.0035029;-0.0035029;-0.0035029;-0.0035029;-0.0035029;0.000797926;0.0035029;0.0035029;-0.0035029;0.0035029;0.0035029;-0.0035029;-0.00176328
176400,0.4,16,33,0,0,1e+300,0,0,0;0;0;0;0;0;0;0;0;0;0;0;0;0;0;0;0;0;0;0;0;0;0;0;0;0;0;0;0;0;0;0;0
176400,0.4,17,35,0,0,1e+300,0,0,0;0;0;0;0;0;0;0;0;0;0;0;0;0;0;0;0;0;0;0;0;0;0;0;0;0;0;0;0;0;0;0;0;0;0
176400,0.4,18,37,0,0,1e+300,0,0,0;0;0;0;0;0;0;0;0;0;0;0;0;0;0;0;0;0;0;0;0;0;0;0;0;0;0;0;0;0;0;0;0;0;0;0;0
176400,0.4,19,39,0,-42.6543,12.6194,38,0.21542,0.0018592;0.0226901;0.0213075;-0.035676;-0.035676;0.0344137;0.013029;-0.035676;0.0359985;0.0359985;-0.0356766;-0.035676;0.0110481;0.0359985;-0.0356599;-0.035676;-0.0127484;0.122813;0.284677;0.285264;0.284677;0.122813;-0.0127484;-0.035676;-0.0356599;0.0359985;0.0110481;-0.035676;-0.0356766;0.0359985;0.0359985;-0.035676;0.013029;0.0344137;-0.035676;-0.035676;0.0213075;0.0226901;0.0018592
176400,0.4,20,41,0,0,1e+300,0,0,0;0;0;0;0;0;0;0;0;0;0;0;0;0;0;0;0;0;0;0;0;0;0;0;0;0;0;0;0;0;0;0;0;0;0;0;0;0;0;0;0
176400,0.4,21,43,0,0,1e+300,0,0,0;0;0;0;0;0;0;0;0;0;0;0;0;0;0;0;0;0;0;0;0;0;0;0;0;0;0;0;0;0;0;0;0;0;0;0;0;0;0;0;0;0;0
176400,0.45,8,17,1,-94.9913,0.78125,16,0.0907029,0.00401744;-0.00146605;-0.00309414;-0.00401744;-0.00401744;-0.00401744;-0.00401744;0.259496;0.514232;0.259496;-0.00401744;-0.00401744;-0.00401744;-0.00401744;-0.00309414;-0.00146605;0.00401744
176400,0.45,9,19,1,-94.9976,0.683594,18,0.102041,0.000723837;0.00351353;-0.00351353;-0.00348037;-0.00351353;-0.00351353;-0.00351353;-0.00351353;0.259821;0.51398;0.259821;-0.00351353;-0.00351353;-0.00351353;-0.00351353;-0.00348037;-0.00351353;0.00351353;0.000723837
176400,0.45,10,21,1,-94.9969,0.683594,20,0.113379,0.00227882;0.00348117;0.00348117;-0.00348117;-0.00341588;-0.00348117;-0.00348117;-0.00348117;-0.00348117;0.256958;0.509245;0.256958;-0.00348117;-0.00348117;-0.00348117;-0.00348117;-0.00341588;-0.00348117;0.00348117;0.00348117;0.00227882
176400,0.45,11,23,1,-94.9965,0.683594,22,0.124717,0.00351475;0.00351475;-0.00326291;-4.46971e-05;-0.00328233;-0.00351475;-0.00351475;-0.00351475;-0.00351475;-0.00351475;0.260056;0.514157;0.260056;-0.00351475;-0.00351475;-0.00351475;-0.00351475;-0.00351475;-0.00328233;-4.46971e-05;-0.00326291;0.00351475;0.00351475
176400,0.45,12,25,1,-94.9937,6.31872,24,0.136054,-0.000620679;-0.00066506;0.00110091;-0.00110091;0.00110091;-0.00110091;0.00110091;-0.00110091;0.00110091;-0.00110091;-0.0356166;0.255069;0.563667;0.255069;-0.0356166;-0.00110091;0.00110091;-0.00110091;0.00110091;-0.00110091;0.00110091;-0.00110091;0.00110091;-0.00066506;-0.000620679
176400,0.45,13,27,1,-94.9945,0.585938,26,0.147392,-0.000584914;0.00050396;-0.00136525;0.00303037;0.00303037;-0.00303037;-0.00303037;-0.00303037;-0.00303037;-0.00303037;-0.00303037;-0.00303037;0.258006;0.517183;0.258006;-0.00303037;-0.00303037;-0.00303037;-0.00303037;-0.00303037;-0.00303037;-0.00303037;0.00303037;0.00303037;-0.00136525;0.00050396;-0.000584914
176400,0.45,14,29,1,-94.9963,100,28,0.15873,0.0108583;0.0801658;-0.0777875;-0.246919;0.246919;0.246919;-0.246919;0.0491276;-0.0729032;-0.246919;0.246919;0.120711;0.0194489;0.246919;0.246919;0.246919;0.0194489;0.120711;0.246919;-0.246919;-0.0729032;0.0491276;-0.246919;0.246919;0.246919;-0.246919;-0.0777875;0.0801658;0.0108583
176400,0.45,15,31,1,-95,0.585938,30,0.170068,-0.00208183;-0.00299568;0.00299568;0.00299568;-0.0024063;0.00299568;0.00299568;0.00035543;-0.00299568;-0.00299568;-0.00299568;-0.00299568;-0.00299568;-0.00299568;0.257488;0.511263;0.257488;-0.00299568;-0.00299568;-0.00299568;-0.00299568;-0.00299568;-0.00299568;0.00035543;0.00299568;0.00299568;-0.0024063;0.00299568;0.00299568;-0.00299568;-0.00208183
176400,0.45,16,33,0,0,1e+300,0,0,0;0;0;0;0;0;0;0;0;0;0;0;0;0;0;0;0;0;0;0;0;0;0;0;0;0;0;0;0;0;0;0;0
176400,0.45,17,35,0,0,1e+300,0,0,0;0;0;0;0;0;0;0;0;0;0;0;0;0;0;0;0;0;0;0;0;0;0;0;0;0;0;0;0;0;0;0;0;0;0
176400,0.45,18,37,0,0,1e+300,0,0,0;0;0;0;0;0;0;0;0;0;0;0;0;0;0;0;0;0;0;0;0;0;0;0;0;0;0;0;0;0;0;0;0;0;0;0;0
176400,0.45,19,39,0,0,1e+300,0,0,0;0;0;0;0;0;0;0;0;0;0;0;0;0;0;0;0;0;0;0;0;0;0;0;0;0;0;0;0;0;0;0;0;0;0;0;0;0;0
176400,0.45,20,41,0,0,1e+300,0,0,0;0;0;0;0;0;0;0;0;0;0;0;0;0;0;0;0;0;0;0;0;0;0;0;0;0;0;0;0;0;0;0;0;0;0;0;0;0;0;0;0
176400,0.45,21,43,0,0,1e+300,0,0,0;0;0;0;0;0;0;0;0;0;0;0;0;0;0;0;0;0;0;0;0;0;0;0;0;0;0;0;0;0;0;0;0;0;0;0;0;0;0;0;0;0;0
176400,0.45,22,45,0,0,1e+300,0,0,0;0;0;0;0;0;0;0;0;0;0;0;0;0;0;0;0;0;0;0;0;0;0;0;0;0;0;0;0;0;0;0;0;0;0;0;0;0;0;0;0;0;0;0;0
176400,0.45,23,47,0,0,1e+300,0,0,0;0;0;0;0;0;0;0;0;0;0;0;0;0;0;0;0;0;0;0;0;0;0;0;0;0;0;0;0;0;0;0;0;0;0;0;0;0;0;0;0;0;0;0;0;0;0
176400,0.5,8,17,1,-94.9915,0.683594,16,0.0907029,0.00350351;-0.00201576;-0.00274859;-0.00350351;-0.00350351;-0.00350351;-0.00350351;0.259018;0.512513;0.259018;-0.00350351;-0.00350351;-0.00350351;-0.00350351;-0.00274859;-0.00201576;0.00350351
176400,0.5,9,19,1,-94.999,0.683594,18,0.102041,0.00146574;0.00349134;-0.00349134;-0.00188002;-0.00349134;-0.00349134;-0.00349134;-0.00349134;0.259013;0.510734;0.259013;-0.00349134;-0.00349134;-0.00349134;-0.00349134;-0.00188002;-0.00349134;0.00349134;0.00146574
176400,0.5,10,21,1,-94.998,0.585938,20,0.113379,0.0029944;0.0018453;0.00046237;-0.0029944;-0.0029944;-0.0029944;-0.0029944;-0.0029944;-0.0029944;0.257142;0.511045;0.257142;-0.0029944;-0.0029944;-0.0029944;-0.0029944;-0.0029944;-0.0029944;0.00046237;0.0018453;0.0029944
176400,0.5,11,23,1,-94.9975,0.585938,22,0.124717,0.00166829;0.00301431;-0.00200155;-0.00118775;-0.00301431;-0.00301431;-0.00301431;-0.00301431;-0.00301431;-0.00301431;0.259372;0.514442;0.259372;-0.00301431;-0.00301431;-0.00301431;-0.00301431;-0.00301431;-0.00301431;-0.00118775;-0.00200155;0.00301431;0.00166829
176400,0.5,12,25,1,-94.9996,10.5732,6,0.0340136,-0.000419202;0.000419202;-0.000419202;0.000419202;-0.000419202;0.000419202;-0.000419202;0.000419202;-0.000419202;-0.0453868;0.0374687;0.293706;0.429263;0.293706;0.0374687;-0.0453868;-0.000419202;0.000419202;-0.000419202;0.000419202;-0.000419202;0.000419202;-0.000419202;0.000419202;-0.000419202
176400,0.5,13,27,1,-94.9897,0.488281,26,0.147392,-0.00212026;0.000436765;0.000769613;0.00251074;0.00251074;-0.00251074;-0.00251074;-0.00251074;-0.00251074;-0.00251074;-0.00251074;-0.00251074;0.256368;0.5142;0.256368;-0.00251074;-0.00251074;-0.00251074;-0.00251074;-0.00251074;-0.00251074;-0.00251074;0.00251074;0.00251074;0.000769613;0.000436765;-0.00212026
176400,0.5,14,29,0,-71.6428,100,28,0.15873,0.0548144;0.045826;-0.212026;0.0354207;0.289136;-0.289156;0.0487698;0.168728;-0.289156;0.289136;-0.0751608;-0.289156;0.289136;0.289136;0.289103;0.289136;0.289136;-0.289156;-0.0751608;0.289136;-0.289156;0.168728;0.0487698;-0.289156;0.289136;0.0354207;-0.212026;0.045826;0.0548144
176400,0.5,15,31,0,0,1e+300,0,0,0;0;0;0;0;0;0;0;0;0;0;0;0;0;0;0;0;0;0;0;0;0;0;0;0;0;0;0;0;0;0
176400,0.5,16,33,0,0,1e+300,0,0,0;0;0;0;0;0;0;0;0;0;0;0;0;0;0;0;0;0;0;0;0;0;0;0;0;0;0;0;0;0;0;0;0
176400,0.5,17,35,0,0,1e+300,0,0,0;0;0;0;0;0;0;0;0;0;0;0;0;0;0;0;0;0;0;0;0;0;0;0;0;0;0;0;0;0;0;0;0;0;0
176400,0.5,18,37,0,0,1e+300,0,0,0;0;0;0;0;0;0;0;0;0;0;0;0;0;0;0;0;0;0;0;0;0;0;0;0;0;0;0;0;0;0;0;0;0;0;0;0
176400,0.5,19,39,0,46.6795,100,38,0.21542,12.6659;-1.99601;81.0016;3.86546;3.76342;-19.501;-7.95005;-0.548061;-17.7921;0.406907;5.8813;-5.06044;-15.4672;-8.52787;5.89376;-12.3831;-4.12031;-12.3371;-9.68564;4.78115;-9.68564;-12.3371;-4.12031;-12.3831;5.89376;-8.52787;-15.4672;-5.06044;5.8813;0.406907;-17.7921;-0.548061;-7.95005;-19.501;3.76342;3.86546;81.0016;-1.99601;12.6659
176400,0.5,20,41,0,0,1e+300,0,0,0;0;0;0;0;0;0;0;0;0;0;0;0;0;0;0;0;0;0;0;0;0;0;0;0;0;0;0;0;0;0;0;0;0;0;0;0;0;0;0;0
176400,0.5,21,43,0,0,1e+300,0,0,0;0;0;0;0;0;0;0;0;0;0;0;0;0;0;0;0;0;0;0;0;0;0;0;0;0;0;0;0;0;0;0;0;0;0;0;0;0;0;0;0;0;0
192000,0.05,8,17,1,-94.9999,1.36719,16,0.0833333,0.00673457;0.00120979;-0.0058129;-0.00720462;-0.00720462;-0.00720462;-0.00720462;0.263204;0.526966;0.263204;-0.00720462;-0.00720462;-0.00720462;-0.00720462;-0.0058129;0.00120979;0.00673457
192000,0.05,9,19,1,-94.9974,1.26953,18,0.09375,0.0010959;0.00667039;-0.00134616;-0.0060358;-0.00624238;-0.00667039;-0.00667039;-0.00667039;0.263159;0.525421;0.263159;-0.00667039;-0.00667039;-0.00667039;-0.00624238;-0.0060358;-0.00134616;0.00667039;0.0010959
192000,0.05,10,21,1,-94.9968,1.26953,20,0.104167,0.00142386;-0.000281986;0.005116;0.00150253;-0.00669142;-0.00669142;-0.00669142;-0.00669142;-0.00669142;0.262158;0.527078;0.262158;-0.00669142;-0.00669142;-0.00669142;-0.00669142;-0.00669142;0.00150253;0.005116;-0.000281986;0.00142386
192000,0.05,11,23,1,-94.9981,1.07422,22,0.114583,-0.00148575;0.00043433;0.00560593;0.00545713;-0.00560593;-0.00560593;-0.00560593;-0.00560593;-0.00560593;-0.00560593;0.262693;0.521862;0.262693;-0.00560593;-0.00560593;-0.00560593;-0.00560593;-0.00560593;-0.00560593;0.00545713;0.00560593;0.00043433;-0.00148575
192000,0.05,12,25,1,-94.9994,0.976563,24,0.125,-0.00206405;-0.00207522;0.00487805;0.00509796;0.00145994;-0.00509796;-0.00509796;-0.00509796;-0.00509796;-0.00509796;-0.00509796;0.262276;0.522031;0.262276;-0.00509796;-0.00509796;-0.00509796;-0.00509796;-0.00509796;-0.00509796;0.00145994;0.00509796;0.00487805;-0.00207522;-0.00206405
192000,0.05,13,27,1,-94.9952,0.878906,26,0.135417,-0.00262612;-0.000865236;0.00148484;0.00458909;0.00458909;-0.00102052;-0.00458909;-0.00458909;-0.00458909;-0.00458909;-0.00458909;-0.00458909;0.260315;0.522137;0.260315;-0.00458909;-0.00458909;-0.00458909;-0.00458909;-0.00458909;-0.00458909;-0.00102052;0.00458909;0.00458909;0.00148484;-0.000865236;-0.00262612
192000,0.05,14,29,1,-94.9944,0.878906,28,0.145833,0.00257327;-0.00460932;-0.00409197;0.00460932;0.00460932;0.00411958;-0.00147741;-0.00460932;-0.00460932;-0.00460932;-0.00460932;-0.00460932;-0.00460932;0.259704;0.524438;0.259704;-0.00460932;-0.00460932;-0.00460932;-0.00460932;-0.00460932;-0.00460932;-0.00147741;0.00411958;0.00460932;0.00460932;-0.00409197;-0.00460932;0.00257327
192000,0.05,15,31,1,-94.9966,0.878906,30,0.15625,0.0029739;-0.00454762;-0.00454762;0.00454762;0.000904561;0.00454762;0.00143302;0.000381925;-0.00454762;-0.00454762;-0.00454762;-0.00454762;-0.00454762;-0.00454762;0.262883;0.517418;0.262883;-0.00454762;-0.00454762;-0.00454762;-0.00454762;-0.00454762;-0.00454762;0.000381925;0.00143302;0.00454762;0.000904561;0.00454762;-0.00454762;-0.00454762;0.0029739
192000,0.05,16,33,0,0,1e+300,0,0,0;0;0;0;0;0;0;0;0;0;0;0;0;0;0;0;0;0;0;0;0;0;0;0;0;0;0;0;0;0;0;0;0
192000,0.05,17,35,1,-94.9996,0.78125,34,0.177083,0.0028738;-0.00234269;-0.00408349;0.00408349;-0.00408349;-0.000838115;0.00408349;0.00408349;0.00408349;-0.00408349;-0.00336124;-0.00408349;-0.00408349;-0.00408349;-0.00408349;-0.00408349;0.258659;0.522687;0.258659;-0.00408349;-0.00408349;-0.00408349;-0.00408349;-0.00408349;-0.00336124;-0.00408349;0.00408349;0.00408349;0.00408349;-0.000838115;-0.00408349;0.00408349;-0.00408349;-0.00234269;0.0028738
192000,0.05,18,37,0,0,1e+300,0,0,0;0;0;0;0;0;0;0;0;0;0;0;0;0;0;0;0;0;0;0;0;0;0;0;0;0;0;0;0;0;0;0;0;0;0;0;0
192000,0.05,19,39,0,0,1e+300,0,0,0;0;0;0;0;0;0;0;0;0;0;0;0;0;0;0;0;0;0;0;0;0;0;0;0;0;0;0;0;0;0;0;0;0;0;0;0;0;0
192000,0.05,20,41,0,0,1e+300,0,0,0;0;0;0;0;0;0;0;0;0;0;0;0;0;0;0;0;0;0;0;0;0;0;0;0;0;0;0;0;0;0;0;0;0;0;0;0;0;0;0;0
192000,0.05,21,43,0,0,1e+300,0,0,0;0;0;0;0;0;0;0;0;0;0;0;0;0;0;0;0;0;0;0;0;0;0;0;0;0;0;0;0;0;0;0;0;0;0;0;0;0;0;0;0;0;0
192000,0.05,22,45,0,0,1e+300,0,0,0;0;0;0;0;0;0;0;0;0;0;0;0;0;0;0;0;0;0;0;0;0;0;0;0;0;0;0;0;0;0;0;0;0;0;0;0;0;0;0;0;0;0;0;0
192000,0.05,23,47,0,0,1e+300,0,0,0;0;0;0;0;0;0;0;0;0;0;0;0;0;0;0;0;0;0;0;0;0;0;0;0;0;0;0;0;0;0;0;0;0;0;0;0;0;0;0;0;0;0;0;0;0;0
192000,0.05,24,49,0,0,1e+300,0,0,0;0;0;0;0;0;0;0;0;0;0;0;0;0;0;0;0;0;0;0;0;0;0;0;0;0;0;0;0;0;0;0;0;0;0;0;0;0;0;0;0;0;0;0;0;0;0;0;0
192000,0.05,25,51,0,45.5617,96.6011,50,0.260417,29.5917;-27.3882;-71.95;87.4039;87.397;-22.1908;-80.1306;-80.1306;53.487;87.4039;87.4039;-150.937;-80.1306;-24.9572;-28.6324;87.4039;67.7106;33.6527;-80.1306;-80.1306;26.3017;87.4039;59.3827;-122.835;-22.6232;156.247;-22.6232;-122.835;59.3827;87.4039;26.3017;-80.1306;-80.1306;33.6527;67.7106;87.4039;-28.6324;-24.9572;-80.1306;-150.937;87.4039;87.4039;53.487;-80.1306;-80.1306;-22.1908;87.397;87.4039;-71.95;-27.3882;29.5917
192000,0.1,8,17,0,205.342,100,16,0.0833333,-8.12942e+08;-8.12942e+08;-8.14809e+08;-8.12942e+08;-8.12942e+08;-8.12941e+08;-8.12942e+08;7.06319e+09;-2.74147e+09;7.06319e+09;-8.12942e+08;-8.12941e+08;-8.12942e+08;-8.12942e+08;-8.14809e+08;-8.12942e+08;-8.12942e+08
192000,0.1,9,19,1,-94.9997,1.26953,18,0.09375,0.00531794;0.00449185;-0.00657139;-0.000165127;-0.00657139;-0.00657139;-0.00657139;-0.00657139;0.264401;0.517623;0.264401;-0.00657139;-0.00657139;-0.00657139;-0.00657139;-0.000165127;-0.00657139;0.00449185;0.00531794
192000,0.1,10,21,1,-94.9925,0.976563,20,0.104167,0.00507509;0.00343038;-0.00114701;-0.00371517;-0.00361828;-0.00507509;-0.00507509;-0.00507509;-0.00507509;0.260431;0.51969;0.260431;-0.00507509;-0.00507509;-0.00507509;-0.00507509;-0.00361828;-0.00371517;-0.00114701;0.00343038;0.00507509
192000,0.1,11,23,1,-94.9992,0.976563,22,0.114583,0.0017053;0.00180256;0.00161468;0.0044554;-0.00505698;-0.00505698;-0.00505698;-0.00505698;-0.00505698;-0.00505698;0.261847;0.517835;0.261847;-0.00505698;-0.00505698;-0.00505698;-0.00505698;-0.00505698;-0.00505698;0.0044554;0.00161468;0.00180256;0.0017053
192000,0.1,12,25,1,-94.9983,0.976563,24,0.125,-0.00302831;-0.0020574;0.00398991;0.00506416;0.00494131;-0.00506416;-0.00506416;-0.00506416;-0.00506416;-0.00506416;-0.00506416;0.26219;0.51857;0.26219;-0.00506416;-0.00506416;-0.00506416;-0.00506416;-0.00506416;-0.00506416;0.00494131;0.00506416;0.00398991;-0.0020574;-0.00302831
192000,0.1,13,27,1,-94.9946,0.78125,26,0.135417,-0.00267017;0.000224947;0.00153686;0.00407868;0.00407868;-0.00309871;-0.00407868;-0.00407868;-0.00407868;-0.00407868;-0.00407868;-0.00407868;0.259286;0.522071;0.259286;-0.00407868;-0.00407868;-0.00407868;-0.00407868;-0.00407868;-0.00407868;-0.00309871;0.00407868;0.00407868;0.00153686;0.000224947;-0.00267017
192000,0.1,14,29,1,-94.9893,100,28,0.145833,0.0369117;0.0176379;-0.182776;0.0620489;0.287731;-0.287731;0.0112891;0.170309;-0.287731;0.287731;-0.0470164;-0.287731;0.287731;0.287731;0.287731;0.287731;0.287731;-0.287731;-0.0470164;0.287731;-0.287731;0.170309;0.0112891;-0.287731;0.287731;0.0620489;-0.182776;0.0176379;0.0369117
192000,0.1,15,31,1,-94.9947,0.78125,30,0.15625,0.00206115;-0.00402698;-0.00402698;0.00402698;0.00402698;0.00402698;-0.00227881;0.000322891;-0.00402698;-0.00402698;-0.00402698;-0.00402698;-0.00402698;-0.00402698;0.262303;0.515453;0.262303;-0.00402698;-0.00402698;-0.00402698;-0.00402698;-0.00402698;-0.00402698;0.000322891;-0.00227881;0.00402698;0.00402698;0.00402698;-0.00402698;-0.00402698;0.00206115
192000,0.1,16,33,0,0,1e+300,0,0,0;0;0;0;0;0;0;0;0;0;0;0;0;0;0;0;0;0;0;0;0;0;0;0;0;0;0;0;0;0;0;0;0
192000,0.1,17,35,0,0,1e+300,0,0,0;0;0;0;0;0;0;0;0;0;0;0;0;0;0;0;0;0;0;0;0;0;0;0;0;0;0;0;0;0;0;0;0;0;0
192000,0.1,18,37,0,0,1e+300,0,0,0;0;0;0;0;0;0;0;0;0;0;0;0;0;0;0;0;0;0;0;0;0;0;0;0;0;0;0;0;0;0;0;0;0;0;0;0
192000,0.1,19,39,0,0,1e+300,0,0,0;0;0;0;0;0;0;0;0;0;0;0;0;0;0;0;0;0;0;0;0;0;0;0;0;0;0;0;0;0;0;0;0;0;0;0;0;0;0
192000,0.1,20,41,0,0,1e+300,0,0,0;0;0;0;0;0;0;0;0;0;0;0;0;0;0;0;0;0;0;0;0;0;0;0;0;0;0;0;0;0;0;0;0;0;0;0;0;0;0;0;0
192000,0.1,21,43,0,0,1e+300,0,0,0;0;0;0;0;0;0;0;0;0;0;0;0;0;0;0;0;0;0;0;0;0;0;0;0;0;0;0;0;0;0;0;0;0;0;0;0;0;0;0;0;0;0
192000,0.15,8,17,1,-94.9914,90.0916,16,0.0833333,-0.0218553;-0.0151961;0.114866;0.0277944;-0.23609;-0.0246584;0.262056;0.262056;0.262056;0.262056;0.262056;-0.0246584;-0.23609;0.0277944;0.114866;-0.0151961;-0.0218553
192000,0.15,9,19,1,-94.9965,1.26953,18,0.09375,0.00590034;0.00430457;-0.00653811;0.00126631;-0.00653811;-0.00653811;-0.00653811;-0.00653811;0.263718;0.515002;0.263718;-0.00653811;-0.00653811;-0.00653811;-0.00653811;0.00126631;-0.00653811;0.00430457;0.00590034
192000,0.15,10,21,1,-95,0.878906,20,0.104167,0.00453573;0.00447712;0.000320425;-0.00453573;-0.00382156;-0.00453573;-0.00453573;-0.00453573;-0.00453573;0.259135;0.516065;0.259135;-0.00453573;-0.00453573;-0.00453573;-0.00453573;-0.00382156;-0.00453573;0.000320425;0.00447712;0.00453573
192000,0.15,11,23,1,-94.999,9.45667,22,0.114583,0.00403684;-0.00152723;-0.00403684;0.00403684;-0.00403684;0.00403684;-0.00403684;0.00403684;-0.00403684;-0.0558447;0.262106;0.590532;0.262106;-0.0558447;-0.00403684;0.00403684;-0.00403684;0.00403684;-0.00403684;0.00403684;-0.00403684;-0.00152723;0.00403684
192000,0.15,12,25,1,-94.995,100,24,0.125,0.124145;-0.0852639;-0.387602;0.348921;0.387602;-0.387602;-0.0744621;-0.0136614;-0.0903806;0.193801;0.193801;0.193801;0.193801;0.193801;0.193801;0.193801;-0.0903806;-0.0136614;-0.0744621;-0.387602;0.387602;0.348921;-0.387602;-0.0852639;0.124145
192000,0.15,13,27,1,-94.993,0.78125,26,0.135417,-0.000642522;-0.00028987;-0.00127762;0.0040688;0.0040688;-0.00197101;-0.0040688;-0.0040688;-0.0040688;-0.0040688;-0.0040688;-0.0040688;0.260053;0.520806;0.260053;-0.0040688;-0.0040688;-0.0040688;-0.0040688;-0.0040688;-0.0040688;-0.00197101;0.0040688;0.0040688;-0.00127762;-0.00028987;-0.000642522
192000,0.15,14,29,1,-94.9929,100,28,0.145833,0.0563029;-0.281224;0.0629398;0.867045;-0.566826;-0.851677;0.433522;0.433522;0.433522;-0.433522;-0.433522;0.0823296;0.0473038;0.433522;0.433522;0.433522;0.0473038;0.0823296;-0.433522;-0.433522;0.433522;0.433522;0.433522;-0.851677;-0.566826;0.867045;0.0629398;-0.281224;0.0563029
192000,0.15,15,31,1,-94.9952,53.9063,30,0.15625,0.0621618;-0.0519972;-0.13157;0.13157;0.0141857;-0.0170175;0.13157;-0.13157;-0.13157;0.0844719;0.13157;-0.13157;-0.0704155;0.244072;0.244072;0.244072;0.244072;0.244072;-0.0704155;-0.13157;0.13157;0.0844719;-0.13157;-0.13157;0.13157;-0.0170175;0.0141857;0.13157;-0.13157;-0.0519972;0.0621618
192000,0.15,16,33,0,0,1e+300,0,0,0;0;0;0;0;0;0;0;0;0;0;0;0;0;0;0;0;0;0;0;0;0;0;0;0;0;0;0;0;0;0;0;0
192000,0.15,17,35,0,0,1e+300,0,0,0;0;0;0;0;0;0;0;0;0;0;0;0;0;0;0;0;0;0;0;0;0;0;0;0;0;0;0;0;0;0;0;0;0;0
192000,0.15,18,37,0,0,1e+300,0,0,0;0;0;0;0;0;0;0;0;0;0;0;0;0;0;0;0;0;0;0;0;0;0;0;0;0;0;0;0;0;0;0;0;0;0;0;0
192000,0.15,19,39,0,0,1e+300,0,0,0;0;0;0;0;0;0;0;0;0;0;0;0;0;0;0;0;0;0;0;0;0;0;0;0;0;0;0;0;0;0;0;0;0;0;0;0;0;0
192000,0.15,20,41,0,0,1e+300,0,0,0;0;0;0;0;0;0;0;0;0;0;0;0;0;0;0;0;0;0;0;0;0;0;0;0;0;0;0;0;0;0;0;0;0;0;0;0;0;0;0;0
192000,0.15,21,43,0,0,1e+300,0,0,0;0;0;0;0;0;0;0;0;0;0;0;0;0;0;0;0;0;0;0;0;0;0;0;0;0;0;0;0;0;0;0;0;0;0;0;0;0;0;0;0;0;0
192000,0.2,8,17,1,-94.9923,0.976563,16,0.0833333,0.00507743;-0.00114519;-0.00488273;-0.00507743;-0.00507743;-0.00507743;-0.00507743;0.261296;0.519929;0.261296;-0.00507743;-0.00507743;-0.00507743;-0.00507743;-0.00488273;-0.00114519;0.00507743
192000,0.2,9,19,1,-94.9964,1.26953,18,0.09375,0.00360714;-0.000965217;-0.00656631;0.00548187;-0.00656631;-0.00656631;-0.00656631;-0.00656631;0.266096;0.517223;0.266096;-0.00656631;-0.00656631;-0.00656631;-0.00656631;0.00548187;-0.00656631;-0.000965217;0.00360714
192000,0.2,10,21,1,-94.9947,0.78125,20,0.104167,0.00212559;0.00133385;0.000988291;-0.00404739;-0.00404739;-0.00404739;-0.00404739;-0.00404739;-0.00404739;0.260804;0.518065;0.260804;-0.00404739;-0.00404739;-0.00404739;-0.00404739;-0.00404739;-0.00404739;0.000988291;0.00133385;0.00212559
192000,0.2,11,23,1,-94.997,0.78125,22,0.114583,0.0040217;0.0040217;-0.00305975;0.000659027;-0.00314972;-0.0040217;-0.0040217;-0.0040217;-0.0040217;-0.0040217;0.260227;0.514778;0.260227;-0.0040217;-0.0040217;-0.0040217;-0.0040217;-0.0040217;-0.00314972;0.000659027;-0.00305975;0.0040217;0.0040217
192000,0.2,12,25,1,-94.9962,0.78125,24,0.125,0.00402524;0.00253144;0.001575;0.00238269;-0.00113573;-0.00402524;-0.00402524;-0.00402524;-0.00402524;-0.00402524;-0.00402524;0.257157;0.515231;0.257157;-0.00402524;-0.00402524;-0.00402524;-0.00402524;-0.00402524;-0.00402524;-0.00113573;0.00238269;0.001575;0.00253144;0.00402524
192000,0.2,13,27,1,-94.9944,0.683594,26,0.135417,-0.00197712;0.00353921;0.00353921;0.00175426;0.00214914;-0.00353921;-0.00353921;-0.00353921;-0.00353921;-0.00353921;-0.00353921;-0.00353921;0.256902;0.517736;0.256902;-0.00353921;-0.00353921;-0.00353921;-0.00353921;-0.00353921;-0.00353921;-0.00353921;0.00214914;0.00175426;0.00353921;0.00353921;-0.00197712
192000,0.2,14,29,1,-94.9944,0.683594,28,0.145833,0.00250167;-0.00356365;-0.00282238;0.00356365;0.00356365;0.00260112;-0.0032028;-0.00356365;-0.00356365;-0.00356365;-0.00356365;-0.00356365;-0.00356365;0.258085;0.521311;0.258085;-0.00356365;-0.00356365;-0.00356365;-0.00356365;-0.00356365;-0.00356365;-0.0032028;0.00260112;0.00356365;0.00356365;-0.00282238;-0.00356365;0.00250167
192000,0.2,15,31,1,-94.9999,0.585938,30,0.15625,-0.00302254;-0.00188006;0.0028377;0.00302254;0.00224936;0.00302254;-0.0010747;-0.00302254;-0.00302254;-0.00302254;-0.00302254;-0.00302254;-0.00302254;-0.00302254;0.25808;0.515847;0.25808;-0.00302254;-0.00302254;-0.00302254;-0.00302254;-0.00302254;-0.00302254;-0.00302254;-0.0010747;0.00302254;0.00224936;0.00302254;0.0028377;-0.00188006;-0.00302254
192000,0.2,16,33,0,0,1e+300,0,0,0;0;0;0;0;0;0;0;0;0;0;0;0;0;0;0;0;0;0;0;0;0;0;0;0;0;0;0;0;0;0;0;0
192000,0.2,17,35,1,-94.9976,0.585938,34,0.177083,0.00301941;-0.000170136;-0.00301941;-0.00145166;-0.00301941;0.00301941;0.00301941;0.00301941;0.000130118;-0.00301941;-0.00301941;-0.00301941;-0.00301941;-0.00301941;-0.00301941;-0.00301941;0.258933;0.515312;0.258933;-0.00301941;-0.00301941;-0.00301941;-0.00301941;-0.00301941;-0.00301941;-0.00301941;0.000130118;0.00301941;0.00301941;0.00301941;-0.00301941;-0.00145166;-0.00301941;-0.000170136;0.00301941
192000,0.2,18,37,0,0,1e+300,0,0,0;0;0;0;0;0;0;0;0;0;0;0;0;0;0;0;0;0;0;0;0;0;0;0;0;0;0;0;0;0;0;0;0;0;0;0;0
192000,0.2,19,39,0,0,1e+300,0,0,0;0;0;0;0;0;0;0;0;0;0;0;0;0;0;0;0;0;0;0;0;0;0;0;0;0;0;0;0;0;0;0;0;0;0;0;0;0;0
192000,0.2,20,41,0,0,1e+300,0,0,0;0;0;0;0;0;0;0;0;0;0;0;0;0;0;0;0;0;0;0;0;0;0;0;0;0;0;0;0;0;0;0;0;0;0;0;0;0;0;0;0
192000,0.2,21,43,0,0,1e+300,0,0,0;0;0;0;0;0;0;0;0;0;0;0;0;0;0;0;0;0;0;0;0;0;0;0;0;0;0;0;0;0;0;0;0;0;0;0;0;0;0;0;0;0;0
192000,0.2,22,45,0,0,1e+300,0,0,0;0;0;0;0;0;0;0;0;0;0;0;0;0;0;0;0;0;0;0;0;0;0;0;0;0;0;0;0;0;0;0;0;0;0;0;0;0;0;0;0;0;0;0;0
192000,0.2,23,47,0,0,1e+300,0,0,0;0;0;0;0;0;0;0;0;0;0;0;0;0;0;0;0;0;0;0;0;0;0;0;0;0;0;0;0;0;0;0;0;0;0;0;0;0;0;0;0;0;0;0;0;0;0
192000,0.25,8,17,1,-94.9924,0.878906,16,0.0833333,0.00455089;-0.00156689;-0.00433995;-0.00455089;-0.00455089;-0.00455089;-0.00455089;0.260664;0.517791;0.260664;-0.00455089;-0.00455089;-0.00455089;-0.00455089;-0.00433995;-0.00156689;0.00455089
192000,0.25,9,19,1,-94.9955,1.85547,18,0.09375,0.00814778;0.00792837;-0.00814778;-0.00814778;-0.00814778;-0.00814778;-0.00814778;0.0388016;0.2663;0.439122;0.2663;0.0388016;-0.00814778;-0.00814778;-0.00814778;-0.00814778;-0.00814778;0.00792837;0.00814778
192000,0.25,10,21,1,-94.9941,0.683594,20,0.104167,0.0035267;0.00140087;-0.000895054;-0.0035267;-0.0035267;-0.0035267;-0.0035267;-0.0035267;-0.0035267;0.259175;0.515906;0.259175;-0.0035267;-0.0035267;-0.0035267;-0.0035267;-0.0035267;-0.0035267;-0.000895054;0.00140087;0.0035267
192000,0.25,11,23,1,-94.998,0.78125,22,0.114583,0.00401971;0.000782438;-0.00401971;0.00401971;-0.00401971;-0.00401971;-0.003578;-0.00401971;-0.00363643;-0.00401971;0.26123;0.514523;0.26123;-0.00401971;-0.00363643;-0.00401971;-0.003578;-0.00401971;-0.00401971;0.00401971;-0.00401971;0.000782438;0.00401971
192000,0.25,12,25,1,-94.994,0.683594,24,0.125,0.00351203;0.00351203;0.0022357;-0.000167496;-0.00208682;-0.00351203;-0.00351203;-0.00351203;-0.00351203;-0.00351203;-0.00351203;0.257187;0.513759;0.257187;-0.00351203;-0.00351203;-0.00351203;-0.00351203;-0.00351203;-0.00351203;-0.00208682;-0.000167496;0.0022357;0.00351203;0.00351203
192000,0.25,13,27,1,-94.9945,0.585938,26,0.135417,-0.00303463;0.00135097;0.00303463;0.0018366;0.0015476;-0.00303463;-0.00303463;-0.00303463;-0.00303463;-0.00303463;-0.00303463;-0.00303463;0.257552;0.517911;0.257552;-0.00303463;-0.00303463;-0.00303463;-0.00303463;-0.00303463;-0.00303463;-0.00303463;0.0015476;0.0018366;0.00303463;0.00135097;-0.00303463
192000,0.25,14,29,1,-94.9987,100,28,0.145833,0.0968171;-0.0912219;-0.312625;0.312625;0.269128;-0.312625;0.106941;0.0264878;-0.301038;0.00210511;0.156312;0.156312;0.156312;0.156312;0.156312;0.156312;0.156312;0.156312;0.156312;0.00210511;-0.301038;0.0264878;0.106941;-0.312625;0.269128;0.312625;-0.312625;-0.0912219;0.0968171
192000,0.25,15,31,1,-95,0.585938,28,0.145833,0.000481822;-0.00299574;-0.00299574;0.00299574;0.00299574;0.00299574;0.000308147;0.000359627;-0.00299574;-0.00299574;-0.00299574;-0.00299574;-0.00299574;-0.00299574;0.258193;0.511273;0.258193;-0.00299574;-0.00299574;-0.00299574;-0.00299574;-0.00299574;-0.00299574;0.000359627;0.000308147;0.00299574;0.00299574;0.00299574;-0.00299574;-0.00299574;0.000481822
192000,0.25,16,33,0,0,1e+300,0,0,0;0;0;0;0;0;0;0;0;0;0;0;0;0;0;0;0;0;0;0;0;0;0;0;0;0;0;0;0;0;0;0;0
192000,0.25,17,35,0,0,1e+300,0,0,0;0;0;0;0;0;0;0;0;0;0;0;0;0;0;0;0;0;0;0;0;0;0;0;0;0;0;0;0;0;0;0;0;0;0
192000,0.25,18,37,0,0,1e+300,0,0,0;0;0;0;0;0;0;0;0;0;0;0;0;0;0;0;0;0;0;0;0;0;0;0;0;0;0;0;0;0;0;0;0;0;0;0;0
192000,0.25,19,39,0,0,1e+300,0,0,0;0;0;0;0;0;0;0;0;0;0;0;0;0;0;0;0;0;0;0;0;0;0;0;0;0;0;0;0;0;0;0;0;0;0;0;0;0;0
192000,0.25,20,41,0,0,1e+300,0,0,0;0;0;0;0;0;0;0;0;0;0;0;0;0;0;0;0;0;0;0;0;0;0;0;0;0;0;0;0;0;0;0;0;0;0;0;0;0;0;0;0
192000,0.25,21,43,0,0,1e+300,0,0,0;0;0;0;0;0;0;0;0;0;0;0;0;0;0;0;0;0;0;0;0;0;0;0;0;0;0;0;0;0;0;0;0;0;0;0;0;0;0;0;0;0;0
192000,0.3,8,17,1,-94.9925,0.78125,16,0.0833333,0.00402863;-0.00198341;-0.00379924;-0.00402863;-0.00402863;-0.00402863;-0.00402863;0.260036;0.515665;0.260036;-0.00402863;-0.00402863;-0.00402863;-0.00402863;-0.00379924;-0.00198341;0.00402863
192000,0.3,9,19,0,-94.6918,1.75787,18,0.09375,0.00885354;-0.000371011;-0.0088538;0.00885354;-0.00885348;-0.00146441;-0.00885348;-0.00885348;0.267709;0.503666;0.267709;-0.00885348;-0.00885348;-0.00146441;-0.00885348;0.00885354;-0.0088538;-0.000371011;0.00885354
192000,0.3,10,21,1,-95,0.78125,20,0.104167,0.00178521;0.00398562;0.00398562;-0.00398562;-0.0028839;-0.00398562;-0.00398562;-0.00398562;-0.00398562;0.257976;0.51016;0.257976;-0.00398562;-0.00398562;-0.00398562;-0.00398562;-0.0028839;-0.00398562;0.00398562;0.00398562;0.00178521
192000,0.3,11,23,1,-94.9968,0.78125,22,0.114583,0.00400338;-0.000284696;-0.00400338;0.00400338;-0.00400338;-0.0019325;-0.00400338;-0.00400338;-0.00400338;-0.00400338;0.262015;0.512432;0.262015;-0.00400338;-0.00400338;-0.00400338;-0.00400338;-0.0019325;-0.00400338;0.00400338;-0.00400338;-0.000284696;0.00400338
192000,0.3,12,25,1,-95,5.68253,6,0.03125,-0.000487413;9.85797e-05;0.000487413;-0.000487413;0.000487413;0.000487413;0.000487413;0.000487413;0.000487413;-0.0283621;-0.0010219;0.277781;0.49911;0.277781;-0.0010219;-0.0283621;0.000487413;0.000487413;0.000487413;0.000487413;0.000487413;-0.000487413;0.000487413;9.85797e-05;-0.000487413
192000,0.3,13,27,1,-94.9964,0.585938,26,0.135417,-0.00113084;0.00299998;0.00299998;0.00299998;0.00221906;-0.00299998;-0.00299998;-0.00299998;-0.00299998;-0.00299998;-0.00299998;-0.00299998;0.254913;0.511996;0.254913;-0.00299998;-0.00299998;-0.00299998;-0.00299998;-0.00299998;-0.00299998;-0.00299998;0.00221906;0.00299998;0.00299998;0.00299998;-0.00113084
192000,0.3,14,29,1,-94.9985,100,28,0.145833,0.105423;-0.0902647;-0.238631;0.238631;0.0398611;-0.0227005;0.238631;-0.238631;-0.238631;-0.0642178;0.238631;0.238631;0.0104465;0.188548;0.188548;0.188548;0.0104465;0.238631;0.238631;-0.0642178;-0.238631;-0.238631;0.238631;-0.0227005;0.0398611;0.238631;-0.238631;-0.0902647;0.105423
192000,0.3,15,31,1,-95,4.29687,30,0.15625,-0.00540805;-0.00604424;0.0018496;0.00279519;0.0118142;0.0118142;0.00223336;-0.00491259;-0.0118142;-0.0118142;-0.0118142;-0.0118142;-0.0118142;0.132506;0.274949;0.274949;0.274949;0.132506;-0.0118142;-0.0118142;-0.0118142;-0.0118142;-0.0118142;-0.00491259;0.00223336;0.0118142;0.0118142;0.00279519;0.0018496;-0.00604424;-0.00540805
192000,0.3,16,33,0,0,1e+300,0,0,0;0;0;0;0;0;0;0;0;0;0;0;0;0;0;0;0;0;0;0;0;0;0;0;0;0;0;0;0;0;0;0;0
192000,0.3,17,35,0,0,1e+300,0,0,0;0;0;0;0;0;0;0;0;0;0;0;0;0;0;0;0;0;0;0;0;0;0;0;0;0;0;0;0;0;0;0;0;0;0
192000,0.3,18,37,0,0,1e+300,0,0,0;0;0;0;0;0;0;0;0;0;0;0;0;0;0;0;0;0;0;0;0;0;0;0;0;0;0;0;0;0;0;0;0;0;0;0;0
192000,0.3,19,39,0,0,1e+300,0,0,0;0;0;0;0;0;0;0;0;0;0;0;0;0;0;0;0;0;0;0;0;0;0;0;0;0;0;0;0;0;0;0;0;0;0;0;0;0;0
192000,0.3,20,41,0,0,1e+300,0,0,0;0;0;0;0;0;0;0;0;0;0;0;0;0;0;0;0;0;0;0;0;0;0;0;0;0;0;0;0;0;0;0;0;0;0;0;0;0;0;0;0
192000,0.3,21,43,0,0,1e+300,0,0,0;0;0;0;0;0;0;0;0;0;0;0;0;0;0;0;0;0;0;0;0;0;0;0;0;0;0;0;0;0;0;0;0;0;0;0;0;0;0;0;0;0;0
192000,0.35,8,17,1,-94.9987,0.683594,16,0.0833333,0.00351266;-0.00215786;-0.00341765;-0.00351266;-0.00351266;-0.00351266;-0.00351266;0.259188;0.513852;0.259188;-0.00351266;-0.00351266;-0.00351266;-0.00351266;-0.00341765;-0.00215786;0.00351266
192000,0.35,9,19,1,-94.9995,6.83035,18,0.09375,-0.00097463;0.00166273;-0.00166273;0.00166273;-0.00166273;0.00166273;-0.00166273;-0.0387653;0.255967;0.567545;0.255967;-0.0387653;-0.00166273;0.00166273;-0.00166273;0.00166273;-0.00166273;0.00166273;-0.00097463
192000,0.35,10,21,1,-94.9944,0.585938,20,0.104167,0.00299603;0.00157154;0.000335009;-0.00299603;-0.00299603;-0.00299603;-0.00299603;-0.00299603;-0.00299603;0.257412;0.511323;0.257412;-0.00299603;-0.00299603;-0.00299603;-0.00299603;-0.00299603;-0.00299603;0.000335009;0.00157154;0.00299603
192000,0.35,11,23,1,-94.9993,0.585938,22,0.114583,0.00299345;0.00204297;-0.00299345;0.00150079;-0.00299345;-0.00299345;-0.00299345;-0.00299345;-0.00299345;-0.00299345;0.258976;0.510882;0.258976;-0.00299345;-0.00299345;-0.00299345;-0.00299345;-0.00299345;-0.00299345;0.00150079;-0.00299345;0.00204297;0.00299345
192000,0.35,12,25,1,-95,6.71236,24,0.125,-0.000606286;-0.000603328;0.00111066;-0.00111066;0.00111066;-0.00111066;0.00111066;-0.00111066;0.00111066;-0.00111066;-0.0381704;0.25505;0.568659;0.25505;-0.0381704;-0.00111066;0.00111066;-0.00111066;0.00111066;-0.00111066;0.00111066;-0.00111066;0.00111066;-0.000603328;-0.000606286
192000,0.35,13,27,1,-94.9959,0.488281,26,0.135417,-0.00120195;0.000445495;0.00251065;0.00251065;-0.00194502;-0.00251065;-0.00251065;-0.00251065;-0.00251065;-0.00251065;-0.00251065;-0.00251065;0.258164;0.514182;0.258164;-0.00251065;-0.00251065;-0.00251065;-0.00251065;-0.00251065;-0.00251065;-0.00251065;-0.00194502;0.00251065;0.00251065;0.000445495;-0.00120195
192000,0.35,14,29,1,-94.9973,12.7511,6,0.03125,-0.000400761;0.000400761;-0.000400761;0.000400761;-0.000400761;0.000400761;-0.000400761;0.000400761;0.000104916;0.000400761;0.000400761;-0.052328;0.0459032;0.300329;0.41038;0.300329;0.0459032;-0.052328;0.000400761;0.000400761;0.000104916;0.000400761;-0.000400761;0.000400761;-0.000400761;0.000400761;-0.000400761;0.000400761;-0.000400761
192000,0.35,15,31,1,-94.9992,0.488281,30,0.15625,0.000747382;-0.00248665;-0.00248665;0.00248665;0.00248665;0.00248665;-0.0012814;0.000344513;-0.00248665;-0.00248665;-0.00248665;-0.00248665;-0.00248665;-0.00248665;0.25799;0.509266;0.25799;-0.00248665;-0.00248665;-0.00248665;-0.00248665;-0.00248665;-0.00248665;0.000344513;-0.0012814;0.00248665;0.00248665;0.00248665;-0.00248665;-0.00248665;0.000747382
192000,0.35,16,33,0,0,1e+300,0,0,0;0;0;0;0;0;0;0;0;0;0;0;0;0;0;0;0;0;0;0;0;0;0;0;0;0;0;0;0;0;0;0;0
192000,0.35,17,35,1,-95,25.6275,34,0.177083,-0.00223624;0.00179408;0.00223624;-0.00223624;0.00223624;0.00223624;0.00223624;-0.00223624;0.00223624;-0.00223624;0.00223624;-0.00133742;-0.00223624;0.00223624;-0.083835;0.0882118;0.327129;0.327129;0.327129;0.0882118;-0.083835;0.00223624;-0.00223624;-0.00133742;0.00223624;-0.00223624;0.00223624;-0.00223624;0.00223624;0.00223624;0.00223624;-0.00223624;0.00223624;0.00179408;-0.00223624
192000,0.35,18,37,0,0,1e+300,0,0,0;0;0;0;0;0;0;0;0;0;0;0;0;0;0;0;0;0;0;0;0;0;0;0;0;0;0;0;0;0;0;0;0;0;0;0;0
192000,0.35,19,39,0,0,1e+300,0,0,0;0;0;0;0;0;0;0;0;0;0;0;0;0;0;0;0;0;0;0;0;0;0;0;0;0;0;0;0;0;0;0;0;0;0;0;0;0;0
192000,0.35,20,41,0,0,1e+300,0,0,0;0;0;0;0;0;0;0;0;0;0;0;0;0;0;0;0;0;0;0;0;0;0;0;0;0;0;0;0;0;0;0;0;0;0;0;0;0;0;0;0
192000,0.35,21,43,0,0,1e+300,0,0,0;0;0;0;0;0;0;0;0;0;0;0;0;0;0;0;0;0;0;0;0;0;0;0;0;0;0;0;0;0;0;0;0;0;0;0;0;0;0;0;0;0;0
192000,0.4,8,17,1,-94.9984,0.585937,16,0.0833333,0.00232503;-0.00299932;-0.00227261;-0.00299932;-0.00299932;-0.00299932;-0.00299932;0.259002;0.511884;0.259002;-0.00299932;-0.00299932;-0.00299932;-0.00299932;-0.00227261;-0.00299932;0.00232503
192000,0.4,9,19,1,-94.9998,0.585938,16,0.0833333,0.000335161;0.00299547;-0.00299547;-0.00262261;-0.00299547;-0.00299547;-0.00299547;-0.00299547;0.258656;0.511227;0.258656;-0.00299547;-0.00299547;-0.00299547;-0.00299547;-0.00262261;-0.00299547;0.00299547;0.000335161
192000,0.4,10,21,1,-95,0.488281,20,0.104167,0.00250008;-6.58739e-05;-0.00101278;-0.00250008;-0.00250008;-0.00250008;-0.00250008;-0.00250008;-0.00250008;0.257571;0.512017;0.257571;-0.00250008;-0.00250008;-0.00250008;-0.00250008;-0.00250008;-0.00250008;-0.00101278;-6.58739e-05;0.00250008
192000,0.4,11,23,1,-94.9985,0.488281,22,0.114583,0.0018908;0.00249419;-0.00249419;-0.000412731;-0.00249419;-0.00249419;-0.00249419;-0.00249419;-0.00249419;-0.00249419;0.258082;0.510811;0.258082;-0.00249419;-0.00249419;-0.00249419;-0.00249419;-0.00249419;-0.00249419;-0.000412731;-0.00249419;0.00249419;0.0018908
192000,0.4,12,25,1,-95,4.84115,6,0.03125,-0.000478582;0.000222334;0.000478582;-0.000478582;0.000478582;-0.000478582;0.000478582;0.000478582;-0.000478582;-0.0237249;0.00448321;0.273986;0.490068;0.273986;0.00448321;-0.0237249;-0.000478582;0.000478582;0.000478582;-0.000478582;0.000478582;-0.000478582;0.000478582;0.000222334;-0.000478582
192000,0.4,13,27,1,-94.9977,14.7719,8,0.0416667,0.000284829;0.000284829;0.000284829;0.000284829;0.000284829;0.000284829;0.000284829;0.000284829;0.000284829;-0.0409291;-0.0430846;0.143953;0.291665;0.291665;0.291665;0.143953;-0.0430846;-0.0409291;0.000284829;0.000284829;0.000284829;0.000284829;0.000284829;0.000284829;0.000284829;0.000284829;0.000284829
192000,0.4,14,29,0,0,1e+300,0,0,0;0;0;0;0;0;0;0;0;0;0;0;0;0;0;0;0;0;0;0;0;0;0;0;0;0;0;0;0
192000,0.4,15,31,1,-95,7.71484,30,0.15625,-0.00893456;-0.00906941;0.0217702;0.0217702;-0.0217702;-0.0217702;0.0133881;0.0217702;0.00690564;-0.0217702;-0.0217702;-0.0217702;-0.0217702;0.139743;0.282185;0.282185;0.282185;0.139743;-0.0217702;-0.0217702;-0.0217702;-0.0217702;0.00690564;0.0217702;0.0133881;-0.0217702;-0.0217702;0.0217702;0.0217702;-0.00906941;-0.00893456
192000,0.4,16,33,0,0,1e+300,0,0,0;0;0;0;0;0;0;0;0;0;0;0;0;0;0;0;0;0;0;0;0;0;0;0;0;0;0;0;0;0;0;0;0
192000,0.4,17,35,0,0,1e+300,0,0,0;0;0;0;0;0;0;0;0;0;0;0;0;0;0;0;0;0;0;0;0;0;0;0;0;0;0;0;0;0;0;0;0;0;0
192000,0.4,18,37,0,0,1e+300,0,0,0;0;0;0;0;0;0;0;0;0;0;0;0;0;0;0;0;0;0;0;0;0;0;0;0;0;0;0;0;0;0;0;0;0;0;0;0
192000,0.45,8,17,1,-94.9981,0.585938,16,0.0833333,0.00124294;-0.00298925;-0.000351392;-0.00298925;-0.00298925;-0.00298925;-0.00298925;0.258972;0.510165;0.258972;-0.00298925;-0.00298925;-0.00298925;-0.00298925;-0.000351392;-0.00298925;0.00124294
192000,0.45,9,19,1,-94.996,0.488281,18,0.09375,-0.000698386;0.00225218;-0.00249248;-0.00249248;-0.00249248;-0.00249248;-0.00249248;-0.00249248;0.258171;0.510459;0.258171;-0.00249248;-0.00249248;-0.00249248;-0.00249248;-0.00249248;-0.00249248;0.00225218;-0.000698386
192000,0.45,10,21,1,-94.9952,0.488281,18,0.09375,2.3253e-05;-0.000727492;0.00225408;-0.00249222;-0.00249222;-0.00249222;-0.00249222;-0.00249222;-0.00249222;0.2582;0.510408;0.2582;-0.00249222;-0.00249222;-0.00249222;-0.00249222;-0.00249222;-0.00249222;0.00225408;-0.000727492;2.3253e-05
192000,0.45,11,23,1,-94.9993,0.488281,22,0.114583,0.0024762;0.00130403;-0.0024762;0.0024762;-0.0024762;-0.00238666;-0.0024762;-0.0024762;-0.0024762;-0.0024762;0.257424;0.507127;0.257424;-0.0024762;-0.0024762;-0.0024762;-0.0024762;-0.00238666;-0.0024762;0.0024762;-0.0024762;0.00130403;0.0024762
192000,0.45,12,25,1,-94.9927,100,24,0.125,-0.0721744;0.0724279;0.245549;-0.245549;-0.245549;0.177568;0.143743;0.245549;-0.245549;-0.392878;0.227546;0.392878;0.392878;0.392878;0.227546;-0.392878;-0.245549;0.245549;0.143743;0.177568;-0.245549;-0.245549;0.245549;0.0724279;-0.0721744
192000,0.45,13,27,0,0,1e+300,0,0,0;0;0;0;0;0;0;0;0;0;0;0;0;0;0;0;0;0;0;0;0;0;0;0;0;0;0
192000,0.45,14,29,1,-94.9939,100,28,0.145833,0.0890529;-0.098465;-0.299577;0.299577;0.299577;-0.246233;0.0155838;-0.0445052;-0.229104;0.0400447;0.149789;0.149789;0.149789;0.149789;0.149789;0.149789;0.149789;0.149789;0.149789;0.0400447;-0.229104;-0.0445052;0.0155838;-0.246233;0.299577;0.299577;-0.299577;-0.098465;0.0890529
192000,0.45,15,31,1,-94.9987,0.390625,30,0.15625,-0.00151297;-0.00198177;0.00198177;0.00198177;-0.00198177;0.00198177;0.00183407;0.000301347;-0.00198177;-0.00198177;-0.00198177;-0.00198177;-0.00198177;-0.00198177;0.25562;0.507333;0.25562;-0.00198177;-0.00198177;-0.00198177;-0.00198177;-0.00198177;-0.00198177;0.000301347;0.00183407;0.00198177;-0.00198177;0.00198177;0.00198177;-0.00198177;-0.00151297
192000,0.45,16,33,0,0,1e+300,0,0,0;0;0;0;0;0;0;0;0;0;0;0;0;0;0;0;0;0;0;0;0;0;0;0;0;0;0;0;0;0;0;0;0
192000,0.45,17,35,0,0,1e+300,0,0,0;0;0;0;0;0;0;0;0;0;0;0;0;0;0;0;0;0;0;0;0;0;0;0;0;0;0;0;0;0;0;0;0;0;0
192000,0.45,18,37,0,0,1e+300,0,0,0;0;0;0;0;0;0;0;0;0;0;0;0;0;0;0;0;0;0;0;0;0;0;0;0;0;0;0;0;0;0;0;0;0;0;0;0
192000,0.45,19,39,0,0,1e+300,0,0,0;0;0;0;0;0;0;0;0;0;0;0;0;0;0;0;0;0;0;0;0;0;0;0;0;0;0;0;0;0;0;0;0;0;0;0;0;0;0
192000,0.45,20,41,0,0,1e+300,0,0,0;0;0;0;0;0;0;0;0;0;0;0;0;0;0;0;0;0;0;0;0;0;0;0;0;0;0;0;0;0;0;0;0;0;0;0;0;0;0;0;0
192000,0.45,21,43,0,0,1e+300,0,0,0;0;0;0;0;0;0;0;0;0;0;0;0;0;0;0;0;0;0;0;0;0;0;0;0;0;0;0;0;0;0;0;0;0;0;0;0;0;0;0;0;0;0
192000,0.45,22,45,0,0,1e+300,0,0,0;0;0;0;0;0;0;0;0;0;0;0;0;0;0;0;0;0;0;0;0;0;0;0;0;0;0;0;0;0;0;0;0;0;0;0;0;0;0;0;0;0;0;0;0
192000,0.45,23,47,0,0,1e+300,0,0,0;0;0;0;0;0;0;0;0;0;0;0;0;0;0;0;0;0;0;0;0;0;0;0;0;0;0;0;0;0;0;0;0;0;0;0;0;0;0;0;0;0;0;0;0;0;0
192000,0.5,8,17,1,-94.9983,0.488281,16,0.0833333,0.00214798;-0.00247954;-0.00109818;-0.00247954;-0.00247954;-0.00247954;-0.00247954;0.257443;0.50781;0.257443;-0.00247954;-0.00247954;-0.00247954;-0.00247954;-0.00109818;-0.00247954;0.00214798
192000,0.5,9,19,1,-94.9944,0.488281,16,0.0833333,-2.0513e-05;0.00247789;-0.00247789;-0.00125386;-0.00247789;-0.00247789;-0.00247789;-0.00247789;0.25745;0.507472;0.25745;-0.00247789;-0.00247789;-0.00247789;-0.00247789;-0.00125386;-0.00247789;0.00247789;-2.0513e-05
192000,0.5,10,21,1,-94.9999,9.84065,8,0.0416667,0.000379785;0.000379785;0.000379785;0.000379785;0.000379785;0.000379785;-0.0243374;-0.0382703;0.0787524;0.287127;0.3889;0.287127;0.0787524;-0.0382703;-0.0243374;0.000379785;0.000379785;0.000379785;0.000379785;0.000379785;0.000379785
192000,0.5,11,23,1,-94.9976,0.390625,22,0.114583,0.00164558;0.00197809;-0.00197809;0.000756924;-0.00197809;-0.00197809;-0.00197809;-0.00197809;-0.00197809;-0.00197809;0.25627;0.506392;0.25627;-0.00197809;-0.00197809;-0.00197809;-0.00197809;-0.00197809;-0.00197809;0.000756924;-0.00197809;0.00197809;0.00164558
192000,0.5,12,25,1,-94.9995,4.64641,24,0.125,-0.000898929;-0.000658051;0.00106217;-0.00106217;0.00106217;-0.00106217;0.00106217;-0.00106217;0.00106217;-0.00106217;-0.0252685;0.254911;0.543829;0.254911;-0.0252685;-0.00106217;0.00106217;-0.00106217;0.00106217;-0.00106217;0.00106217;-0.00106217;0.00106217;-0.000658051;-0.000898929
192000,0.5,13,27,0,0,1e+300,0,0,0;0;0;0;0;0;0;0;0;0;0;0;0;0;0;0;0;0;0;0;0;0;0;0;0;0;0
192000,0.5,14,29,1,-94.9907,100,28,0.145833,0.14226;-0.169194;-0.401542;0.401542;0.401542;-0.0831534;-0.401542;-0.189791;0.401542;-0.311721;0.0849516;0.401542;-0.0775927;0.200771;0.200771;0.200771;-0.0775927;0.401542;0.0849516;-0.311721;0.401542;-0.189791;-0.401542;-0.0831534;0.401542;0.401542;-0.401542;-0.169194;0.14226
192000,0.5,15,31,1,-94.9969,100,30,0.15625,0.139681;-0.0994832;-0.234604;0.234604;-0.0925107;0.0781461;0.234604;-0.234604;-0.0317787;-0.234604;0.234604;0.15404;-0.234604;0.234604;0.234604;0.234604;0.234604;0.234604;-0.234604;0.15404;0.234604;-0.234604;-0.0317787;-0.234604;0.234604;0.0781461;-0.0925107;0.234604;-0.234604;-0.0994832;0.139681
192000,0.5,16,33,0,0,1e+300,0,0,0;0;0;0;0;0;0;0;0;0;0;0;0;0;0;0;0;0;0;0;0;0;0;0;0;0;0;0;0;0;0;0;0
192000,0.5,17,35,0,0,1e+300,0,0,0;0;0;0;0;0;0;0;0;0;0;0;0;0;0;0;0;0;0;0;0;0;0;0;0;0;0;0;0;0;0;0;0;0;0
192000,0.5,18,37,0,0,1e+300,0,0,0;0;0;0;0;0;0;0;0;0;0;0;0;0;0;0;0;0;0;0;0;0;0;0;0;0;0;0;0;0;0;0;0;0;0;0;0
192000,0.5,19,39,0,0,1e+300,0,0,0;0;0;0;0;0;0;0;0;0;0;0;0;0;0;0;0;0;0;0;0;0;0;0;0;0;0;0;0;0;0;0;0;0;0;0;0;0;0
384000,0.05,8,17,1,-95,0.585938,16,0.0416667,-0.000872158;-0.00297607;0.00286377;-0.00297607;-0.00297607;-0.00297607;-0.00297607;0.25893;0.507917;0.25893;-0.00297607;-0.00297607;-0.00297607;-0.00297607;0.00286377;-0.00297607;-0.000872158
384000,0.05,9,19,1,-94.9965,0.390625,18,0.046875,-0.0013604;0.00198381;-0.00198381;-0.00194001;-0.00198381;-0.00198381;-0.00198381;-0.00198381;0.257307;0.507857;0.257307;-0.00198381;-0.00198381;-0.00198381;-0.00198381;-0.00194001;-0.00198381;0.00198381;-0.0013604
384000,0.05,10,21,1,-95,0.292969,20,0.0520833,0.00148755;-0.00148755;-0.000896512;-0.00148755;-0.00148755;-0.00148755;-0.00148755;-0.00148755;-0.00148755;0.255947;0.507749;0.255947;-0.00148755;-0.00148755;-0.00148755;-0.00148755;-0.00148755;-0.00148755;-0.000896512;-0.00148755;0.00148755
384000,0.05,11,23,0,0,1e+300,0,0,0;0;0;0;0;0;0;0;0;0;0;0;0;0;0;0;0;0;0;0;0;0;0
384000,0.05,12,25,0,0,1e+300,0,0,0;0;0;0;0;0;0;0;0;0;0;0;0;0;0;0;0;0;0;0;0;0;0;0;0
384000,0.05,13,27,1,-94.9985,0.195313,24,0.0625,0.000298822;0.000989365;-0.000989365;-0.000313713;-0.000989365;-0.000989365;-0.000989365;-0.000989365;-0.000989365;-0.000989365;-0.000989365;-0.000989365;0.254652;0.506555;0.254652;-0.000989365;-0.000989365;-0.000989365;-0.000989365;-0.000989365;-0.000989365;-0.000989365;-0.000989365;-0.000313713;-0.000989365;0.000989365;0.000298822
384000,0.05,14,29,0,0,1e+300,0,0,0;0;0;0;0;0;0;0;0;0;0;0;0;0;0;0;0;0;0;0;0;0;0;0;0;0;0;0;0
384000,0.05,15,31,0,0,1e+300,0,0,0;0;0;0;0;0;0;0;0;0;0;0;0;0;0;0;0;0;0;0;0;0;0;0;0;0;0;0;0;0;0
384000,0.05,16,33,0,0,1e+300,0,0,0;0;0;0;0;0;0;0;0;0;0;0;0;0;0;0;0;0;0;0;0;0;0;0;0;0;0;0;0;0;0;0;0
384000,0.05,17,35,1,-94.9999,0.292969,34,0.0885417,0.00143868;0.00143868;0.000217953;-0.00143868;-0.00143868;-0.00143868;-0.00143868;0.000153085;-0.00143868;0.00143868;-0.00143868;0.00143868;-0.00143868;0.00143868;-0.00143868;0.00143868;0.256971;0.491071;0.256971;0.00143868;-0.00143868;0.00143868;-0.00143868;0.00143868;-0.00143868;0.00143868;-0.00143868;0.000153085;-0.00143868;-0.00143868;-0.00143868;-0.00143868;0.000217953;0.00143868;0.00143868
384000,0.05,18,37,0,0,1e+300,0,0,0;0;0;0;0;0;0;0;0;0;0;0;0;0;0;0;0;0;0;0;0;0;0;0;0;0;0;0;0;0;0;0;0;0;0;0;0
384000,0.05,19,39,1,-95,0.0976563,2,0.00520833,0.000492995;0.000492995;-0.000204392;0.000492995;-0.000492995;-0.000442974;-0.000492995;-0.000492995;-0.000492995;-0.000492995;-0.000492995;-0.000492995;-0.000492995;-0.000492995;-0.000492995;-0.000492995;-0.000492995;-0.000492995;0.253164;0.504827;0.253164;-0.000492995;-0.000492995;-0.000492995;-0.000492995;-0.000492995;-0.000492995;-0.000492995;-0.000492995;-0.000492995;-0.000492995;-0.000492995;-0.000492995;-0.000442974;-0.000492995;0.000492995;-0.000204392;0.000492995;0.000492995
384000,0.05,20,41,0,0,1e+300,0,0,0;0;0;0;0;0;0;0;0;0;0;0;0;0;0;0;0;0;0;0;0;0;0;0;0;0;0;0;0;0;0;0;0;0;0;0;0;0;0;0;0
384000,0.05,21,43,1,-94.9994,0.0976563,2,0.00520833,0.000492287;0.000249063;0.000492287;0.000492287;-0.000492287;0.000492287;-0.000492287;-0.00033512;-0.000492287;-0.000492287;-0.000492287;-0.000492287;-0.000492287;-0.000492287;-0.000492287;-0.000492287;-0.000492287;-0.000492287;-0.000492287;-0.000492287;0.252958;0.504102;0.252958;-0.000492287;-0.000492287;-0.000492287;-0.000492287;-0.000492287;-0.000492287;-0.000492287;-0.000492287;-0.000492287;-0.000492287;-0.000492287;-0.000492287;-0.00033512;-0.000492287;0.000492287;-0.000492287;0.000492287;0.000492287;0.000249063;0.000492287
384000,0.05,22,45,0,0,1e+300,0,0,0;0;0;0;0;0;0;0;0;0;0;0;0;0;0;0;0;0;0;0;0;0;0;0;0;0;0;0;0;0;0;0;0;0;0;0;0;0;0;0;0;0;0;0;0
384000,0.05,23,47,0,0,1e+300,0,0,0;0;0;0;0;0;0;0;0;0;0;0;0;0;0;0;0;0;0;0;0;0;0;0;0;0;0;0;0;0;0;0;0;0;0;0;0;0;0;0;0;0;0;0;0;0;0
384000,0.05,24,49,0,0,1e+300,0,0,0;0;0;0;0;0;0;0;0;0;0;0;0;0;0;0;0;0;0;0;0;0;0;0;0;0;0;0;0;0;0;0;0;0;0;0;0;0;0;0;0;0;0;0;0;0;0;0;0
384000,0.05,25,51,0,0,1e+300,0,0,0;0;0;0;0;0;0;0;0;0;0;0;0;0;0;0;0;0;0;0;0;0;0;0;0;0;0;0;0;0;0;0;0;0;0;0;0;0;0;0;0;0;0;0;0;0;0;0;0;0;0
384000,0.05,26,53,0,0,1e+300,0,0,0;0;0;0;0;0;0;0;0;0;0;0;0;0;0;0;0;0;0;0;0;0;0;0;0;0;0;0;0;0;0;0;0;0;0;0;0;0;0;0;0;0;0;0;0;0;0;0;0;0;0;0;0
384000,0.05,27,55,0,0,1e+300,0,0,0;0;0;0;0;0;0;0;0;0;0;0;0;0;0;0;0;0;0;0;0;0;0;0;0;0;0;0;0;0;0;0;0;0;0;0;0;0;0;0;0;0;0;0;0;0;0;0;0;0;0;0;0;0;0
384000,0.1,8,17,1,-95,0.488281,14,0.0364583,8.17214e-06;-0.00246541;0.00246541;-0.00246541;-0.00246541;-0.00246541;-0.00246541;0.257395;0.504916;0.257395;-0.00246541;-0.00246541;-0.00246541;-0.00246541;0.00246541;-0.00246541;8.17214e-06
384000,0.1,9,19,1,-94.9965,0.292969,18,0.046875,-0.00140977;0.00147528;-0.00147528;-0.00030075;-0.00147528;-0.00147528;-0.00147528;-0.00147528;0.255831;0.503561;0.255831;-0.00147528;-0.00147528;-0.00147528;-0.00147528;-0.00030075;-0.00147528;0.00147528;-0.00140977
384000,0.1,10,21,1,-94.9975,29.3945,20,0.0520833,-0.0138379;0.0322377;0.0643049;-0.0643049;-0.0643049;-0.00100692;-0.0643049;0.0643049;0.218765;0.218765;0.218765;0.218765;0.218765;0.0643049;-0.0643049;-0.00100692;-0.0643049;-0.0643049;0.0643049;0.0322377;-0.0138379
384000,0.1,11,23,0,0,1e+300,0,0,0;0;0;0;0;0;0;0;0;0;0;0;0;0;0;0;0;0;0;0;0;0;0
384000,0.1,12,25,0,0,1e+300,0,0,0;0;0;0;0;0;0;0;0;0;0;0;0;0;0;0;0;0;0;0;0;0;0;0;0
384000,0.1,13,27,1,-94.9992,100,14,0.0364583,0.000336263;0.000336263;0.000336263;0.000336263;0.000336263;0.000336263;-0.127525;0.11635;0.344334;-0.344334;-0.312146;0.304804;0.344334;0.344334;0.344334;0.304804;-0.312146;-0.344334;0.344334;0.11635;-0.127525;0.000336263;0.000336263;0.000336263;0.000336263;0.000336263;0.000336263
384000,0.1,14,29,0,0,1e+300,0,0,0;0;0;0;0;0;0;0;0;0;0;0;0;0;0;0;0;0;0;0;0;0;0;0;0;0;0;0;0
384000,0.1,15,31,0,0,1e+300,0,0,0;0;0;0;0;0;0;0;0;0;0;0;0;0;0;0;0;0;0;0;0;0;0;0;0;0;0;0;0;0;0
384000,0.1,16,33,0,0,1e+300,0,0,0;0;0;0;0;0;0;0;0;0;0;0;0;0;0;0;0;0;0;0;0;0;0;0;0;0;0;0;0;0;0;0;0
384000,0.1,17,35,0,0,1e+300,0,0,0;0;0;0;0;0;0;0;0;0;0;0;0;0;0;0;0;0;0;0;0;0;0;0;0;0;0;0;0;0;0;0;0;0;0
384000,0.15,8,17,1,-95,0.390625,16,0.0416667,0.00196405;-0.00196405;0.000564314;-0.00196405;-0.00196405;-0.00196405;-0.00196405;0.255893;0.502797;0.255893;-0.00196405;-0.00196405;-0.00196405;-0.00196405;0.000564314;-0.00196405;0.00196405
384000,0.15,9,19,1,-95,0.195313,18,0.046875,-0.000977956;0.000977956;-0.000977956;0.000617731;-0.000977956;-0.000977956;-0.000977956;-0.000977956;0.253915;0.500714;0.253915;-0.000977956;-0.000977956;-0.000977956;-0.000977956;0.000617731;-0.000977956;0.000977956;-0.000977956
384000,0.15,10,21,1,-95,0.195313,20,0.0520833,0.000657705;-0.000979492;0.000979492;-0.000979492;-0.000432594;-0.000979492;-0.000979492;-0.000979492;-0.000979492;0.253922;0.5015;0.253922;-0.000979492;-0.000979492;-0.000979492;-0.000979492;-0.000432594;-0.000979492;0.000979492;-0.000979492;0.000657705
384000,0.15,11,23,0,0,1e+300,0,0,0;0;0;0;0;0;0;0;0;0;0;0;0;0;0;0;0;0;0;0;0;0;0
384000,0.15,12,25,0,0,1e+300,0,0,0;0;0;0;0;0;0;0;0;0;0;0;0;0;0;0;0;0;0;0;0;0;0;0;0
384000,0.15,13,27,1,-94.9985,32.9622,10,0.0260417,0.000198813;0.000198813;0.000198813;0.000198813;0.000198813;0.000198813;0.000198813;0.000198813;-0.0671061;-0.056177;0.161708;0.203585;0.154607;0.203585;0.154607;0.203585;0.161708;-0.056177;-0.0671061;0.000198813;0.000198813;0.000198813;0.000198813;0.000198813;0.000198813;0.000198813;0.000198813
384000,0.15,14,29,0,0,1e+300,0,0,0;0;0;0;0;0;0;0;0;0;0;0;0;0;0;0;0;0;0;0;0;0;0;0;0;0;0;0;0
384000,0.15,15,31,0,0,1e+300,0,0,0;0;0;0;0;0;0;0;0;0;0;0;0;0;0;0;0;0;0;0;0;0;0;0;0;0;0;0;0;0;0
384000,0.15,16,33,0,0,1e+300,0,0,0;0;0;0;0;0;0;0;0;0;0;0;0;0;0;0;0;0;0;0;0;0;0;0;0;0;0;0;0;0;0;0;0
384000,0.15,17,35,0,0,1e+300,0,0,0;0;0;0;0;0;0;0;0;0;0;0;0;0;0;0;0;0;0;0;0;0;0;0;0;0;0;0;0;0;0;0;0;0;0
384000,0.2,8,17,1,-94.9958,0.292969,14,0.0364583,0.000154344;-0.00141735;0.00141735;-0.00141735;0.00141735;-0.00141735;0.00511177;0.254257;0.483789;0.254257;0.00511177;-0.00141735;0.00141735;-0.00141735;0.00141735;-0.00141735;0.000154344
384000,0.2,9,19,1,-94.9987,0.195313,18,0.046875,-0.000562346;0.000961521;-0.000961521;0.000961521;-0.000961521;0.000961521;-0.000961521;0.000961521;0.253451;0.492299;0.253451;0.000961521;-0.000961521;0.000961521;-0.000961521;0.000961521;-0.000961521;0.000961521;-0.000562346
384000,0.2,10,21,1,-94.9969,26.9082,20,0.0520833,-0.00412727;0.00412727;0.00412727;0.00412727;-0.000389422;0.00412727;-0.00412727;-0.087479;0.0919614;0.325102;0.325102;0.325102;0.0919614;-0.087479;-0.00412727;0.00412727;-0.000389422;0.00412727;0.00412727;0.00412727;-0.00412727
384000,0.2,11,23,0,0,1e+300,0,0,0;0;0;0;0;0;0;0;0;0;0;0;0;0;0;0;0;0;0;0;0;0;0
384000,0.2,12,25,0,0,1e+300,0,0,0;0;0;0;0;0;0;0;0;0;0;0;0;0;0;0;0;0;0;0;0;0;0;0;0
384000,0.2,13,27,1,-94.9991,0.0976563,2,0.00520833,0.000148017;0.00048639;-0.00048639;0.00048639;-0.00048639;0.00048639;-0.00048639;0.00048639;-0.00048639;-0.00048639;-0.00048639;-0.00048639;0.252279;0.498063;0.252279;-0.00048639;-0.00048639;-0.00048639;-0.00048639;0.00048639;-0.00048639;0.00048639;-0.00048639;0.00048639;-0.00048639;0.00048639;0.000148017
384000,0.2,14,29,0,0,1e+300,0,0,0;0;0;0;0;0;0;0;0;0;0;0;0;0;0;0;0;0;0;0;0;0;0;0;0;0;0;0;0
384000,0.2,15,31,0,0,1e+300,0,0,0;0;0;0;0;0;0;0;0;0;0;0;0;0;0;0;0;0;0;0;0;0;0;0;0;0;0;0;0;0;0
384000,0.2,16,33,1,-94.9985,100,14,0.0364583,0.000267645;0.000267645;0.000267645;0.000267645;0.000267645;0.000267645;0.000267645;0.000267645;0.000267645;-0.115408;0.0661513;0.274068;-0.228588;-0.183804;0.274068;0.274068;0.274068;0.274068;0.274068;-0.183804;-0.228588;0.274068;0.0661513;-0.115408;0.000267645;0.000267645;0.000267645;0.000267645;0.000267645;0.000267645;0.000267645;0.000267645;0.000267645
384000,0.2,17,35,0,0,1e+300,0,0,0;0;0;0;0;0;0;0;0;0;0;0;0;0;0;0;0;0;0;0;0;0;0;0;0;0;0;0;0;0;0;0;0;0;0
384000,0.2,18,37,0,0,1e+300,0,0,0;0;0;0;0;0;0;0;0;0;0;0;0;0;0;0;0;0;0;0;0;0;0;0;0;0;0;0;0;0;0;0;0;0;0;0;0
384000,0.2,19,39,0,0,1e+300,0,0,0;0;0;0;0;0;0;0;0;0;0;0;0;0;0;0;0;0;0;0;0;0;0;0;0;0;0;0;0;0;0;0;0;0;0;0;0;0;0
384000,0.2,20,41,0,0,1e+300,0,0,0;0;0;0;0;0;0;0;0;0;0;0;0;0;0;0;0;0;0;0;0;0;0;0;0;0;0;0;0;0;0;0;0;0;0;0;0;0;0;0;0
384000,0.2,21,43,0,0,1e+300,0,0,0;0;0;0;0;0;0;0;0;0;0;0;0;0;0;0;0;0;0;0;0;0;0;0;0;0;0;0;0;0;0;0;0;0;0;0;0;0;0;0;0;0;0
384000,0.25,8,17,1,-94.9963,11.3281,16,0.0416667,0.0978448;-0.0667659;-0.102706;0.105587;-0.105587;0.105587;-0.105587;0.105587;0.93208;0.105587;-0.105587;0.105587;-0.105587;0.105587;-0.102706;-0.0667659;0.0978448
384000,0.25,9,19,1,-94.9967,0.195313,16,0.0416667,6.53569e-05;0.000925345;-0.000925345;0.000925345;-0.000925345;0.000925345;-0.000925345;0.0103311;0.252715;0.473777;0.252715;0.0103311;-0.000925345;0.000925345;-0.000925345;0.000925345;-0.000925345;0.000925345;6.53569e-05
384000,0.25,10,21,1,-95,0.0976563,4,0.0104167,0.000459031;-0.000459031;0.000459031;-0.000459031;0.000459031;-0.000459031;0.000459031;-0.000459031;0.0131377;0.251839;0.470047;0.251839;0.0131377;-0.000459031;0.000459031;-0.000459031;0.000459031;-0.000459031;0.000459031;-0.000459031;0.000459031
384000,0.25,11,23,0,0,1e+300,0,0,0;0;0;0;0;0;0;0;0;0;0;0;0;0;0;0;0;0;0;0;0;0;0
384000,0.25,12,25,0,0,1e+300,0,0,0;0;0;0;0;0;0;0;0;0;0;0;0;0;0;0;0;0;0;0;0;0;0;0;0
384000,0.25,13,27,1,-94.9937,100,22,0.0572917,0.000201754;0.000201754;-0.164542;0.16927;0.206596;-0.206596;0.154092;-0.206596;-0.206596;0.183831;0.0536474;0.206596;0.206596;0.206596;0.206596;0.206596;0.0536474;0.183831;-0.206596;-0.206596;0.154092;-0.206596;0.206596;0.16927;-0.164542;0.000201754;0.000201754
384000,0.25,14,29,0,0,1e+300,0,0,0;0;0;0;0;0;0;0;0;0;0;0;0;0;0;0;0;0;0;0;0;0;0;0;0;0;0;0;0
384000,0.25,15,31,0,0,1e+300,0,0,0;0;0;0;0;0;0;0;0;0;0;0;0;0;0;0;0;0;0;0;0;0;0;0;0;0;0;0;0;0;0
384000,0.25,16,33,0,0,1e+300,0,0,0;0;0;0;0;0;0;0;0;0;0;0;0;0;0;0;0;0;0;0;0;0;0;0;0;0;0;0;0;0;0;0;0
384000,0.25,17,35,0,0,1e+300,0,0,0;0;0;0;0;0;0;0;0;0;0;0;0;0;0;0;0;0;0;0;0;0;0;0;0;0;0;0;0;0;0;0;0;0;0
384000,0.25,18,37,0,0,1e+300,0,0,0;0;0;0;0;0;0;0;0;0;0;0;0;0;0;0;0;0;0;0;0;0;0;0;0;0;0;0;0;0;0;0;0;0;0;0;0
384000,0.3,8,17,1,-94.9958,0.195313,16,0.0416667,-0.000782652;-0.000782652;-0.000213521;-0.000782652;0.000782652;-0.000782652;0.0498503;0.252352;0.400718;0.252352;0.0498503;-0.000782652;0.000782652;-0.000782652;-0.000213521;-0.000782652;-0.000782652
384000,0.3,9,19,1,-94.9967,0.0976563,4,0.0104167,-0.000135052;0.000425733;-0.000425733;0.000425733;-0.000425733;0.000425733;-0.000425733;0.0307431;0.251417;0.435951;0.251417;0.0307431;-0.000425733;0.000425733;-0.000425733;0.000425733;-0.000425733;0.000425733;-0.000135052
384000,0.3,10,21,1,-95,1.24199,6,0.015625,-0.000390047;-0.000390047;0.000390047;-0.000390047;-0.000390047;0.000390047;-0.000390047;-0.00496061;0.0510717;0.255355;0.399408;0.255355;0.0510717;-0.00496061;-0.000390047;0.000390047;-0.000390047;-0.000390047;0.000390047;-0.000390047;-0.000390047
384000,0.3,11,23,0,0,1e+300,0,0,0;0;0;0;0;0;0;0;0;0;0;0;0;0;0;0;0;0;0;0;0;0;0
384000,0.3,12,25,0,0,1e+300,0,0,0;0;0;0;0;0;0;0;0;0;0;0;0;0;0;0;0;0;0;0;0;0;0;0;0
384000,0.3,13,27,1,-95,0.0976563,4,0.0104167,0.000425472;-7.92354e-05;-0.000425472;0.000425472;-0.000425472;0.000425472;-0.000425472;0.000425472;-0.000425472;0.000425472;-0.000425472;0.03054;0.251697;0.435684;0.251697;0.03054;-0.000425472;0.000425472;-0.000425472;0.000425472;-0.000425472;0.000425472;-0.000425472;0.000425472;-0.000425472;-7.92354e-05;0.000425472
384000,0.3,14,29,0,0,1e+300,0,0,0;0;0;0;0;0;0;0;0;0;0;0;0;0;0;0;0;0;0;0;0;0;0;0;0;0;0;0;0
384000,0.3,15,31,0,0,1e+300,0,0,0;0;0;0;0;0;0;0;0;0;0;0;0;0;0;0;0;0;0;0;0;0;0;0;0;0;0;0;0;0;0
384000,0.3,16,33,0,0,1e+300,0,0,0;0;0;0;0;0;0;0;0;0;0;0;0;0;0;0;0;0;0;0;0;0;0;0;0;0;0;0;0;0;0;0;0
384000,0.3,17,35,0,0,1e+300,0,0,0;0;0;0;0;0;0;0;0;0;0;0;0;0;0;0;0;0;0;0;0;0;0;0;0;0;0;0;0;0;0;0;0;0;0
384000,0.3,18,37,0,0,1e+300,0,0,0;0;0;0;0;0;0;0;0;0;0;0;0;0;0;0;0;0;0;0;0;0;0;0;0;0;0;0;0;0;0;0;0;0;0;0;0
384000,0.3,19,39,0,0,1e+300,0,0,0;0;0;0;0;0;0;0;0;0;0;0;0;0;0;0;0;0;0;0;0;0;0;0;0;0;0;0;0;0;0;0;0;0;0;0;0;0;0
384000,0.3,20,41,0,0,1e+300,0,0,0;0;0;0;0;0;0;0;0;0;0;0;0;0;0;0;0;0;0;0;0;0;0;0;0;0;0;0;0;0;0;0;0;0;0;0;0;0;0;0;0
384000,0.3,21,43,0,0,1e+300,0,0,0;0;0;0;0;0;0;0;0;0;0;0;0;0;0;0;0;0;0;0;0;0;0;0;0;0;0;0;0;0;0;0;0;0;0;0;0;0;0;0;0;0;0
384000,0.35,8,17,1,-94.9964,0.292969,16,0.0416667,0.0014479;-0.0014479;0.0014479;-0.0014479;0.0014479;-0.0014479;-0.0014479;0.254339;0.494217;0.254339;-0.0014479;-0.0014479;0.0014479;-0.0014479;0.0014479;-0.0014479;0.0014479
384000,0.35,9,19,1,-94.9967,0.0976563,4,0.0104167,0.000348916;0.000405114;-0.000405114;0.000405114;-0.000405114;0.000405114;-0.000405114;0.0413619;0.250871;0.414837;0.250871;0.0413619;-0.000405114;0.000405114;-0.000405114;0.000405114;-0.000405114;0.000405114;0.000348916
384000,0.35,10,21,1,-94.9854,0.195313,18,0.046875,-0.000183373;-0.000962261;0.000962261;-0.000962261;0.000962261;-0.000962261;0.000962261;-0.000962261;0.000962261;0.253845;0.492678;0.253845;0.000962261;-0.000962261;0.000962261;-0.000962261;0.000962261;-0.000962261;0.000962261;-0.000962261;-0.000183373
384000,0.35,11,23,0,0,1e+300,0,0,0;0;0;0;0;0;0;0;0;0;0;0;0;0;0;0;0;0;0;0;0;0;0
384000,0.35,12,25,0,0,1e+300,0,0,0;0;0;0;0;0;0;0;0;0;0;0;0;0;0;0;0;0;0;0;0;0;0;0;0
384000,0.35,13,27,1,-94.9974,4.66374,6,0.015625,0.000513708;-0.000359638;-0.000513708;0.000513708;-0.000513708;0.000513708;-0.000513708;0.000513708;-0.000513708;0.000513708;-0.024533;-0.0147184;0.276079;0.526037;0.276079;-0.0147184;-0.024533;0.000513708;-0.000513708;0.000513708;-0.000513708;0.000513708;-0.000513708;0.000513708;-0.000513708;-0.000359638;0.000513708
384000,0.35,14,29,0,0,1e+300,0,0,0;0;0;0;0;0;0;0;0;0;0;0;0;0;0;0;0;0;0;0;0;0;0;0;0;0;0;0;0
384000,0.35,15,31,0,0,1e+300,0,0,0;0;0;0;0;0;0;0;0;0;0;0;0;0;0;0;0;0;0;0;0;0;0;0;0;0;0;0;0;0;0
384000,0.35,16,33,1,-94.9851,100,32,0.0833333,-0.150572;-0.0246976;0.210517;0.145578;0.210517;-0.210517;-0.210517;-0.134469;-0.210517;0.210517;-0.0755062;0.210517;0.210517;0.210517;0.210517;-0.157451;0.110097;-0.157451;0.210517;0.210517;0.210517;0.210517;-0.0755062;0.210517;-0.210517;-0.134469;-0.210517;-0.210517;0.210517;0.145578;0.210517;-0.0246976;-0.150572
384000,0.35,17,35,0,0,1e+300,0,0,0;0;0;0;0;0;0;0;0;0;0;0;0;0;0;0;0;0;0;0;0;0;0;0;0;0;0;0;0;0;0;0;0;0;0
384000,0.4,8,17,1,-95,0.292969,16,0.0416667,0.000857884;-0.00143457;0.00143457;-0.00143457;0.00143457;-0.00143457;0.00143457;0.254308;0.489668;0.254308;0.00143457;-0.00143457;0.00143457;-0.00143457;0.00143457;-0.00143457;0.000857884
384000,0.4,9,19,1,-94.9995,0.0976562,4,0.0104167,0.000350656;-0.000350656;-0.000350656;-0.000350656;-0.000350656;-0.000350656;-0.000350656;0.0715119;0.250706;0.359071;0.250706;0.0715119;-0.000350656;-0.000350656;-0.000350656;-0.000350656;-0.000350656;-0.000350656;0.000350656
384000,0.4,10,21,1,-95,0.0976563,4,0.0104167,-0.000367698;0.00036667;0.000367698;-0.000367698;0.000367698;-0.000367698;0.000367698;-0.000367698;0.0610075;0.250732;0.376523;0.250732;0.0610075;-0.000367698;0.000367698;-0.000367698;0.000367698;-0.000367698;0.000367698;0.00036667;-0.000367698
384000,0.4,11,23,0,0,1e+300,0,0,0;0;0;0;0;0;0;0;0;0;0;0;0;0;0;0;0;0;0;0;0;0;0
384000,0.4,12,25,0,0,1e+300,0,0,0;0;0;0;0;0;0;0;0;0;0;0;0;0;0;0;0;0;0;0;0;0;0;0;0
384000,0.4,13,27,1,-94.9831,0.0976563,2,0.00520833,0.000352161;0.000482634;-0.000482634;0.000482634;-0.000482634;0.000482634;-0.000482634;0.000482634;-0.000482634;0.000482634;-0.000482634;0.000482634;0.252057;0.494217;0.252057;0.000482634;-0.000482634;0.000482634;-0.000482634;0.000482634;-0.000482634;0.000482634;-0.000482634;0.000482634;-0.000482634;0.000482634;0.000352161
384000,0.4,14,29,0,0,1e+300,0,0,0;0;0;0;0;0;0;0;0;0;0;0;0;0;0;0;0;0;0;0;0;0;0;0;0;0;0;0;0
384000,0.4,15,31,0,0,1e+300,0,0,0;0;0;0;0;0;0;0;0;0;0;0;0;0;0;0;0;0;0;0;0;0;0;0;0;0;0;0;0;0;0
384000,0.4,16,33,0,0,1e+300,0,0,0;0;0;0;0;0;0;0;0;0;0;0;0;0;0;0;0;0;0;0;0;0;0;0;0;0;0;0;0;0;0;0;0
384000,0.4,17,35,0,0,1e+300,0,0,0;0;0;0;0;0;0;0;0;0;0;0;0;0;0;0;0;0;0;0;0;0;0;0;0;0;0;0;0;0;0;0;0;0;0
384000,0.45,8,17,1,-94.9999,0.292969,16,0.0416667,0.000871726;-0.00143455;0.00143455;-0.00143455;0.00143455;-0.00143455;0.00143455;0.254299;0.489658;0.254299;0.00143455;-0.00143455;0.00143455;-0.00143455;0.00143455;-0.00143455;0.000871726
384000,0.45,9,19,1,-94.9967,0.0976563,4,0.0104167,0.000333171;-0.000333171;-0.000333171;-0.000333171;-0.000333171;-0.000333171;-0.000333171;0.0804206;0.250662;0.341167;0.250662;0.0804206;-0.000333171;-0.000333171;-0.000333171;-0.000333171;-0.000333171;-0.000333171;0.000333171
384000,0.45,10,21,1,-95.0027,27.4414,20,0.0520833,-0.0245494;0.0201906;0.0434351;-0.0433235;-0.0434351;-0.0434351;0.0371265;0.158283;0.158283;0.158283;0.158283;0.158283;0.158283;0.158283;0.0371265;-0.0434351;-0.0434351;-0.0433235;0.0434351;0.0201906;-0.0245494
384000,0.45,11,23,0,0,1e+300,0,0,0;0;0;0;0;0;0;0;0;0;0;0;0;0;0;0;0;0;0;0;0;0;0
384000,0.45,12,25,0,0,1e+300,0,0,0;0;0;0;0;0;0;0;0;0;0;0;0;0;0;0;0;0;0;0;0;0;0;0;0
384000,0.45,13,27,1,-94.9978,13.7695,26,0.0677083,0.043743;-0.043743;-0.043743;0.0248644;-0.043743;0.043743;0.043743;0.022562;-0.0239387;-6.92014e-06;-0.043743;0.043743;0.31768;0.31768;0.31768;0.043743;-0.043743;-6.92014e-06;-0.0239387;0.022562;0.043743;0.043743;-0.043743;0.0248644;-0.043743;-0.043743;0.043743
384000,0.45,14,29,0,0,1e+300,0,0,0;0;0;0;0;0;0;0;0;0;0;0;0;0;0;0;0;0;0;0;0;0;0;0;0;0;0;0;0
384000,0.45,15,31,0,0,1e+300,0,0,0;0;0;0;0;0;0;0;0;0;0;0;0;0;0;0;0;0;0;0;0;0;0;0;0;0;0;0;0;0;0
384000,0.45,16,33,0,0,1e+300,0,0,0;0;0;0;0;0;0;0;0;0;0;0;0;0;0;0;0;0;0;0;0;0;0;0;0;0;0;0;0;0;0;0;0
384000,0.45,17,35,0,0,1e+300,0,0,0;0;0;0;0;0;0;0;0;0;0;0;0;0;0;0;0;0;0;0;0;0;0;0;0;0;0;0;0;0;0;0;0;0;0
384000,0.5,8,17,1,-94.9996,51.2337,12,0.03125,0.000152105;-0.000152105;-0.0797993;-0.0613543;0.155755;0.155755;0.0960096;0.155755;0.155755;0.155755;0.0960096;0.155755;0.155755;-0.0613543;-0.0797993;-0.000152105;0.000152105
384000,0.5,9,19,1,-94.9967,0.0976562,4,0.0104167,0.000333171;-0.000333171;-0.000333171;-0.000333171;-0.000333171;-0.000333171;-0.000333171;0.0804206;0.250662;0.341167;0.250662;0.0804206;-0.000333171;-0.000333171;-0.000333171;-0.000333171;-0.000333171;-0.000333171;0.000333171
384000,0.5,10,21,1,-95,100,20,0.0520833,0.0641011;0.0607485;-0.224193;-0.224193;0.224193;0.224193;-0.0470873;0.0339199;0.155327;0.155327;0.155327;0.155327;0.155327;0.0339199;-0.0470873;0.224193;0.224193;-0.224193;-0.224193;0.0607485;0.0641011
384000,0.5,11,23,0,0,1e+300,0,0,0;0;0;0;0;0;0;0;0;0;0;0;0;0;0;0;0;0;0;0;0;0;0
384000,0.5,12,25,0,0,1e+300,0,0,0;0;0;0;0;0;0;0;0;0;0;0;0;0;0;0;0;0;0;0;0;0;0;0;0
384000,0.5,13,27,0,0,1e+300,0,0,0;0;0;0;0;0;0;0;0;0;0;0;0;0;0;0;0;0;0;0;0;0;0;0;0;0;0
384000,0.5,14,29,0,0,1e+300,0,0,0;0;0;0;0;0;0;0;0;0;0;0;0;0;0;0;0;0;0;0;0;0;0;0;0;0;0;0;0
384000,0.5,15,31,0,0,1e+300,0,0,0;0;0;0;0;0;0;0;0;0;0;0;0;0;0;0;0;0;0;0;0;0;0;0;0;0;0;0;0;0;0
384000,0.5,16,33,0,0,1e+300,0,0,0;0;0;0;0;0;0;0;0;0;0;0;0;0;0;0;0;0;0;0;0;0;0;0;0;0;0;0;0;0;0;0;0
384000,0.5,17,35,0,0,1e+300,0,0,0;0;0;0;0;0;0;0;0;0;0;0;0;0;0;0;0;0;0;0;0;0;0;0;0;0;0;0;0;0;0;0;0;0;0
